location_id,location_name,location_type,fetched_at,selected_rank,track_id,track_name,artist_names,view_count,youtube_url,global_track_count
0x1023e1c113185419:0x3224b5422caf411d,"Lomé, Maritime Region, Togo",CITY,2026-03-11T14:25:38.446933+00:00,1,G:O6bzk-hQHfo,Tout ira mieux (Faut pas m'appeler),Paki Chenzu,465409,https://www.youtube.com/watch?v=8GCtSxewbgM,3
0x1023e1c113185419:0xfaae5b301ad19360,Togo,COUNTRY,2026-03-11T14:54:28.876889+00:00,1,G:O6bzk-hQHfo,Tout ira mieux (Faut pas m'appeler),Paki Chenzu,500891,https://www.youtube.com/watch?v=8GCtSxewbgM,3
0x10240271c72888e1:0xb00847dfe8d02953,"Maritime Region, Togo",SUBCOUNTRY,2026-03-11T14:25:37.893687+00:00,1,G:O6bzk-hQHfo,Tout ira mieux (Faut pas m'appeler),Paki Chenzu,482263,https://www.youtube.com/watch?v=8GCtSxewbgM,3
0x103b8b2ae68280c1:0xdc9e87a367c3d9cb,"Lagos, Lagos, Nigeria",CITY,2026-03-11T14:09:20.935071+00:00,15,G:73XBRs73F_Q,Ko'rin Iyin,EmmaOMG,446504,https://www.youtube.com/watch?v=tyYfj-zAb_Q,2
0x103bf2bae227550d:0xe771ad7f1bbe89d6,"Lagos, Nigeria",SUBCOUNTRY,2026-03-11T14:09:20.681228+00:00,14,G:73XBRs73F_Q,Ko'rin Iyin,EmmaOMG,455666,https://www.youtube.com/watch?v=tyYfj-zAb_Q,2
0x104e0baf7da48d0d:0x99a8fe4168c50bc8,Nigeria,COUNTRY,2026-03-11T14:09:25.887948+00:00,13,G:9m5chNYPivk,EBUBE DIKE,Amb. Sis. Chinyere Udoma,769273,https://www.youtube.com/watch?v=3UQPY9QZSTM,3
0x104e6157ce3eeda9:0x32af1c368be32dfc,"Federal Capital Territory, Nigeria",SUBCOUNTRY,2026-03-11T14:09:23.935225+00:00,19,G:qgnh1jINdzE,No Turning Back II,"Gaise Baba, Lawrence Oyor",77483,https://www.youtube.com/watch?v=dkPClcO4Whw,1
0x104e745f4cd62fd9:0x53bd17b4a20ea12b,"Abuja, Federal Capital Territory, Nigeria",CITY,2026-03-11T14:09:23.981505+00:00,2,G:WzI1J7nS9pQ,Aure,Danmusa New Prince,128958,https://www.youtube.com/watch?v=0I4J1ZXwkEY,2
0x1061128be2e1fe6d:0x92daa1444781c48b,"Douala, Littoral Region, Cameroon",CITY,2026-03-11T15:23:44.998649+00:00,16,G:FGQObUhehes,Johnny,Grace Decca,61649,https://www.youtube.com/watch?v=7POY73GoFvs,2
0x1061128be2e1fe6d:0x9b97ebb6b92a3439,"Littoral Region, Cameroon",SUBCOUNTRY,2026-03-11T14:17:18.696455+00:00,16,G:FGQObUhehes,Johnny,Grace Decca,61663,https://www.youtube.com/watch?v=7POY73GoFvs,2
0x10613753703e0f21:0x2b03c44599829b53,Cameroon,COUNTRY,2026-03-11T15:26:29.556978+00:00,14,G:CLBfzpnXo-o,Challenge,Grace Decca,168589,https://www.youtube.com/watch?v=zKhjUc_vHEY,3
0x107f3b8a5438f3ed:0x54e39df15ed195cc,"Estuaire, Gabon",SUBCOUNTRY,2026-03-11T14:25:43.909248+00:00,1,G:mqMVNErJhbg,Bien comme ça,NZ BENKS,436846,https://www.youtube.com/watch?v=V7_L2TSQdWY,3
0x107f3b8a5438f3ed:0x7b0cc30e36786b15,Gabon,COUNTRY,2026-03-11T15:26:32.308406+00:00,20,G:jgTsUZieZZU,Emmanuel,Michaél MANYA,124334,https://www.youtube.com/watch?v=piIhMw8sT8w,1
0x107f3b8a5438f3ed:0x7bc2e2f27cd22bc2,"Libreville, Estuaire, Gabon",CITY,2026-03-11T14:25:49.760056+00:00,1,G:mqMVNErJhbg,Bien comme ça,NZ BENKS,433515,https://www.youtube.com/watch?v=V7_L2TSQdWY,3
0x108bcf7a309a7977:0x4740934483632569,"Centre Region, Cameroon",SUBCOUNTRY,2026-03-11T14:23:44.218398+00:00,15,G:42PZuv51lQs,Koulos,Cysoul,65034,https://www.youtube.com/watch?v=xZXP6HTGWXM,2
0x108bcf7a309a7977:0x7f54bad35e693c51,"Yaoundé, Centre Region, Cameroon",CITY,2026-03-11T14:23:37.905055+00:00,15,G:42PZuv51lQs,Koulos,Cysoul,64688,https://www.youtube.com/watch?v=xZXP6HTGWXM,2
0x125595448316a4e1:0x3a84333aaa019bef,Tunisia,COUNTRY,2026-03-11T14:16:03.378564+00:00,16,G:WvXCIV7CUuI,Yeser Wja3tek,Young Rz,700091,https://www.youtube.com/watch?v=vFoQY50CoI4,3
0x12979259c61ac757:0xc40d5406c3d058c6,"Palma, Balearic Islands, Spain",CITY,2026-03-11T14:45:14.417839+00:00,20,G:69smFiORn10,Lokita Por Mí,"Romeo Santos, Prince Royce",22226,https://www.youtube.com/watch?v=NtLFfh2-yec,14
0x1297925adc696257:0xff870321fba54d15,"Balearic Islands, Spain",SUBCOUNTRY,2026-03-11T14:54:52.777553+00:00,15,G:nvv6nJynKOE,MVLAN,"YOVNGCHIMI, JC Reyes",45335,https://www.youtube.com/watch?v=7p2hYjsNIg8,104
0x129946bc6d9d1985:0xb6ca1af29357fa88,"Eivissa, Balearic Islands, Spain",CITY,2026-03-11T14:54:44.723748+00:00,8,G:gjGaz-6jssU,You,Maiba,3679,https://www.youtube.com/watch?v=Ku9JBylfsjA,1
0x12a150e4b86d9e5d:0x2e2190d249deced2,"Reus, Catalonia, Spain",CITY,2026-03-11T15:25:50.532059+00:00,19,G:68H_4LsWfdk,"Daddy Yankee: Bzrp Music Sessions, Vol. 0/66","Bizarrap, Daddy Yankee",3373,https://www.youtube.com/watch?v=qNw8ejrI0nM,61
0x12a3fcdbd3ddf159:0x920569a71387a3b2,"Tarragona, Catalonia, Spain",CITY,2026-03-11T15:26:06.521742+00:00,19,G:XgcNa83-6fs,LOQUITA,"JC Reyes, Slayter",7805,https://www.youtube.com/watch?v=pqx9Ew0Ror0,42
0x12a45bdc8530f5f3:0x100fae021a3c850,"Catalonia, Spain",SUBCOUNTRY,2026-03-11T14:10:52.655100+00:00,19,G:68H_4LsWfdk,"Daddy Yankee: Bzrp Music Sessions, Vol. 0/66","Bizarrap, Daddy Yankee",295345,https://www.youtube.com/watch?v=qNw8ejrI0nM,61
0x12a49177f830e3c5:0xfaeb6982d5b8dffe,"Rubí, Catalonia, Spain",CITY,2026-03-11T15:25:56.787503+00:00,19,G:xwWu785GSTg,Bailando Bachata,Chayanne,2123,https://www.youtube.com/watch?v=dsLjyLn859g,69
0x12a492e820fabbfd:0xab0d33c5f2c73098,"Terrassa, Catalonia, Spain",CITY,2026-03-11T15:26:09.090972+00:00,20,G:xwWu785GSTg,Bailando Bachata,Chayanne,8080,https://www.youtube.com/watch?v=dsLjyLn859g,69
0x12a494fd00277675:0x3691e3615821df42,"Sabadell, Catalonia, Spain",CITY,2026-03-11T15:25:57.953145+00:00,19,G:68H_4LsWfdk,"Daddy Yankee: Bzrp Music Sessions, Vol. 0/66","Bizarrap, Daddy Yankee",7320,https://www.youtube.com/watch?v=qNw8ejrI0nM,61
0x12a49816718e30e5:0x44b0fb3d4f47660a,"Barcelona, Catalonia, Spain",CITY,2026-03-11T14:10:53.577567+00:00,18,G:68H_4LsWfdk,"Daddy Yankee: Bzrp Music Sessions, Vol. 0/66","Bizarrap, Daddy Yankee",151954,https://www.youtube.com/watch?v=qNw8ejrI0nM,61
0x12a498e7672e0317:0x36127a984f4c05d5,"L'Hospitalet de Llobregat, Catalonia, Spain",CITY,2026-03-11T14:39:47.427334+00:00,14,G:69smFiORn10,Lokita Por Mí,"Romeo Santos, Prince Royce",10961,https://www.youtube.com/watch?v=NtLFfh2-yec,14
0x12a4995b21dba8f9:0x400fae021a40690,"Cornellà de Llobregat, Catalonia, Spain",CITY,2026-03-11T15:25:12.502200+00:00,18,G:68H_4LsWfdk,"Daddy Yankee: Bzrp Music Sessions, Vol. 0/66","Bizarrap, Daddy Yankee",2381,https://www.youtube.com/watch?v=qNw8ejrI0nM,61
0x12a4b518d7addc71:0xd6b932f372b5918,"Mataró, Catalonia, Spain",CITY,2026-03-11T14:41:22.537187+00:00,14,G:ERwqIwEt82Y,NI BORRACHO,Quevedo,4159,https://www.youtube.com/watch?v=Cp2nGBXIkfE,111
0x12a4bc87d8dda1f5:0x62a5c003c7b27b8,"Santa Coloma de Gramenet, Catalonia, Spain",CITY,2026-03-11T14:49:13.691780+00:00,20,G:69smFiORn10,Lokita Por Mí,"Romeo Santos, Prince Royce",2339,https://www.youtube.com/watch?v=NtLFfh2-yec,14
0x12a4c7cf4242446d:0x1c7b5f146fbca228,"Granollers, Catalonia, Spain",CITY,2026-03-11T14:37:05.422620+00:00,18,G:O3uq07UKpw8,Yo Lo Viví,"Cyril Kamer, Moha The B",2348,https://www.youtube.com/watch?v=3yFWAOXaEnM,1
0x12a58b37391355b1:0x400946e3e81b020,"Andorra la Vella, Andorra",SUBCOUNTRY,2026-03-11T15:26:26.206034+00:00,15,G:Fyc6Eml-UnM,top diesel,Beéle,3215,https://www.youtube.com/watch?v=8H61_9M6IUs,110
0x12a5f52e989ef095:0x7c93ed778ea7f92,Andorra,COUNTRY,2026-03-11T15:26:26.294598+00:00,20,G:EjHixtoHZ4I,mi refe,"Beéle, Ovy On The Drums",4286,https://www.youtube.com/watch?v=w8l33K5D5CI,1
0x12a6e048e73bd37f:0xa0d32ea2d259aaaf,"Lleida, Catalonia, Spain",CITY,2026-03-11T14:40:13.869786+00:00,19,G:ERwqIwEt82Y,NI BORRACHO,Quevedo,4326,https://www.youtube.com/watch?v=Cp2nGBXIkfE,111
0x12a9d38abcf194c3:0x47bfee34eecc4749,"Tarbes, Occitanie, France",CITY,2026-03-11T15:26:05.603950+00:00,17,G:lwCEaqSq7dY,Minimum ça,Dr. Yaro,1495,https://www.youtube.com/watch?v=Xjws8nS606Q,6
0x12ac0de6de9463e9:0xc7fb153793253908,"Montauban, Occitanie, France",CITY,2026-03-11T14:41:54.213714+00:00,18,G:zeCcrNEpV50,Tour du monde (feat. L2B),Soolking,1827,https://www.youtube.com/watch?v=j5iOQ9qgThg,10
0x12adc2b17997b70b:0x406f69c2f3bf0e0,"Albi, Occitanie, France",CITY,2026-03-11T14:31:54.116555+00:00,20,G:lwCEaqSq7dY,Minimum ça,Dr. Yaro,1426,https://www.youtube.com/watch?v=Xjws8nS606Q,6
0x12ae2c390116bd8b:0xe28fdf3b77a114c7,"Carcassonne, Occitanie, France",CITY,2026-03-11T14:35:05.273059+00:00,17,G:Ma2U_G099F4,Georgina,"Naps, Alonzo, TK",1577,https://www.youtube.com/watch?v=eS8KyUq3-CM,11
0x12aebb6fec7552ff:0x406f69c2f411030,"Toulouse, Occitanie, France",CITY,2026-03-11T14:06:03.182839+00:00,15,G:JChbmj_IEsI,Coco Chanel,"Meryl, Eva",72070,https://www.youtube.com/watch?v=sbuQWfvihSw,42
0x12b06e4e80fd88fd:0x1c83306520f2dd4f,"Perpignan, Occitanie, France",CITY,2026-03-11T14:45:45.038643+00:00,17,G:zeCcrNEpV50,Tour du monde (feat. L2B),Soolking,4171,https://www.youtube.com/watch?v=j5iOQ9qgThg,10
0x12b10e6c47d808ff:0x4078821166acd10,"Béziers, Occitanie, France",CITY,2026-03-11T14:33:05.657655+00:00,11,G:Ma2U_G099F4,Georgina,"Naps, Alonzo, TK",3631,https://www.youtube.com/watch?v=eS8KyUq3-CM,11
0x12b1ab414900fb89:0x4078821166d23a0,"Narbonne, Occitanie, France",CITY,2026-03-11T14:43:16.817965+00:00,19,G:zeCcrNEpV50,Tour du monde (feat. L2B),Soolking,1442,https://www.youtube.com/watch?v=j5iOQ9qgThg,10
0x12b203acd3766d47:0xabb312b3683bc95c,"Languedoc-Roussillon-Midi-Pyrenees, FR",SUBCOUNTRY,2026-03-11T14:56:13.583604+00:00,15,G:Sfc-yHvXysg,PILIER,Ninho,232862,https://www.youtube.com/watch?v=dIJuNqS9c3w,62
0x12b42d0bd6e85339:0xde88134f9f200c03,"Nîmes, Occitanie, France",CITY,2026-03-11T14:43:42.512170+00:00,19,G:Ma2U_G099F4,Georgina,"Naps, Alonzo, TK",4260,https://www.youtube.com/watch?v=eS8KyUq3-CM,11
0x12b4424287b7d8e3:0x4078821166b4830,"Alès, Occitanie, France",CITY,2026-03-11T14:32:03.206352+00:00,7,G:HnREdMNj-gs,Autrement,Julien Lieb,1845,https://www.youtube.com/watch?v=Euih-rtRJIo,1
0x12b5eb8739bc9d07:0xe6429b6efa1d7b36,"Avignon, Provence-Alpes-Côte d'Azur, France",CITY,2026-03-11T14:16:30.504270+00:00,11,G:Ma2U_G099F4,Georgina,"Naps, Alonzo, TK",3387,https://www.youtube.com/watch?v=eS8KyUq3-CM,11
0x12b668198af953ad:0xb71690263d16d1a7,"Provence-Alpes-Côte d'Azur, France",SUBCOUNTRY,2026-03-11T14:05:34.486366+00:00,17,G:Ma2U_G099F4,Georgina,"Naps, Alonzo, TK",181944,https://www.youtube.com/watch?v=eS8KyUq3-CM,11
0x12b6af0725dd9db1:0xad8756742894e802,"Montpellier, Occitanie, France",CITY,2026-03-11T14:41:58.097908+00:00,14,G:Ma2U_G099F4,Georgina,"Naps, Alonzo, TK",32476,https://www.youtube.com/watch?v=eS8KyUq3-CM,11
0x12ba8de7daf77b2d:0x2f451468ac1a35cb,"Figueres, Catalonia, Spain",CITY,2026-03-11T14:36:26.260837+00:00,18,G:xwWu785GSTg,Bailando Bachata,Chayanne,1901,https://www.youtube.com/watch?v=dsLjyLn859g,69
0x12bae72798c8fdab:0xaf3845b6a5296a6f,"Girona, Catalonia, Spain",CITY,2026-03-11T14:36:51.887148+00:00,20,G:xwWu785GSTg,Bailando Bachata,Chayanne,4182,https://www.youtube.com/watch?v=dsLjyLn859g,69
0x12c9034047a1d23b:0x40819a5fd8fc8e0,"La Seyne-sur-Mer, Provence-Alpes-Côte d'Azur, France",CITY,2026-03-11T14:39:50.736970+00:00,18,G:Ma2U_G099F4,Georgina,"Naps, Alonzo, TK",1709,https://www.youtube.com/watch?v=eS8KyUq3-CM,11
0x12c91b027b35b2fd:0x40819a5fd8fc830,"Toulon, Provence-Alpes-Côte d'Azur, France",CITY,2026-03-11T14:16:21.981846+00:00,20,G:wZE2rsu43Q4,Phénoménal,JuL,4254,https://www.youtube.com/watch?v=wQpn095lyeM,11
0x12c923a2707e1cef:0x69c1ae211f94ed6b,"Hyères, Provence-Alpes-Côte d'Azur, France",CITY,2026-03-11T14:38:36.489523+00:00,16,G:wZE2rsu43Q4,Phénoménal,JuL,1292,https://www.youtube.com/watch?v=wQpn095lyeM,11
0x12c98da304b91259:0x5cb953bec8b688a3,"Aix-en-Provence, Provence-Alpes-Côte d'Azur, France",CITY,2026-03-11T14:16:23.051379+00:00,12,G:qd62gTKba88,Soleil Bleu,"Bleu Soleil, LUIZA",3607,https://www.youtube.com/watch?v=nd8RD3tjNQE,106
0x12c9bf4344da5333:0x40819a5fd970220,"Marseille, Provence-Alpes-Côte d'Azur, France",CITY,2026-03-11T14:06:08.372742+00:00,11,G:Ma2U_G099F4,Georgina,"Naps, Alonzo, TK",76741,https://www.youtube.com/watch?v=eS8KyUq3-CM,11
0x12cdc26f7b3f8531:0x74f7784c3ac49cfc,Monaco,COUNTRY,2026-03-11T14:53:47.994327+00:00,20,G:ZEekN3HxHkc,Sara' Perche Ti Amo,Ricchi e Poveri,556,https://www.youtube.com/watch?v=Nn1IeHL5DHY,10
0x12cdd0106a852d31:0x40819a5fd979a70,"Nice, Provence-Alpes-Côte d'Azur, France",CITY,2026-03-11T14:16:29.617327+00:00,6,G:Sfc-yHvXysg,PILIER,Ninho,36128,https://www.youtube.com/watch?v=dIJuNqS9c3w,62
0x12cdd5459e5a91a9:0x40819a5fd979fb0,"Antibes, Provence-Alpes-Côte d'Azur, France",CITY,2026-03-11T14:32:08.994955+00:00,19,G:QlwNM6i8ey0,CIEL,GIMS,1884,https://www.youtube.com/watch?v=KG6ft_YDp5k,68
0x12ce8180530cffff:0x40819a5fd979e20,"Cannes, Provence-Alpes-Côte d'Azur, France",CITY,2026-03-11T14:16:25.128973+00:00,18,G:Sfc-yHvXysg,PILIER,Ninho,2100,https://www.youtube.com/watch?v=dIJuNqS9c3w,62
0x12ce983498604e77:0x40819a5fd8fccf0,"Fréjus, Provence-Alpes-Côte d'Azur, France",CITY,2026-03-11T14:36:28.195126+00:00,16,G:wZE2rsu43Q4,Phénoménal,JuL,1646,https://www.youtube.com/watch?v=wQpn095lyeM,11
0x12d2e2194379ba8d:0xe35a73e8b9959237,"Savona, Liguria, Italy",CITY,2026-03-11T14:22:01.993883+00:00,20,G:M885f4SnSmo,Per due come noi,"Olly, Angelina Mango, Juli",882,https://www.youtube.com/watch?v=nVa0GPeuVk4,5
0x12d31265d82c4fb5:0x105e67d473c7c90,"Liguria, Italy",SUBCOUNTRY,2026-03-11T14:22:07.112562+00:00,20,G:M885f4SnSmo,Per due come noi,"Olly, Angelina Mango, Juli",31062,https://www.youtube.com/watch?v=nVa0GPeuVk4,5
0x12d34152dcd49aad:0x236a84f11881620a,"Genoa, Liguria, Italy",CITY,2026-03-11T14:22:10.536072+00:00,20,G:M885f4SnSmo,Per due come noi,"Olly, Angelina Mango, Juli",21835,https://www.youtube.com/watch?v=nVa0GPeuVk4,5
0x12d42b531080347b:0xbac6c3ba5b2059ab,"Tuscany, Italy",SUBCOUNTRY,2026-03-11T14:56:11.572095+00:00,18,G:_762zu3ExXo,Stupida sfortuna,Fulminacci,90310,https://www.youtube.com/watch?v=BeZNrFK-NkA,7
0x12d4fe82448dd203:0xe22cf55c24635e6f,Italy,COUNTRY,2026-03-11T14:08:17.461683+00:00,17,G:aghlREb-xVU,CANZONE D'AMORE,Geolier,2956536,https://www.youtube.com/watch?v=BocD68vPpgA,18
0x12d5839a50ed08ef:0x792a2692654dd9e1,"Lucca, Tuscany, Italy",CITY,2026-03-11T14:40:23.292819+00:00,18,G:T0AocmAXnxE,ITALIA STARTER PACK,J-Ax,7525,https://www.youtube.com/watch?v=pja8q8lQV5E,21
0x12d5919af0f6598f:0xaab80fb5a78478c8,"Pisa, Tuscany, Italy",CITY,2026-03-11T14:46:24.039129+00:00,17,G:_762zu3ExXo,Stupida sfortuna,Fulminacci,5180,https://www.youtube.com/watch?v=BeZNrFK-NkA,7
0x12d72403b09b0971:0xa88522ec71a1cb8d,"Corsica, France",SUBCOUNTRY,2026-03-11T14:54:56.230255+00:00,9,G:kmWSHvIz1Ow,Mi ne vogu,Vitalba,6749,https://www.youtube.com/watch?v=J7d4eISqp80,2
0x12da69b3d29d2383:0x40819a5fd955f00,"Ajaccio, Corsica, France",CITY,2026-03-11T14:31:56.296101+00:00,14,G:kmWSHvIz1Ow,Mi ne vogu,Vitalba,1408,https://www.youtube.com/watch?v=J7d4eISqp80,2
0x12dc63e755ca7817:0x95eb87d0ec50e2a4,"Sassari, Sardinia, Italy",CITY,2026-03-11T14:49:20.520575+00:00,16,G:e1c4UCC-jZE,LA CURA PER ME,Giorgia,3870,https://www.youtube.com/watch?v=-ixB0yDkLO4,18
0x12dd9be7ed5515ed:0xa58565a678eb8601,"Oristano, Sardinia, Italy",CITY,2026-03-11T14:55:48.795229+00:00,19,G:QnSiTaXOSXY,a me mi piace,"Alfa, Manu Chao",536,https://www.youtube.com/watch?v=angcmZKUGl8,1
0x12ddc51cd2bee21d:0x108be15cb0e7d60,"Sardinia, Italy",SUBCOUNTRY,2026-03-11T14:55:47.901728+00:00,20,G:e1c4UCC-jZE,LA CURA PER ME,Giorgia,35182,https://www.youtube.com/watch?v=-ixB0yDkLO4,18
0x12e0cba54774c02d:0xd789d446b991e88f,"Quartu Sant'Elena, Sardinia, Italy",CITY,2026-03-11T15:25:46.815782+00:00,13,G:e1c4UCC-jZE,LA CURA PER ME,Giorgia,2051,https://www.youtube.com/watch?v=-ixB0yDkLO4,18
0x12e73415b68e1ca3:0x201e1506cf816eb1,"Cagliari, Sardinia, Italy",CITY,2026-03-11T14:34:55.707828+00:00,19,G:DT_YCS8Hsr0,2 GIORNI DI FILA (feat. Sfera Ebbasta & ANNA),Geolier,16275,https://www.youtube.com/watch?v=DARaCthndZU,18
0x12fd337f5e7ef543:0x45d2b53871cf0db3,"Tunis Governorate, Tunisia",SUBCOUNTRY,2026-03-11T14:15:20.874636+00:00,13,G:WvXCIV7CUuI,Yeser Wja3tek,Young Rz,420609,https://www.youtube.com/watch?v=vFoQY50CoI4,3
0x12fd337f5e7ef543:0xd671924e714a0275,"Tunis, Tunis Governorate, Tunisia",CITY,2026-03-11T14:15:13.452979+00:00,14,G:WvXCIV7CUuI,Yeser Wja3tek,Young Rz,419971,https://www.youtube.com/watch?v=vFoQY50CoI4,3
0x12fd8bd09b4519f1:0xfc250dedba8f0bc6,"Sousse Governorate, Tunisia",SUBCOUNTRY,2026-03-11T14:15:22.014340+00:00,18,G:Xg-Lwlt4egw,احلام,Ahlam El-Yamani,65735,https://www.youtube.com/watch?v=sntKAab_pIM,2
0x130275759ac9d10d:0x698e3915682cef7d,"Sousse, Sousse Governorate, Tunisia",CITY,2026-03-11T14:15:23.901279+00:00,18,G:Xg-Lwlt4egw,احلام,Ahlam El-Yamani,59280,https://www.youtube.com/watch?v=sntKAab_pIM,2
0x130e45281d8647c5:0xf582d86136be4239,Malta,COUNTRY,2026-03-11T14:53:54.958317+00:00,16,G:nCHjnAyE--Q,"Give Me Everything (feat. NE-YO, AFROJACK & Nayer)",Pitbull,23227,https://www.youtube.com/watch?v=EPo5wWmKEaI,1
0x130e4e698d84e505:0x600c991898dd0537,"St. Paul's Bay, Malta",CITY,2026-03-11T14:53:50.857473+00:00,1,G:yefxv4ZK6CE,Bored in the Supermarket,The Busker,10852,https://www.youtube.com/watch?v=juGWn68Y3P4,2
0x13106268d05359b3:0x10b042967b67d50,"Sicily, Italy",SUBCOUNTRY,2026-03-11T14:08:17.082507+00:00,17,G:Jb6avV47CYI,Pronto amore (feat. Giusy Attanasio),Kekko Dany,222902,https://www.youtube.com/watch?v=ImWXStTa26A,3
0x1313ce8da28bdf79:0xd1736683b2c58b87,"Syracuse, Sicily, Italy",CITY,2026-03-11T14:50:49.426386+00:00,19,G:JAltLArPcnU,OH MA,"Rocco Hunt, Noemi",4010,https://www.youtube.com/watch?v=IJf5xsNoZMM,10
0x1313e2dd761525b5:0x58fe876151c83cf0,"Catania, Sicily, Italy",CITY,2026-03-11T14:35:20.202421+00:00,20,G:Jb6avV47CYI,Pronto amore (feat. Giusy Attanasio),Kekko Dany,35828,https://www.youtube.com/watch?v=ImWXStTa26A,3
0x13144c2b02b8cde1:0x201eca06d521f25d,"Messina, Sicily, Italy",CITY,2026-03-11T14:41:31.883757+00:00,17,G:JAltLArPcnU,OH MA,"Rocco Hunt, Noemi",9630,https://www.youtube.com/watch?v=IJf5xsNoZMM,10
0x1319e8c9814ed099:0xa0b042c233bd880,"Palermo, Sicily, Italy",CITY,2026-03-11T14:08:14.068762+00:00,8,G:Jb6avV47CYI,Pronto amore (feat. Giusy Attanasio),Kekko Dany,125756,https://www.youtube.com/watch?v=ImWXStTa26A,3
0x1324eee6353a6535:0x6f4a9064f1a38529,"Lazio, Italy",SUBCOUNTRY,2026-03-11T14:08:10.588847+00:00,14,G:aghlREb-xVU,CANZONE D'AMORE,Geolier,553338,https://www.youtube.com/watch?v=BocD68vPpgA,18
0x13250c7874e571ab:0xaa91d7c1d4d7bd77,"Latina, Lazio, Italy",CITY,2026-03-11T14:20:30.542118+00:00,18,G:a0LdJP_FAqU,Incoscienti Giovani,Achille Lauro,1411,https://www.youtube.com/watch?v=qU-KFzHN1wM,1
0x132a2cbf34bf5313:0x5d731212f12343e3,"Siena, Tuscany, Italy",CITY,2026-03-11T14:49:44.625644+00:00,16,G:_762zu3ExXo,Stupida sfortuna,Fulminacci,1881,https://www.youtube.com/watch?v=BeZNrFK-NkA,7
0x132a56a680d2d6ad:0x93d57917efc72a03,"Florence, Tuscany, Italy",CITY,2026-03-11T14:36:19.350899+00:00,17,G:_762zu3ExXo,Stupida sfortuna,Fulminacci,32538,https://www.youtube.com/watch?v=BeZNrFK-NkA,7
0x132ab57c46f385dd:0x1079b0bfcba7ca0,"Emilia-Romagna, Italy",SUBCOUNTRY,2026-03-11T14:08:12.804600+00:00,15,G:T0AocmAXnxE,ITALIA STARTER PACK,J-Ax,142425,https://www.youtube.com/watch?v=pja8q8lQV5E,21
0x132af6118da49cb9:0x3af0779d39b68e,"Prato, Tuscany, Italy",CITY,2026-03-11T14:48:07.903044+00:00,16,G:_762zu3ExXo,Stupida sfortuna,Fulminacci,4781,https://www.youtube.com/watch?v=BeZNrFK-NkA,7
0x132b57f32bed8949:0x6b55b33505a6874,"Forli, Emilia-Romagna, Italy",CITY,2026-03-11T14:27:42.595060+00:00,18,G:4CKTh-a7vJQ,Resta Con Me,Bambole Di Pezza,3005,https://www.youtube.com/watch?v=iQ7qhmP5U-g,1
0x132ca4d41ed493c1:0xbee0ab1075577a47,"Cesena, Emilia-Romagna, Italy",CITY,2026-03-11T14:35:24.704922+00:00,20,G:tM7LbXxsnPM,MALE NECESSARIO,"Fedez, Marco Masini",1897,https://www.youtube.com/watch?v=3czqr_7A5mg,31
0x132cc3a48fa6592b:0xc1f284db17f1449d,"Rimini, Emilia-Romagna, Italy",CITY,2026-03-11T14:27:39.284839+00:00,20,G:T0AocmAXnxE,ITALIA STARTER PACK,J-Ax,8400,https://www.youtube.com/watch?v=pja8q8lQV5E,21
0x132d7fbb94227e3d:0x4b1674874c3a60d1,"Marche, Italy",SUBCOUNTRY,2026-03-11T14:14:42.373649+00:00,17,G:bqZMd6eByBQ,AMOR,Achille Lauro,46093,https://www.youtube.com/watch?v=v1cyMWcoh6M,21
0x132d802a2447a9c3:0xfad5680543fc5ac,"Ancona, Marche, Italy",CITY,2026-03-11T14:14:40.200554+00:00,15,G:40eEjlJNMWQ,Questa domenica,"Olly, Juli",9579,https://www.youtube.com/watch?v=Qa4rIEg8Bhk,24
0x132d996d21c311a5:0x365867b9f116bdec,"Iesi, Marche, Italy",CITY,2026-03-11T14:14:42.490189+00:00,18,G:e1c4UCC-jZE,LA CURA PER ME,Giorgia,1022,https://www.youtube.com/watch?v=-ixB0yDkLO4,18
0x132e99ce6f80fd7d:0x9c0847e0b2bf6282,"Umbria, Italy",SUBCOUNTRY,2026-03-11T14:26:23.242063+00:00,17,G:bqZMd6eByBQ,AMOR,Achille Lauro,12397,https://www.youtube.com/watch?v=v1cyMWcoh6M,21
0x132ea08cea51c34f:0xce39eb2a884fc7f4,"Perugia, Umbria, Italy",CITY,2026-03-11T14:26:18.165103+00:00,20,G:_762zu3ExXo,Stupida sfortuna,Fulminacci,3169,https://www.youtube.com/watch?v=BeZNrFK-NkA,7
0x132efb44daf819f3:0x6be10bf1daf18dc2,"Terni, Umbria, Italy",CITY,2026-03-11T14:26:12.442959+00:00,15,G:bqZMd6eByBQ,AMOR,Achille Lauro,2226,https://www.youtube.com/watch?v=v1cyMWcoh6M,21
0x132f6196f9928ebb:0xb90f770693656e38,"Rome, Lazio, Italy",CITY,2026-03-11T14:08:12.490928+00:00,13,G:aghlREb-xVU,CANZONE D'AMORE,Geolier,511361,https://www.youtube.com/watch?v=BocD68vPpgA,18
0x13303577b894aa23:0x1094f9ab2387cf0,"Abruzzo, Italy",SUBCOUNTRY,2026-03-11T14:12:56.207333+00:00,15,G:bqZMd6eByBQ,AMOR,Achille Lauro,42869,https://www.youtube.com/watch?v=v1cyMWcoh6M,21
0x1331a60db9286477:0xa0b89e89b22cbfe2,"Pescara, Abruzzo, Italy",CITY,2026-03-11T14:12:53.850492+00:00,16,G:aghlREb-xVU,CANZONE D'AMORE,Geolier,22898,https://www.youtube.com/watch?v=BocD68vPpgA,18
0x1331ac291fe9f837:0x4094f9ab239f690,"Chieti, Abruzzo, Italy",CITY,2026-03-11T14:12:48.957407+00:00,18,G:wgwA7MFFvuI,Ora che non ho più te,Cesare Cremonini,2116,https://www.youtube.com/watch?v=LESn4LFOfes,5
0x133441080add95ed:0xa0f3c024e1661b7f,Croatia,COUNTRY,2026-03-11T15:26:35.127394+00:00,7,G:2lVZ75yWyjU,Pala Si,Klapa Rišpet,372065,https://www.youtube.com/watch?v=AbyuDe-7BHM,8
0x13355dfc6bbcf517:0xa1798ff631b49f98,"Split, Split-Dalmatia County, Croatia",CITY,2026-03-11T14:27:43.497864+00:00,14,G:oIQTC4TIkiQ,Šibenik,"Vojko V, PEKI",21356,https://www.youtube.com/watch?v=iuyqJv049Io,2
0x1335612655a56cd9:0x300ad50862bb520,"Split-Dalmatia County, Croatia",SUBCOUNTRY,2026-03-11T14:27:43.136185+00:00,16,G:oIQTC4TIkiQ,Šibenik,"Vojko V, PEKI",26870,https://www.youtube.com/watch?v=iuyqJv049Io,2
0x1336e42b8db993dd:0x396fba70f8247c8f,"Apulia, Italy",SUBCOUNTRY,2026-03-11T14:54:40.440062+00:00,19,G:JAltLArPcnU,OH MA,"Rocco Hunt, Noemi",173013,https://www.youtube.com/watch?v=IJf5xsNoZMM,10
0x1339d8575b9fd9e9:0x5efeebcd6ba7861b,"Foggia, Apulia, Italy",CITY,2026-03-11T14:36:23.794869+00:00,16,G:JAltLArPcnU,OH MA,"Rocco Hunt, Noemi",6461,https://www.youtube.com/watch?v=IJf5xsNoZMM,10
0x133a3a7405da8735:0x7f50bb2a17dc7df9,"Benevento, Campania, Italy",CITY,2026-03-11T14:20:13.869653+00:00,18,G:vgB-01HuqAw,081,Geolier,4487,https://www.youtube.com/watch?v=Jufw0fwANoc,4
0x133a5449f6ea3eeb:0xc5e4ce46383bee6d,"Caserta, Campania, Italy",CITY,2026-03-11T14:20:06.340277+00:00,18,G:eLo4Ab0tom4,UN RICCO E UN POVERO,Geolier,16822,https://www.youtube.com/watch?v=hSqQ9V0Zr60,3
0x133b0866db7afaeb:0xd23a43cc658cb87e,"Naples, Campania, Italy",CITY,2026-03-11T14:08:14.540630+00:00,20,G:SBG2E-nAYDQ,Hey Tu,Jhosef,210758,https://www.youtube.com/watch?v=7qTvaA8zEYk,1
0x133b1358d36a96df:0xcd02451454b543cd,"Campania, Italy",SUBCOUNTRY,2026-03-11T14:08:11.544368+00:00,20,G:XL0TxRmgfSg,PHANTOM (feat. 50 Cent),Geolier,403867,https://www.youtube.com/watch?v=NFadrSVNOKE,2
0x133bc25734bd3089:0x15a49713da0374a0,"Salerno, Campania, Italy",CITY,2026-03-11T14:20:06.069541+00:00,15,G:1XXc4JLZSko,FOTOGRAFIA,Geolier,10618,https://www.youtube.com/watch?v=D7WymH7wgkE,6
0x133bcc55125ad8dd:0xa1275dba604eda,"Avellino, Campania, Italy",CITY,2026-03-11T14:20:07.600559+00:00,20,G:bjWKm9KC_Tw,Labirinto,Luchè,12140,https://www.youtube.com/watch?v=_JlE7I2V6do,4
0x133f90d28462150b:0x91a41d243d262371,"Calabria, Italy",SUBCOUNTRY,2026-03-11T14:14:31.580589+00:00,18,G:JAltLArPcnU,OH MA,"Rocco Hunt, Noemi",72900,https://www.youtube.com/watch?v=IJf5xsNoZMM,10
0x133f974acd5e5e29:0x5619c8633cc426fa,"Cosenza, Calabria, Italy",CITY,2026-03-11T14:14:33.515405+00:00,17,G:JAltLArPcnU,OH MA,"Rocco Hunt, Noemi",4529,https://www.youtube.com/watch?v=IJf5xsNoZMM,10
0x134006c2c814eb0f:0xd0dda989e3223278,"Catanzaro, Calabria, Italy",CITY,2026-03-11T14:14:31.115502+00:00,18,G:JAltLArPcnU,OH MA,"Rocco Hunt, Noemi",11613,https://www.youtube.com/watch?v=IJf5xsNoZMM,10
0x13442ee42f2d1109:0x9b5b5a4c6ab377f0,"Lecce, Apulia, Italy",CITY,2026-03-11T14:40:05.408614+00:00,19,G:JAltLArPcnU,OH MA,"Rocco Hunt, Noemi",5387,https://www.youtube.com/watch?v=IJf5xsNoZMM,10
0x134533f1e8cc1895:0xd31099af13e0e86,"Vlorë, Vlorë County, Albania",CITY,2026-03-11T14:17:30.990438+00:00,4,G:5Q-d12pXq-k,Ku ma gjete,NORA GURAJ,25972,https://www.youtube.com/watch?v=wRZFMnx-JEE,2
0x13453bf3bd274c2d:0x77ce589d6983bee,Albania,COUNTRY,2026-03-11T14:29:24.286898+00:00,20,G:akZZPXnD3ts,Don ti,DON XHONI,639807,https://www.youtube.com/watch?v=dYeSAgYSqlU,2
0x13453bf3c572c4ab:0x95036ea966bdeb6a,"Vlorë County, Albania",SUBCOUNTRY,2026-03-11T14:17:31.911480+00:00,18,G:Vp_1TIHanA4,VELLAI GJERAQINES,FISNIK SULAJ,20840,https://www.youtube.com/watch?v=OWdt4v4ws_4,1
0x13471d1819a77b13:0x64f8f9a58d57dfcf,"Taranto, Apulia, Italy",CITY,2026-03-11T15:26:05.905033+00:00,15,G:bjWKm9KC_Tw,Labirinto,Luchè,16474,https://www.youtube.com/watch?v=_JlE7I2V6do,4
0x1347e8f8f3078d6f:0x87254066a3908e1,"Bari, Apulia, Italy",CITY,2026-03-11T14:32:45.905196+00:00,18,G:bjWKm9KC_Tw,Labirinto,Luchè,59282,https://www.youtube.com/watch?v=_JlE7I2V6do,4
0x134b43a43b6340a9:0x14f32b2d4e37c5a,"Mostar, Federation of Bosnia and Herzegovina, Bosnia and Herzegovina",CITY,2026-03-11T14:42:08.002057+00:00,2,G:VVEmhYIx0ME,U dvoje dočekane zore,"Marko Škugor, Kvatropirci",50028,https://www.youtube.com/watch?v=woERzrlFFno,1
0x134ba215c737a9d7:0x6df7e20343b7e90c,Bosnia and Herzegovina,COUNTRY,2026-03-11T15:26:27.885641+00:00,19,G:yvtZslVpLN4,Crna Ruza,Halid Bešlić,261300,https://www.youtube.com/watch?v=VDLWVsdhqIs,6
0x134c3217242c1fcb:0x384c9d866effd346,Montenegro,COUNTRY,2026-03-11T14:53:55.046845+00:00,18,G:fQfcPFKn32c,Livada,Edita,84845,https://www.youtube.com/watch?v=dGqlmQ6jrSI,5
0x134cfff8777a460d:0xaae1a0e28f47eace,"Nikšić Municipality, Montenegro",SUBCOUNTRY,2026-03-11T14:14:48.328811+00:00,13,G:7pU1OQsPvWU,Stari peron,Pedja Jovanovic,4734,https://www.youtube.com/watch?v=wcDCw2VENns,2
0x134d92f1a96a53b1:0x723f73a73b6594b4,"Podgorica Municipality, Montenegro",SUBCOUNTRY,2026-03-11T14:24:24.941681+00:00,16,G:fQfcPFKn32c,Livada,Edita,64552,https://www.youtube.com/watch?v=dGqlmQ6jrSI,5
0x134da9ab6eec36c9:0x14c7a90f80738558,"Niksic, Nikšić Municipality, Montenegro",CITY,2026-03-11T14:14:47.563267+00:00,14,G:7pU1OQsPvWU,Stari peron,Pedja Jovanovic,4627,https://www.youtube.com/watch?v=wcDCw2VENns,2
0x134de8079606867d:0x6bf78a76ea588ae9,"Podgorica, Podgorica Municipality, Montenegro",CITY,2026-03-11T14:24:19.515555+00:00,16,G:fQfcPFKn32c,Livada,Edita,63812,https://www.youtube.com/watch?v=dGqlmQ6jrSI,5
0x134e005bf998212f:0x7c0d3fbd64d1804e,"Shkodër, Shkodër County, Albania",CITY,2026-03-11T14:20:26.962659+00:00,6,G:89ApPXefeuc,Po Shprehem,Jozi,37396,https://www.youtube.com/watch?v=bPaKSwHOrog,2
0x134fd97c5fbbbcc7:0x77f377eae6cd81ee,"Durrës, Durrës County, Albania",CITY,2026-03-11T14:17:47.708437+00:00,20,G:nFq56NwGlLA,Dite Nate,"Elgit Doda, Emra Brah",32515,https://www.youtube.com/watch?v=wvxKihmBtGg,1
0x13502b3c6af18ed7:0x636000ac3d2e682f,"Durrës County, Albania",SUBCOUNTRY,2026-03-11T14:17:47.611045+00:00,20,G:8E0np262_zI,Te Dy,"Matolale, Rina",43375,https://www.youtube.com/watch?v=REvWeU6pPbU,2
0x1350310470fac5db:0x40092af10653720,"Tiranë, Tirana County, Albania",CITY,2026-03-11T14:29:01.338777+00:00,20,G:18ioOh4U5oI,MA I QARTI,LEUMASI,343946,https://www.youtube.com/watch?v=mGUoCnE4ivk,1
0x13503a9407e31c25:0x57de78a67346afff,"Tirana County, Albania",SUBCOUNTRY,2026-03-11T14:29:00.891334+00:00,20,G:akZZPXnD3ts,Don ti,DON XHONI,440831,https://www.youtube.com/watch?v=dYeSAgYSqlU,2
0x1350db522486418d:0x73acc051b3dfc215,"Municipality of Ohrid, North Macedonia",SUBCOUNTRY,2026-03-11T14:44:45.188215+00:00,20,G:-AvZMf3q4ac,Kisobran Za Suze,Edita,4234,https://www.youtube.com/watch?v=gS21UjN2NvE,3
0x1350db6587ea6657:0xc46cfc65390bc9d3,"Ohrid, Municipality of Ohrid, North Macedonia",CITY,2026-03-11T14:44:37.521197+00:00,16,G:cMdJI6X94Dk,Ne me sakas,Sarah Mace,4278,https://www.youtube.com/watch?v=Ad37wgiKvBI,4
0x1351577a0fe3dbdd:0x39f635036d650174,"Gostivar, Municipality of Gostivar, North Macedonia",CITY,2026-03-11T14:37:00.755990+00:00,19,G:s12fUaqosvk,Lej,"DON XHONI, Dhurata Dora",3519,https://www.youtube.com/watch?v=Y-gJhIl4pdc,2
0x13515a3a6098d8f9:0xc87cd5bcb45f64c3,"Municipality of Gostivar, North Macedonia",SUBCOUNTRY,2026-03-11T14:37:13.671840+00:00,20,G:s12fUaqosvk,Lej,"DON XHONI, Dhurata Dora",3700,https://www.youtube.com/watch?v=Y-gJhIl4pdc,2
0x135204fdb6fbff29:0xe816442fa34a2a5d,"Shkodër County, Albania",SUBCOUNTRY,2026-03-11T14:20:27.480932+00:00,7,G:89ApPXefeuc,Po Shprehem,Jozi,43104,https://www.youtube.com/watch?v=bPaKSwHOrog,2
0x13534f44373700d1:0x94ab333a19af2ebc,"District of Mitrovicë, Kosovo",SUBCOUNTRY,2026-03-11T14:53:32.590770+00:00,1,G:899__hW-Auc,Nikad Mi Se Ne Spava,Al' Dino,538,https://www.youtube.com/watch?v=YiFqIBXOrj4,1
0x13537af354bf7df1:0xbfffeedfabc31791,Kosovo,COUNTRY,2026-03-11T14:53:33.574573+00:00,1,G:iCk1jZ3GIE0,95 Bulls,"Polo G, King Von",117299,https://www.youtube.com/watch?v=HuAfl76f7y4,1
0x1353efc77e72a441:0x3d19943a1541231f,"Municipality of Tetovo, North Macedonia",SUBCOUNTRY,2026-03-11T14:51:50.153882+00:00,11,G:1VW5X8ixXA0,PREK,Londrim Mekaj,9562,https://www.youtube.com/watch?v=A5yJWdXoEJc,4
0x1353f0e82a50e8db:0x5587e34b46cad34c,"Tetovo, Municipality of Tetovo, North Macedonia",CITY,2026-03-11T15:26:10.111904+00:00,10,G:1VW5X8ixXA0,PREK,Londrim Mekaj,9477,https://www.youtube.com/watch?v=A5yJWdXoEJc,4
0x1354145bc22be34d:0xb665e4a7c5abfb87,"Greater Skopje, North Macedonia",SUBCOUNTRY,2026-03-11T14:50:02.837058+00:00,20,G:5OtJw0qMXAQ,Ezel,"Adem Ramadani, Meda",103207,https://www.youtube.com/watch?v=Jd2e5IXepZ8,3
0x135415a58c9aa2a5:0xb2ed88c260872020,"Skopje, Greater Skopje, North Macedonia",CITY,2026-03-11T14:49:49.463101+00:00,16,G:pvpIohPbxeE,Mëshirues,Nusret Kurtishi,102804,https://www.youtube.com/watch?v=H0soj1GKlHY,6
0x1354294154fa20a1:0xb30f1929d622938,"Municipality of Veles, North Macedonia",SUBCOUNTRY,2026-03-11T14:51:53.560350+00:00,12,G:cMdJI6X94Dk,Ne me sakas,Sarah Mace,3659,https://www.youtube.com/watch?v=Ad37wgiKvBI,4
0x13542bc1d2b9c535:0xe4cd993f2bdee535,"Veles, Municipality of Veles, North Macedonia",CITY,2026-03-11T14:51:53.542677+00:00,12,G:cMdJI6X94Dk,Ne me sakas,Sarah Mace,3659,https://www.youtube.com/watch?v=Ad37wgiKvBI,4
0x13544c1624d93df5:0xab845d35b6bfc911,"Municipality of Kumanovo, North Macedonia",SUBCOUNTRY,2026-03-11T14:39:43.254577+00:00,19,G:jmbXmWxzpQ8,Mirë Se Erdhe Ramazan,Nusret Kurtishi,7273,https://www.youtube.com/watch?v=T18ANWz5tTg,2
0x13544fcc1ff6258d:0x91a2643775422ed7,"Kumanovo, Municipality of Kumanovo, North Macedonia",CITY,2026-03-11T14:39:43.499628+00:00,16,G:yKv1ePIl0WI,Ramazan i dashur,Hunays,10402,https://www.youtube.com/watch?v=ForIST4TmD4,1
0x13547e5d2cdacd71:0xec0e1a604157e8b5,"Ferizaj/Urosevac, KS",SUBCOUNTRY,2026-03-11T14:56:20.537522+00:00,1,G:gHlNOzsslD0,PRINCESH,Gjesti,11,https://www.youtube.com/watch?v=VGT7_lBi_0Y,1
0x13549ee605110927:0x9365bfdf385eb95a,"Prishtina/Pristina, KS",SUBCOUNTRY,2026-03-11T14:56:54.398511+00:00,1,G:wUe9bFaFOzc,"Mercy (feat. Big Sean, Pusha T & 2 Chainz)",Kanye West,10,https://www.youtube.com/watch?v=7Dqgr0wNyPo,1
0x1354f29e4353a78d:0xea2b72f269004b17,"District of Gjilan, Kosovo",SUBCOUNTRY,2026-03-11T14:36:59.278009+00:00,1,G:5F64KeBzZT0,Ismet Bexheti - Ta kam fale zemren time,Ismet Bexheti,25,https://www.youtube.com/watch?v=py_p22gyJRU,1
0x1356ebf17ddb9787:0xe5931e06fb2150c1,"Prilep, Prilep Municipality, North Macedonia",CITY,2026-03-11T14:48:35.104500+00:00,10,G:_bSZfJ7WFOI,Crna Vrana,Trile,5402,https://www.youtube.com/watch?v=C0U4sa0uKFY,6
0x1356efd7f3ae14f7:0xdd9f7ec7e5947b70,"Prilep Municipality, North Macedonia",SUBCOUNTRY,2026-03-11T15:25:44.611033+00:00,10,G:_bSZfJ7WFOI,Crna Vrana,Trile,5473,https://www.youtube.com/watch?v=C0U4sa0uKFY,6
0x13572451365fb6fd:0xfa67bbbf65bec948,"Bitola, Municipality of Bitola, North Macedonia",CITY,2026-03-11T14:33:21.387227+00:00,15,G:hNOD8D32sRs,Navika,"Pajak, Antonia Gigovska",8529,https://www.youtube.com/watch?v=vJL3ipKuRwg,8
0x13572561fa611155:0x9e0ce5598ef221b0,"Municipality of Bitola, North Macedonia",SUBCOUNTRY,2026-03-11T14:34:31.237330+00:00,15,G:hNOD8D32sRs,Navika,"Pajak, Antonia Gigovska",8541,https://www.youtube.com/watch?v=vJL3ipKuRwg,8
0x1358ab7432732ae5:0x51d48ea305b383b3,"Decentralized Administration of Thessaly and Central Greece, Greece",SUBCOUNTRY,2026-03-11T15:26:34.040247+00:00,17,G:ONbkouvVCx0,Ximeia,Katerina,25534,https://www.youtube.com/watch?v=gU_A9YW3axA,8
0x1359193322772e5f:0x400bd2ce2b99fc0,"Trikala, Decentralized Administration of Thessaly and Central Greece, Greece",CITY,2026-03-11T15:26:15.319195+00:00,18,G:72QR_04xv4w,CHANEL,"Trannos, SNIK, Chekkis",2315,https://www.youtube.com/watch?v=TBukIn1WuN4,1
0x135980fe7d517453:0x640015bdc2e8f9b6,"Decentralized Administration of Epirus and Western Macedonia, Greece",SUBCOUNTRY,2026-03-11T14:27:26.651278+00:00,20,G:u22zYerMCkM,Na Pernas,Giorgos Mazonakis,11206,https://www.youtube.com/watch?v=Z8tZBIEP7Rk,3
0x135b4ac711716c63:0x363a1775dc9a2d1d,Greece,COUNTRY,2026-03-11T15:26:33.142086+00:00,18,G:732zZq_Aq7A,Θοδωρής Φέρρης | Πλάτη | Sfera 102.2,Thodoris Ferris,391939,https://www.youtube.com/watch?v=v-JktyUzDKc,8
0x135be9a2defedd67:0x400bd2ce2b997c0,"Ioannina, Decentralized Administration of Epirus and Western Macedonia, Greece",CITY,2026-03-11T14:38:47.425588+00:00,19,G:ISN00zN03fI,KOUKLA,Sicario,3388,https://www.youtube.com/watch?v=T64_i15IHxc,5
0x135e3599a524ed2d:0x400bd2ce2b98ca0,"Patras, Decentralized Administration of Peloponnese, Western Greece and the Ionian, Greece",CITY,2026-03-11T14:27:24.481264+00:00,19,G:ISN00zN03fI,KOUKLA,Sicario,10342,https://www.youtube.com/watch?v=T64_i15IHxc,5
0x1360794910a6f9db:0x972e5a0bdb4caab3,"Decentralized Administration of Peloponnese, Western Greece and the Ionian, Greece",SUBCOUNTRY,2026-03-11T14:27:28.913012+00:00,19,G:ONbkouvVCx0,Ximeia,Katerina,34429,https://www.youtube.com/watch?v=gU_A9YW3axA,8
0x1361b099624b7829:0xfc1f95ed71625f9e,"Kalamata, Decentralized Administration of Peloponnese, Western Greece and the Ionian, Greece",CITY,2026-03-11T14:39:15.037201+00:00,19,G:ONbkouvVCx0,Ximeia,Katerina,3521,https://www.youtube.com/watch?v=gU_A9YW3axA,8
0x13a892c4c11c43d9:0x8d99d8947b5cec86,"Tripoli, Tripoli District, Libya",CITY,2026-03-11T15:26:15.926007+00:00,15,G:k3b2vQruudw,Libico,Sayax,207367,https://www.youtube.com/watch?v=KEKhQUsZIZw,2
0x13a892d98ece010d:0x7bff3f2c782c2501,"Tripoli District, Libya",SUBCOUNTRY,2026-03-11T15:26:15.411425+00:00,17,G:k3b2vQruudw,Libico,Sayax,226684,https://www.youtube.com/watch?v=KEKhQUsZIZw,2
0x13a892d98ece010d:0xfa076041c7f9c22a,Libya,COUNTRY,2026-03-11T14:53:42.763126+00:00,1,G:l-r55UVQShE,قائد,Mc Mego,1359843,https://www.youtube.com/watch?v=l04blNu5eYc,3
0x14368976c35c36e9:0x2c45a00925c4c444,Egypt,COUNTRY,2026-03-11T14:05:15.660956+00:00,8,G:r4UNMJT2omA,درويله,Rahma Mohsen,2603334,https://www.youtube.com/watch?v=MmwfR8UkK6A,1
0x14581ab73d4ca47d:0x89e1c92d1d007f67,"Al Obour City, Al-Qalyubia Governorate, Egypt",CITY,2026-03-11T14:05:14.426875+00:00,9,G:ZOg_e5Jzk3k,ياحلاوة رمضان,Alhassan Adel,24236,https://www.youtube.com/watch?v=yZmcOlJlnag,1
0x149a586bd068e13f:0x400bd2ce2b9b6f0,"Heraklion, Decentralized Administration of Crete, Greece",CITY,2026-03-11T15:26:34.501659+00:00,18,G:4AHTxhnsSTk,Exairesi - Official Music Video,The Underdog Project,9082,https://www.youtube.com/watch?v=o-ldt4tIdbo,3
0x149b03d7c58fb783:0xbb32941128619998,"Decentralized Administration of Crete, Greece",SUBCOUNTRY,2026-03-11T15:26:35.392257+00:00,16,G:9UQFSCWX2Ds,Na M' Agapas,Yiannis Kotsiras,20099,https://www.youtube.com/watch?v=SbClt_VcQyo,2
0x149c7dbee0cf3f3b:0x94b3557d79cd2ca8,"Chania, Decentralized Administration of Crete, Greece",CITY,2026-03-11T14:35:35.519900+00:00,14,G:9UQFSCWX2Ds,Na M' Agapas,Yiannis Kotsiras,4016,https://www.youtube.com/watch?v=SbClt_VcQyo,2
0x14a198d9f10aa437:0x6a583832f5b336f,"Marousi, Decentralized Administration of Attica, Greece",CITY,2026-03-11T15:25:43.347816+00:00,18,G:xc6fdrWAnCI,ASTEIO,ZAF,3598,https://www.youtube.com/watch?v=F-plWJO3ZA4,3
0x14a1a004d984a173:0x400bd2ce2b97bc0,"Acharnes, Decentralized Administration of Attica, Greece",CITY,2026-03-11T15:24:59.136333+00:00,20,G:UtcPu9qdhEY,Xiliometra,APON,3914,https://www.youtube.com/watch?v=ZbNIU-yRhSc,2
0x14a1a277700a9d9f:0xea3bd55aebb76ed1,"Nea Ionia, Decentralized Administration of Attica, Greece",CITY,2026-03-11T14:43:26.137984+00:00,16,G:xc6fdrWAnCI,ASTEIO,ZAF,1941,https://www.youtube.com/watch?v=F-plWJO3ZA4,3
0x14a1a34708c4ac4d:0x8fdf8914bb2c1661,"Peristeri, Decentralized Administration of Attica, Greece",CITY,2026-03-11T15:26:34.287609+00:00,18,G:ONbkouvVCx0,Ximeia,Katerina,6030,https://www.youtube.com/watch?v=gU_A9YW3axA,8
0x14a1bbebb7ac3147:0xd820da95ff30fdf7,"Piraeus, Decentralized Administration of Attica, Greece",CITY,2026-03-11T15:26:34.429837+00:00,20,G:ISN00zN03fI,KOUKLA,Sicario,13607,https://www.youtube.com/watch?v=T64_i15IHxc,5
0x14a1bd1f067043f1:0x2736354576668ddd,"Athens, Decentralized Administration of Attica, Greece",CITY,2026-03-11T14:32:18.764881+00:00,19,G:ISN00zN03fI,KOUKLA,Sicario,135321,https://www.youtube.com/watch?v=T64_i15IHxc,5
0x14a1be78a8d1aa9d:0xa00bd2f61afa8c0,"Alimos, Decentralized Administration of Attica, Greece",CITY,2026-03-11T14:32:02.981918+00:00,14,G:xc6fdrWAnCI,ASTEIO,ZAF,1521,https://www.youtube.com/watch?v=F-plWJO3ZA4,3
0x14a1c7bf3d8ca3e3:0x8b6e07f1c67a6f39,"Decentralized Administration of Attica, Greece",SUBCOUNTRY,2026-03-11T15:26:33.721500+00:00,20,G:aETAgnGwaeo,Dark Side Of The Moon,good job nicky,204030,https://www.youtube.com/watch?v=3cVe0K-5Eic,4
0x14a76c60e1af6cf1:0x5d6e8e390219aae2,"Volos, Decentralized Administration of Thessaly and Central Greece, Greece",CITY,2026-03-11T14:52:07.644060+00:00,17,G:an3_sr-Vd0I,Gia Tin Epomeni - Official Music Video,Katerina Lioliou,3965,https://www.youtube.com/watch?v=Avg99Mb_w1A,13
0x14a838f41428e0ed:0x9bae715b8d574a9,"Thessaloniki, Decentralized Administration of Macedonia and Thrace, Greece",CITY,2026-03-11T15:26:10.865861+00:00,18,G:ef8mPKUBUAM,ΛΕΞ - ΑΛΗΤΙΚΗ ΑΓΑΠΗ | LEX - ALITIKI AGAPI (PROD BY DOF TWOGEE),"Dof, LEX",57317,https://www.youtube.com/watch?v=iwSGRj12Mcw,1
0x14a9389db0f4c3d7:0x3f8018f3b4919396,"Decentralized Administration of Macedonia and Thrace, Greece",SUBCOUNTRY,2026-03-11T15:26:34.162206+00:00,18,G:UzxhHOZTtko,"Ό,τι και να γίνει θυμήσου",Ria Ellinidou,95745,https://www.youtube.com/watch?v=XRQsPET96yM,4
0x14a9718b6729e5d5:0x9dd7c70595ce357,"Serres, Decentralized Administration of Macedonia and Thrace, Greece",CITY,2026-03-11T14:49:34.110184+00:00,14,G:UzxhHOZTtko,"Ό,τι και να γίνει θυμήσου",Ria Ellinidou,3142,https://www.youtube.com/watch?v=XRQsPET96yM,4
0x14a9fd86cf75e24d:0x80753f4c3509ebd7,"Municipality of Strumitsa, North Macedonia",SUBCOUNTRY,2026-03-11T14:55:34.147554+00:00,19,G:-AvZMf3q4ac,Kisobran Za Suze,Edita,4289,https://www.youtube.com/watch?v=gS21UjN2NvE,3
0x14a9fdc01c936a37:0x40106f453c644e0,"Strumica, Municipality of Strumitsa, North Macedonia",CITY,2026-03-11T14:50:25.320707+00:00,19,G:-AvZMf3q4ac,Kisobran Za Suze,Edita,4347,https://www.youtube.com/watch?v=gS21UjN2NvE,3
0x14aa2636399d1a0b:0x400a01269bf4f10,"Petrich, Blagoevgrad Province, Bulgaria",CITY,2026-03-11T15:24:59.675203+00:00,18,G:FdRVPlzuPww,Флиртаджийка,Kiara,1935,https://www.youtube.com/watch?v=FozERdESj6Y,1
0x14aa9c6693c5328f:0xcc5e3380f6952464,"Kyustendil, Kyustendil Province, Bulgaria",CITY,2026-03-11T14:39:45.518784+00:00,15,G:DiLj9EmksDI,Mandi X Klement - Diamante (Offical Video),Klement,2249,https://www.youtube.com/watch?v=duqZYQhNybs,8
0x14aa9d7908797e8f:0x300a01269bf5180,"Kyustendil Province, Bulgaria",SUBCOUNTRY,2026-03-11T14:39:48.710206+00:00,19,G:mN6FgnNaVj8,Луди млади години,"Sasho Jokera, Mando",4914,https://www.youtube.com/watch?v=yMBKvuq-T8A,9
0x14aab30567eead63:0x300a01269bf4ce0,"Pernik, Bulgaria",SUBCOUNTRY,2026-03-11T14:45:49.779871+00:00,19,G:hx0EToEXO5U,Трафик,Selina,4583,https://www.youtube.com/watch?v=WHRpNGrkt88,4
0x14aacb4941e949cf:0x400a01269bf5580,"Pernik, Pernik, Bulgaria",CITY,2026-03-11T14:45:47.003609+00:00,18,G:7AeSnch20qg,Балканска двойка,"DJ Damyan, Selina",3303,https://www.youtube.com/watch?v=PflWPkOqcdc,1
0x14aae824073f9ac1:0x400a01269bf51c0,"Dupnica, Kyustendil Province, Bulgaria",CITY,2026-03-11T14:39:45.163531+00:00,20,G:ENpG-4MQSJo,Налей,"Robi, Tino",2068,https://www.youtube.com/watch?v=N6QEl1J77tA,5
0x14aaf6008f7f0f63:0x417cdcb68440f58d,"Blagoevgrad, Blagoevgrad Province, Bulgaria",CITY,2026-03-11T14:33:29.604309+00:00,20,G:bBA4ZHhovHI,Ще ме търсиш,Medi,3581,https://www.youtube.com/watch?v=yJSIHJ-zB_8,3
0x14abb18fd44f22b3:0x300a01269bf4c30,"Blagoevgrad Province, Bulgaria",SUBCOUNTRY,2026-03-11T14:34:14.033661+00:00,19,G:bBA4ZHhovHI,Ще ме търсиш,Medi,13598,https://www.youtube.com/watch?v=yJSIHJ-zB_8,3
0x14ac2d3b68e5d97d:0xf6ee78a35222d0de,"Xanthi, Decentralized Administration of Macedonia and Thrace, Greece",CITY,2026-03-11T14:52:49.150311+00:00,18,G:uQDdWVfduHw,PARÉA,Evangelia,3595,https://www.youtube.com/watch?v=rZNoV5LVYEY,26
0x14acb004f11b7311:0xdcb597ec099963ab,"Pazardzhik, Pazardzhik, Bulgaria",CITY,2026-03-11T14:45:38.076052+00:00,4,G:jJo6CtFRyAc,CERGARKO,Asmir Hrustic,7782,https://www.youtube.com/watch?v=_DZdkLrxo8E,3
0x14acb03b4ee893a9:0x300a01269bf53d0,"Pazardzhik, Bulgaria",SUBCOUNTRY,2026-03-11T14:45:38.700353+00:00,4,G:jJo6CtFRyAc,CERGARKO,Asmir Hrustic,29257,https://www.youtube.com/watch?v=_DZdkLrxo8E,3
0x14acd108a248763d:0x6470d1fa6f1338a0,"Plovdiv, Plovdiv Province, Bulgaria",CITY,2026-03-11T14:47:09.109600+00:00,20,G:ENpG-4MQSJo,Налей,"Robi, Tino",20126,https://www.youtube.com/watch?v=N6QEl1J77tA,5
0x14acd1bb5776c3fb:0x300a01269bf5490,"Plovdiv Province, Bulgaria",SUBCOUNTRY,2026-03-11T14:47:26.005784+00:00,20,G:P05Ks1LLOM4,Danoto kopay,"Emanuela, Tedi Aleksandrova",34440,https://www.youtube.com/watch?v=R3Vk7sec_2k,16
0x14acd89374a5fc99:0x26c73ab4bdc6f496,"Asenovgrad, Plovdiv Province, Bulgaria",CITY,2026-03-11T14:32:26.214528+00:00,20,G:Zm8aSxpDoBc,Катинара,SIMONA,2086,https://www.youtube.com/watch?v=W7lDPMjI_rU,33
0x14ad50d3362d8d77:0xf260d9e68937b3fc,"Haskovo, Haskovo Province, Bulgaria",CITY,2026-03-11T14:37:45.753395+00:00,16,G:acu8_62wzfg,Halkata,"Emanuela, DJ Damyan",4348,https://www.youtube.com/watch?v=_ZECd4rs5Sw,35
0x14ad6e71326aad87:0x400a01269bf5220,"Kardzali, Kardzhali Province, Bulgaria",CITY,2026-03-11T14:39:17.663773+00:00,16,G:ecZxKzDvKpw,Keletirya,Fatih Bulut,3807,https://www.youtube.com/watch?v=Ra8-A570LQI,3
0x14ad6e76da9098a5:0x300a01269bf5220,"Kardzhali Province, Bulgaria",SUBCOUNTRY,2026-03-11T14:39:18.232207+00:00,15,G:ecZxKzDvKpw,Keletirya,Fatih Bulut,7047,https://www.youtube.com/watch?v=Ra8-A570LQI,3
0x14adec20fbf23889:0xb4daabef1d90957b,"Komotini, Decentralized Administration of Macedonia and Thrace, Greece",CITY,2026-03-11T14:39:39.949473+00:00,20,G:sai_7zaHKYM,Mehri Ekei Mporouses,Christos Menidiatis,2329,https://www.youtube.com/watch?v=0zfmLRYU_08,14
0x14b0155c964f2671:0x40d9dbd42a625f2a,Türkiye,COUNTRY,2026-03-11T14:57:40.944122+00:00,18,G:4jzi7NlQYo4,TAK TAK TAK,"Lvbel C5, AKDO",8333190,https://www.youtube.com/watch?v=0xji3PXYSxU,36
0x14b047a28835b0ab:0x40b6d45bd97e955,"Çanakkale, Türkiye",SUBCOUNTRY,2026-03-11T15:24:32.559480+00:00,18,G:NdkRkZ_ZqTo,Kalpsiz Bir Serseri (Live),Simge,37006,https://www.youtube.com/watch?v=i9OqUDR-Y9g,2
0x14b09f0951fbcb1f:0x419722884d03741a,"Balıkesir, Türkiye",SUBCOUNTRY,2026-03-11T14:20:54.677432+00:00,15,G:ubjYFacNarc,Vursunlar (Roman Version),"Tekir, Gökhan Namlı",61307,https://www.youtube.com/watch?v=Rnsj-Yi9VOo,19
0x14b1a9d8214a2f3f:0x8cebeb3703e22f7f,"Çanakkale, Çanakkale, Türkiye",CITY,2026-03-11T15:24:36.134862+00:00,18,G:NdkRkZ_ZqTo,Kalpsiz Bir Serseri (Live),Simge,32122,https://www.youtube.com/watch?v=i9OqUDR-Y9g,2
0x14b21c9f5c02c8d5:0xbab0f92b441e41e3,"Alexandroupoli, Decentralized Administration of Macedonia and Thrace, Greece",CITY,2026-03-11T14:31:56.315841+00:00,17,G:4AHTxhnsSTk,Exairesi - Official Music Video,The Underdog Project,2559,https://www.youtube.com/watch?v=o-ldt4tIdbo,3
0x14b2bb763da653ef:0x300a01269bf4c60,"Haskovo Province, Bulgaria",SUBCOUNTRY,2026-03-11T14:37:45.262230+00:00,15,G:P05Ks1LLOM4,Danoto kopay,"Emanuela, Tedi Aleksandrova",10203,https://www.youtube.com/watch?v=R3Vk7sec_2k,16
0x14b306a8b221e8e3:0xc256de53b06792f2,"Edirne, Türkiye",SUBCOUNTRY,2026-03-11T14:17:45.266886+00:00,17,G:MCvtpgx9yD4,Elmas izmirli deniz benim herif,elmas,25645,https://www.youtube.com/watch?v=DNGG4l8Kw2A,3
0x14b32f77a26304e1:0xa0cfc0ca431c30bc,"Edirne, Edirne, Türkiye",CITY,2026-03-11T14:17:46.637706+00:00,19,G:MCvtpgx9yD4,Elmas izmirli deniz benim herif,elmas,15090,https://www.youtube.com/watch?v=DNGG4l8Kw2A,3
0x14b4601d4c18e4e5:0xc572e1c0c57cb1b,"Tekirdağ, Tekirdağ, Türkiye",CITY,2026-03-11T14:18:00.202400+00:00,13,G:ubjYFacNarc,Vursunlar (Roman Version),"Tekir, Gökhan Namlı",21690,https://www.youtube.com/watch?v=Rnsj-Yi9VOo,19
0x14b48ed3b79c9485:0xb89e3bca45ea1cf6,"Tekirdağ, Türkiye",SUBCOUNTRY,2026-03-11T14:17:56.121988+00:00,16,G:ubjYFacNarc,Vursunlar (Roman Version),"Tekir, Gökhan Namlı",83572,https://www.youtube.com/watch?v=Rnsj-Yi9VOo,19
0x14b4a4b464b4438d:0x6a3ca9160e28dbed,"Lüleburgaz, Kırklareli, Türkiye",CITY,2026-03-11T14:20:27.430938+00:00,19,G:hSFtT6h37is,Yıkamazlar Beni,Tekir,13063,https://www.youtube.com/watch?v=sxaJG9M9yH8,5
0x14b4dd92e238353d:0x522f14d777b250a6,"Çorlu, Tekirdağ, Türkiye",CITY,2026-03-11T14:17:56.583627+00:00,18,G:ubjYFacNarc,Vursunlar (Roman Version),"Tekir, Gökhan Namlı",29345,https://www.youtube.com/watch?v=Rnsj-Yi9VOo,19
0x14b5d377a8bfb0f1:0xbd33d2bd7058850e,"Bandırma, Balıkesir, Türkiye",CITY,2026-03-11T14:20:59.498058+00:00,18,G:xXZbUxvXcF0,Yok Başka Hayalim,Tan Taşçı,9526,https://www.youtube.com/watch?v=Ae7iePAUV14,12
0x14b7003b8bbb36d7:0xea6e0949f8f4ea6a,"Balıkesir, Balıkesir, Türkiye",CITY,2026-03-11T14:20:55.096702+00:00,15,G:ubjYFacNarc,Vursunlar (Roman Version),"Tekir, Gökhan Namlı",28371,https://www.youtube.com/watch?v=Rnsj-Yi9VOo,19
0x14b839f1d676e4e9:0xd7c0a92dad794077,"Manisa, Türkiye",SUBCOUNTRY,2026-03-11T14:13:40.531228+00:00,14,G:ubjYFacNarc,Vursunlar (Roman Version),"Tekir, Gökhan Namlı",96576,https://www.youtube.com/watch?v=Rnsj-Yi9VOo,19
0x14b85a582c507119:0xe33e87bea754060b,"Salihli, Manisa, Türkiye",CITY,2026-03-11T14:13:40.692975+00:00,15,G:MCvtpgx9yD4,Elmas izmirli deniz benim herif,elmas,11526,https://www.youtube.com/watch?v=DNGG4l8Kw2A,3
0x14b92b6627dced2f:0xcca12f1bcb3b322e,"Aydın, Aydın, Türkiye",CITY,2026-03-11T14:21:18.317013+00:00,20,G:ubjYFacNarc,Vursunlar (Roman Version),"Tekir, Gökhan Namlı",19084,https://www.youtube.com/watch?v=Rnsj-Yi9VOo,19
0x14b92b7a19c62dd5:0x62dc45d4e8bbe21e,"Aydın, Türkiye",SUBCOUNTRY,2026-03-11T14:21:18.347194+00:00,20,G:ubjYFacNarc,Vursunlar (Roman Version),"Tekir, Gökhan Namlı",51267,https://www.youtube.com/watch?v=Rnsj-Yi9VOo,19
0x14b99c89950e89d5:0x88eb6a1c97102924,"Manisa, Manisa, Türkiye",CITY,2026-03-11T14:13:44.447542+00:00,15,G:ubjYFacNarc,Vursunlar (Roman Version),"Tekir, Gökhan Namlı",38986,https://www.youtube.com/watch?v=Rnsj-Yi9VOo,19
0x14b99d2b00f561f9:0xceae9339e96fd7e3,"İzmir, Türkiye",SUBCOUNTRY,2026-03-11T15:24:56.251455+00:00,18,G:8AzCkjH1DuY,Meğerse,Linet,798693,https://www.youtube.com/watch?v=hyTVxbSrkyM,10
0x14bbd862a762cacd:0x628cbba1a59ce8fe,"İzmir, İzmir, Türkiye",CITY,2026-03-11T15:24:56.346358+00:00,18,G:8AzCkjH1DuY,Meğerse,Linet,771935,https://www.youtube.com/watch?v=hyTVxbSrkyM,10
0x14bcfd461577c9fd:0xadddcf814814069c,"Decentralized Administration of the Aegean, Greece",SUBCOUNTRY,2026-03-11T15:26:34.100316+00:00,19,G:u22zYerMCkM,Na Pernas,Giorgos Mazonakis,13422,https://www.youtube.com/watch?v=Z8tZBIEP7Rk,3
0x14be6548eb4b9d5f:0x675f17380bb1ba0d,"Muğla, Türkiye",SUBCOUNTRY,2026-03-11T14:25:11.594782+00:00,17,G:xXZbUxvXcF0,Yok Başka Hayalim,Tan Taşçı,53076,https://www.youtube.com/watch?v=Ae7iePAUV14,12
0x14be6c4faeb0d669:0x51a6e218f706590a,"Bodrum, Muğla, Türkiye",CITY,2026-03-11T14:25:04.367770+00:00,20,G:I-ON0Lw4vn0,Bir Ateşe Attın Beni,"Kâmuran Akkor, Sagopa Kajmer",5228,https://www.youtube.com/watch?v=oKMgBYS6MZA,2
0x14bf7209b16cf6bf:0xfba529d61c7ac1c1,"Muğla, Muğla, Türkiye",CITY,2026-03-11T14:25:12.795624+00:00,18,G:xXZbUxvXcF0,Yok Başka Hayalim,Tan Taşçı,4123,https://www.youtube.com/watch?v=Ae7iePAUV14,12
0x14bfbdbff1961523:0xdf8e730ed1eeb2be,"Marmaris, Muğla, Türkiye",CITY,2026-03-11T14:25:12.007553+00:00,19,G:I-ON0Lw4vn0,Bir Ateşe Attın Beni,"Kâmuran Akkor, Sagopa Kajmer",5619,https://www.youtube.com/watch?v=oKMgBYS6MZA,2
0x14c02ba4b24b4fb3:0xf295d6c72b0804a2,"Antalya, Türkiye",SUBCOUNTRY,2026-03-11T15:24:04.311201+00:00,18,G:tJbB7XC3zKI,Bir Dünyasın,"Tefo, Seko",297191,https://www.youtube.com/watch?v=2j9XfINfvJQ,14
0x14c0439b0db6b13b:0x87150704244f70d7,"Fethiye, Muğla, Türkiye",CITY,2026-03-11T14:25:11.624976+00:00,18,G:xXZbUxvXcF0,Yok Başka Hayalim,Tan Taşçı,11766,https://www.youtube.com/watch?v=Ae7iePAUV14,12
0x14c1241b55871b69:0xfe4727efaba963f2,"Burdur, Türkiye",SUBCOUNTRY,2026-03-11T14:15:06.147409+00:00,19,G:H662g1vKklc,Saygımdan,Bengü,10843,https://www.youtube.com/watch?v=4goQBlcdVUk,4
0x14c39aaeddadadc1:0x95c69f73f9e32e33,"Antalya, Antalya, Türkiye",CITY,2026-03-11T15:24:04.013086+00:00,16,G:tJbB7XC3zKI,Bir Dünyasın,"Tefo, Seko",269165,https://www.youtube.com/watch?v=2j9XfINfvJQ,14
0x14c42c1038052bdd:0x7f33fbee17399f8b,"Burdur, Burdur, Türkiye",CITY,2026-03-11T14:15:07.411563+00:00,20,G:H662g1vKklc,Saygımdan,Bengü,6986,https://www.youtube.com/watch?v=4goQBlcdVUk,4
0x14c574dda75e3461:0x5d71f9848543ef7b,"Isparta, Türkiye",SUBCOUNTRY,2026-03-11T14:18:42.031927+00:00,20,G:H662g1vKklc,Saygımdan,Bengü,22097,https://www.youtube.com/watch?v=4goQBlcdVUk,4
0x14c5b5df2a75a3bf:0x7ccba328f3ebe248,"Isparta, Isparta, Türkiye",CITY,2026-03-11T14:18:41.413822+00:00,20,G:H662g1vKklc,Saygımdan,Bengü,20103,https://www.youtube.com/watch?v=4goQBlcdVUk,4
0x14c72153d6334ac9:0xae0ed24f9b70eb3e,"Denizli, Türkiye",SUBCOUNTRY,2026-03-11T15:24:20.667109+00:00,19,G:1nm4ZFH1ip0,Aldanırım,"Sıla Şahin, Samet Kardeşler",66129,https://www.youtube.com/watch?v=74MPLm3YcNI,32
0x14c73fb1353a6a69:0x2e3363fee62068ae,"Denizli, Denizli, Türkiye",CITY,2026-03-11T15:24:21.615042+00:00,18,G:1nm4ZFH1ip0,Aldanırım,"Sıla Şahin, Samet Kardeşler",59043,https://www.youtube.com/watch?v=74MPLm3YcNI,32
0x14c7d2508caf9d31:0xee31b8e5a08c609e,"Uşak, Türkiye",SUBCOUNTRY,2026-03-11T14:30:46.164295+00:00,20,G:tJbB7XC3zKI,Bir Dünyasın,"Tefo, Seko",19460,https://www.youtube.com/watch?v=2j9XfINfvJQ,14
0x14c87fd9700e8031:0xe9e1c5b72df9bba3,"Uşak, Uşak, Türkiye",CITY,2026-03-11T14:30:45.998204+00:00,18,G:tJbB7XC3zKI,Bir Dünyasın,"Tefo, Seko",17163,https://www.youtube.com/watch?v=2j9XfINfvJQ,14
0x14c9031e72e6de71:0xf6e1771cf4ecbd8,"Kütahya, Türkiye",SUBCOUNTRY,2026-03-11T14:17:43.562423+00:00,16,G:FjiDAZjxO5k,Ayay,"Sıla Şahin, Samet Kardeşler",24448,https://www.youtube.com/watch?v=MMLzq0Bh6XE,53
0x14c948171562e423:0x7357c4e7ede1b93c,"Kütahya, Kütahya, Türkiye",CITY,2026-03-11T14:17:42.411479+00:00,20,G:1nm4ZFH1ip0,Aldanırım,"Sıla Şahin, Samet Kardeşler",17429,https://www.youtube.com/watch?v=74MPLm3YcNI,32
0x14caa7040068086b:0xe1ccfe98bc01b0d0,"Istanbul, İstanbul, Türkiye",CITY,2026-03-11T15:24:10.171124+00:00,18,G:3ysBlX1lEfw,Sen Kaldın,Semicenk,2183669,https://www.youtube.com/watch?v=QPXU_mvj2dg,2
0x14cab6515a60157b:0x22ac9af4915a1de8,"İstanbul, Türkiye",SUBCOUNTRY,2026-03-11T15:24:10.518097+00:00,19,G:3ysBlX1lEfw,Sen Kaldın,Semicenk,2167585,https://www.youtube.com/watch?v=QPXU_mvj2dg,2
0x14cae529197b3e1b:0xaf653fdacb792339,"Yalova, Türkiye",SUBCOUNTRY,2026-03-11T15:24:26.489840+00:00,18,G:GGoj0zaU08s,Bir Güldün,Emre Fel,15523,https://www.youtube.com/watch?v=bnZoviZwjSc,69
0x14cafacc286b4cb1:0xb60ab599f8c5d1d0,"Yalova, Yalova, Türkiye",CITY,2026-03-11T15:24:26.923934+00:00,20,G:GGoj0zaU08s,Bir Güldün,Emre Fel,9753,https://www.youtube.com/watch?v=bnZoviZwjSc,69
0x14cb890d3790d19f:0xfdb740a190d12af4,"Bilecik, Türkiye",SUBCOUNTRY,2026-03-11T14:28:54.247522+00:00,16,G:FjiDAZjxO5k,Ayay,"Sıla Şahin, Samet Kardeşler",11288,https://www.youtube.com/watch?v=MMLzq0Bh6XE,53
0x14cb8ff9d112b87f:0xbc0204b016c9231f,"Bilecik, Bilecik, Türkiye",CITY,2026-03-11T14:28:51.546904+00:00,19,G:1nm4ZFH1ip0,Aldanırım,"Sıla Şahin, Samet Kardeşler",5093,https://www.youtube.com/watch?v=74MPLm3YcNI,32
0x14cc15faf81c8e17:0xd89a7bb52753274f,"Eskişehir, Türkiye",SUBCOUNTRY,2026-03-11T14:13:48.694706+00:00,20,G:1nm4ZFH1ip0,Aldanırım,"Sıla Şahin, Samet Kardeşler",53668,https://www.youtube.com/watch?v=74MPLm3YcNI,32
0x14cc3e08220c0e5f:0xbc89395938049a08,"Eskişehir, Eskişehir, Türkiye",CITY,2026-03-11T14:13:43.541228+00:00,18,G:FjiDAZjxO5k,Ayay,"Sıla Şahin, Samet Kardeşler",57227,https://www.youtube.com/watch?v=MMLzq0Bh6XE,53
0x14ce43cb5a179d97:0xabd322149aa43b1f,"Afyonkarahisar, Türkiye",SUBCOUNTRY,2026-03-11T14:27:11.707884+00:00,20,G:1nm4ZFH1ip0,Aldanırım,"Sıla Şahin, Samet Kardeşler",31482,https://www.youtube.com/watch?v=74MPLm3YcNI,32
0x14cf3d7e15ecd85b:0xf0c901fb9ada4b16,"Afyonkarahisar, Afyonkarahisar, Türkiye",CITY,2026-03-11T14:27:09.960488+00:00,20,G:1nm4ZFH1ip0,Aldanırım,"Sıla Şahin, Samet Kardeşler",24531,https://www.youtube.com/watch?v=74MPLm3YcNI,32
0x14d08568d615f745:0x240dd0fc08060967,"Konya, Konya, Türkiye",CITY,2026-03-11T14:27:52.704591+00:00,20,G:tJbB7XC3zKI,Bir Dünyasın,"Tefo, Seko",196394,https://www.youtube.com/watch?v=2j9XfINfvJQ,14
0x14d085a54152234b:0xf81f4fcd25c42c31,"Konya, Türkiye",SUBCOUNTRY,2026-03-11T14:27:53.751765+00:00,20,G:tJbB7XC3zKI,Bir Dünyasın,"Tefo, Seko",209320,https://www.youtube.com/watch?v=2j9XfINfvJQ,14
0x14d302836dee46d9:0x662a9d6fbe0fa78,"Ankara, Türkiye",SUBCOUNTRY,2026-03-11T14:29:35.539592+00:00,18,G:tJbB7XC3zKI,Bir Dünyasın,"Tefo, Seko",1238973,https://www.youtube.com/watch?v=2j9XfINfvJQ,14
0x14d347d520732db1:0xbdc57b0c0842b8d,"Ankara, Ankara, Türkiye",CITY,2026-03-11T14:29:44.153003+00:00,18,G:tJbB7XC3zKI,Bir Dünyasın,"Tefo, Seko",1221044,https://www.youtube.com/watch?v=2j9XfINfvJQ,14
0x14d5168f33b7187b:0xe00d1bf79334b051,"Kırşehir, Türkiye",SUBCOUNTRY,2026-03-11T14:13:04.977636+00:00,17,G:7OHw5LNM_lM,Kan Çiçekleri,Özlem Özdil,11956,https://www.youtube.com/watch?v=utbTpJe04ec,4
0x14d572c090d21383:0x6dd29199261c3d06,"Kırşehir, Kırşehir, Türkiye",CITY,2026-03-11T14:13:05.381648+00:00,17,G:t2vibiZOWCg,Bombalanmış Şahir Gibiyim,Mesut Çelebi,10619,https://www.youtube.com/watch?v=XxgjzUnJOpc,4
0x14d670e51a8b0b7f:0xe621759e8824b0bd,"Aksaray, Aksaray, Türkiye",CITY,2026-03-11T14:28:46.930563+00:00,16,G:7OHw5LNM_lM,Kan Çiçekleri,Özlem Özdil,22242,https://www.youtube.com/watch?v=utbTpJe04ec,4
0x14d67115d29c5515:0xa0ec690aac5336db,"Aksaray, Türkiye",SUBCOUNTRY,2026-03-11T14:28:54.221990+00:00,16,G:7OHw5LNM_lM,Kan Çiçekleri,Özlem Özdil,24554,https://www.youtube.com/watch?v=utbTpJe04ec,4
0x14d98d6780ebefeb:0x31bde2e87bae26bc,"Karaman, Karaman, Türkiye",CITY,2026-03-11T15:24:17.148042+00:00,20,G:1nm4ZFH1ip0,Aldanırım,"Sıla Şahin, Samet Kardeşler",13146,https://www.youtube.com/watch?v=74MPLm3YcNI,32
0x14d98da76f846a81:0x7412d030d70eadee,"Karaman, Türkiye",SUBCOUNTRY,2026-03-11T15:24:16.621705+00:00,19,G:1nm4ZFH1ip0,Aldanırım,"Sıla Şahin, Samet Kardeşler",13902,https://www.youtube.com/watch?v=74MPLm3YcNI,32
0x14dca27b822cd5fb:0xd160c1c8b3dc170b,"Alanya, Antalya, Türkiye",CITY,2026-03-11T15:24:04.734826+00:00,20,G:xXZbUxvXcF0,Yok Başka Hayalim,Tan Taşçı,9775,https://www.youtube.com/watch?v=Ae7iePAUV14,12
0x14de0dbe1f962d29:0xd3d22dab0be5118f,"Kyrenia, Cyprus",SUBCOUNTRY,2026-03-11T15:26:30.129533+00:00,18,G:Ua-vdwwWFEA,Apegnosmena S' Agapo,Anny,7115,https://www.youtube.com/watch?v=sdjFu9PashY,1
0x14de1767ca494d55:0x324c3c807fc4146e,Cyprus,COUNTRY,2026-03-11T15:26:29.824265+00:00,12,G:DhD0cXu-hUI,JALLA,Antigoni,108656,https://www.youtube.com/watch?v=0gk47dNVxjg,8
0x14de1767ca494d55:0x5b5ea49c0311c0a5,"Nicosia, Nicosia, Cyprus",CITY,2026-03-11T14:43:36.737274+00:00,17,G:O6YaaCEBXhc,hay Allah,Murda,36331,https://www.youtube.com/watch?v=Lp7JKbTKx6M,1
0x14de1767ca494d55:0xbfa61172e2b992ff,"Nicosia, Cyprus",SUBCOUNTRY,2026-03-11T14:44:21.239157+00:00,20,G:GvbaMmIzsHU,Peki Madem,"Ramiz, Sagopa Kajmer",40796,https://www.youtube.com/watch?v=7WcrwOCzBR0,2
0x14de1a2976764cf7:0x9a004774d887bfab,"Strovolos, Nicosia, Cyprus",CITY,2026-03-11T14:43:49.497667+00:00,5,G:DhD0cXu-hUI,JALLA,Antigoni,14909,https://www.youtube.com/watch?v=0gk47dNVxjg,8
0x14de256e1347e1f7:0xc4fe57914da55078,"Larnaca, Cyprus",SUBCOUNTRY,2026-03-11T14:39:57.661669+00:00,17,G:o4dRQOQQq9s,Dj Pietro ft. Ελένη Μαυρουδή - Πορτοκαλιά του Καραβά Remake,DJ Pietro,4358,https://www.youtube.com/watch?v=RTN2qDaetYc,4
0x14dfae39ed2a5051:0x6b0989087bb31239,"Famagusta, Cyprus",SUBCOUNTRY,2026-03-11T15:25:39.657174+00:00,19,G:o8FY_KExMvc,O Protos Anthropos,Loukas Yorkas,7516,https://www.youtube.com/watch?v=bsYcjB-ivL8,1
0x14dfc842da4c163d:0x29db03c5a5d3ce87,Famagusta,CITY,2026-03-11T15:25:39.309295+00:00,18,G:GvbaMmIzsHU,Peki Madem,"Ramiz, Sagopa Kajmer",5452,https://www.youtube.com/watch?v=7WcrwOCzBR0,2
0x14e082a16c40cb13:0x4fcbf0221371d0a5,"Larnaca, Larnaca, Cyprus",CITY,2026-03-11T14:39:57.891390+00:00,17,G:o4dRQOQQq9s,Dj Pietro ft. Ελένη Μαυρουδή - Πορτοκαλιά του Καραβά Remake,DJ Pietro,2396,https://www.youtube.com/watch?v=RTN2qDaetYc,4
0x14e70663f42de2c9:0x6c05fdff50f4b5e7,"Paphos, Paphos, Cyprus",CITY,2026-03-11T15:26:30.087188+00:00,20,G:06FiJCr2ye8,Xilia Spirta,Antonis Remos,1877,https://www.youtube.com/watch?v=sTyGh6edBRQ,1
0x14e706e96e799df9:0x58a250d9fcb92d1b,"Paphos, Cyprus",SUBCOUNTRY,2026-03-11T15:26:30.314596+00:00,19,G:rgYN5kDlnLM,Έλλη Κοκκίνου - Από Πού Κι Ως Πού - Official Music Video,Elli Kokkinou,3263,https://www.youtube.com/watch?v=K04kyeelITE,3
0x14e73316ac02f49d:0xbb29e535e3c37f2d,"Limassol, Cyprus",SUBCOUNTRY,2026-03-11T14:40:11.133718+00:00,5,G:DhD0cXu-hUI,JALLA,Antigoni,55349,https://www.youtube.com/watch?v=0gk47dNVxjg,8
0x14e73316ac02f49d:0xdaa97f957025b012,"Limassol, Limassol, Cyprus",CITY,2026-03-11T14:40:09.502664+00:00,4,G:DhD0cXu-hUI,JALLA,Antigoni,49012,https://www.youtube.com/watch?v=0gk47dNVxjg,8
0x1500492432a7c98b:0x6a6b422013352cba,Israel,COUNTRY,2026-03-11T14:08:03.447850+00:00,17,G:13JbgKD2Jd8,לא שם,Osher Cohen,1277503,https://www.youtube.com/watch?v=e5bsS_aZa5w,12
0x15006f476664de99:0x8d285b0751264e99,Jordan,COUNTRY,2026-03-11T14:53:30.078384+00:00,2,G:PFMhU2KonQg,لحلحني ولا لحلحتو دغدغني ولا دغدغتو,Joul Al Refaai,1602667,https://www.youtube.com/watch?v=TeGLPxBLkOU,2
0x150071f87e58f3fb:0xf532a48035a81019,"South District, Israel",SUBCOUNTRY,2026-03-11T14:08:05.391656+00:00,18,G:dhKyY1_nUCE,תמיד אוהב אותי,ששון איפרם שאולוב,104949,https://www.youtube.com/watch?v=rgSvk335zis,7
0x15029c5141685e73:0xeb72211d3092dc0f,"Ashkelon, South District, Israel",CITY,2026-03-11T14:32:16.762370+00:00,18,G:dhKyY1_nUCE,תמיד אוהב אותי,ששון איפרם שאולוב,20033,https://www.youtube.com/watch?v=rgSvk335zis,7
0x1502a3117547e4ef:0x97806d1a5a86632f,"Ashdod, South District, Israel",CITY,2026-03-11T14:32:16.239395+00:00,20,G:dhKyY1_nUCE,תמיד אוהב אותי,ששון איפרם שאולוב,16036,https://www.youtube.com/watch?v=rgSvk335zis,7
0x1502b43827ab66ff:0x17bcc54a571a7ab8,"Rishon LeZion, Center District, Israel",CITY,2026-03-11T14:08:03.669390+00:00,19,G:MgSAMEb2leA,פינה של שקט,Omer Adam,66771,https://www.youtube.com/watch?v=whvYpDdkeOQ,3
0x1502b4bb0c33bf39:0xfbdd79640525e72d,"Holon, Center District, Israel",CITY,2026-03-11T14:08:08.775127+00:00,20,G:Xl7sk2TlGDU,השיר שאת אהבת,Omer Adam,30664,https://www.youtube.com/watch?v=NeD0QwiLkdY,11
0x1502b70592bfe58f:0xeeadf8cb1758f957,"Rehovot, Center District, Israel",CITY,2026-03-11T15:25:50.006558+00:00,20,G:dhKyY1_nUCE,תמיד אוהב אותי,ששון איפרם שאולוב,18051,https://www.youtube.com/watch?v=rgSvk335zis,7
0x1502c4edaeeb9e23:0x4ca1616bb452513d,"Jerusalem District, Israel",SUBCOUNTRY,2026-03-11T14:08:07.657959+00:00,17,G:Qa-tAx5QKlM,בשעות הבודדות,Itay Levi,49554,https://www.youtube.com/watch?v=TGv3akMUreA,2
0x1502d7d634c1fc4b:0xd96f623e456ee1cb,"Jerusalem, Jerusalem District, Israel",CITY,2026-03-11T14:08:05.157822+00:00,15,G:Qa-tAx5QKlM,בשעות הבודדות,Itay Levi,44697,https://www.youtube.com/watch?v=TGv3akMUreA,2
0x1518e6dc413cc6a7:0x69e5b88ad5b0817b,"Damascus Governorate, Syria",SUBCOUNTRY,2026-03-11T14:22:06.200250+00:00,16,G:UEAoTtPCN4w,نركب هالسيارة,Abu Ward,349794,https://www.youtube.com/watch?v=y6w8wcE2QK0,2
0x1518e6dc413cc6a7:0x6b9f66ebd1e394f2,"Damascus, Damascus Governorate, Syria",CITY,2026-03-11T14:22:00.365260+00:00,16,G:UEAoTtPCN4w,نركب هالسيارة,Abu Ward,445798,https://www.youtube.com/watch?v=y6w8wcE2QK0,2
0x1518e6dc413cc6a7:0x877546f4882af620,Syria,COUNTRY,2026-03-11T14:54:21.117908+00:00,14,G:xx_-zUFxF5I,هادي أزرق ||2022|| - يـؤبـش حبيبـي يـؤبـش,Hadi Azrak,1408719,https://www.youtube.com/watch?v=BSSFKnLIEgU,1
0x151b268e6723c69f:0xfe7328d5945e28ae,"Amman Governorate, Jordan",SUBCOUNTRY,2026-03-11T14:53:32.213236+00:00,2,G:PFMhU2KonQg,لحلحني ولا لحلحتو دغدغني ولا دغدغتو,Joul Al Refaai,1416247,https://www.youtube.com/watch?v=TeGLPxBLkOU,2
0x151c2a5f91c4432b:0x7dc4107623d2eef1,"South Governorate, Lebanon",SUBCOUNTRY,2026-03-11T14:53:47.327517+00:00,14,G:w11hPMUn6Yo,فداكي يا أمي,حسين خير الدين,34286,https://www.youtube.com/watch?v=KgRBDWng0mc,1
0x151c378974aa5475:0xa565f1714d69b62f,"North District, Israel",SUBCOUNTRY,2026-03-11T14:08:04.731703+00:00,12,G:JUD1LDHhGhs,עיר ושמיים,Roni Yedidya,83662,https://www.youtube.com/watch?v=1YpHgtkjepE,1
0x151cf2d28866bdd9:0xee17a001d166f686,Palestine,COUNTRY,2026-03-11T14:54:38.637058+00:00,2,G:DjuaZFdQEds,ليه لا,Anas Abu Sneineh,878183,https://www.youtube.com/watch?v=LUmICjng90I,3
0x151d124252d125bb:0x3abe13857b8fe43d,"Hadera, Haifa District, Israel",CITY,2026-03-11T14:23:17.496232+00:00,18,G:dhKyY1_nUCE,תמיד אוהב אותי,ששון איפרם שאולוב,11805,https://www.youtube.com/watch?v=rgSvk335zis,7
0x151d15333e3cd2d5:0x65729b3152c4d1c2,"Center District, Israel",SUBCOUNTRY,2026-03-11T14:07:59.979827+00:00,19,G:5aEti84SSKk,נשמות צמאות,בן צור,604752,https://www.youtube.com/watch?v=DzwL3VgCCIk,5
0x151d3673a30753b9:0xcde0651f23c1443c,"Petah Tikva, Center District, Israel",CITY,2026-03-11T14:08:03.988115+00:00,20,G:5aEti84SSKk,נשמות צמאות,בן צור,59404,https://www.youtube.com/watch?v=DzwL3VgCCIk,5
0x151d400493c075d5:0x2cd995be543c3f22,"Netanya, Center District, Israel",CITY,2026-03-11T14:08:09.487223+00:00,20,G:5aEti84SSKk,נשמות צמאות,בן צור,34805,https://www.youtube.com/watch?v=DzwL3VgCCIk,5
0x151d480dc125e56f:0x46a023cb144ac1c4,"Herzliya, Tel Aviv District, Israel",CITY,2026-03-11T14:23:21.666986+00:00,19,G:g3GnjQfzLR4,היא לא יודעת למה,Pe'er Tasi,7029,https://www.youtube.com/watch?v=Dl4RKBYRUxQ,2
0x151d4bb6fe4f32b1:0xdb7fd25f06e2d540,"Tel Aviv District, Israel",SUBCOUNTRY,2026-03-11T14:08:03.510646+00:00,20,G:MgSAMEb2leA,פינה של שקט,Omer Adam,245562,https://www.youtube.com/watch?v=whvYpDdkeOQ,3
0x151d4c86e794e4ad:0x2d00bf3ee717526f,"Ramat Gan, Tel Aviv District, Israel",CITY,2026-03-11T14:23:20.139625+00:00,19,G:g3GnjQfzLR4,היא לא יודעת למה,Pe'er Tasi,14012,https://www.youtube.com/watch?v=Dl4RKBYRUxQ,2
0x151d4ca6193b7c1f:0xc1fb72a2c0963f90,"Tel Aviv-Yafo, Tel Aviv District, Israel",CITY,2026-03-11T14:07:57.209906+00:00,17,G:hoECwgu5CgY,לילות יפים,"Omer Adam, Gal Adam, Roei Adam",521305,https://www.youtube.com/watch?v=YvoYeqcDFuc,1
0x151dba4c750de845:0x7d89aa7d2f6e2409,"Haifa District, Israel",SUBCOUNTRY,2026-03-11T14:08:06.881703+00:00,18,G:Xl7sk2TlGDU,השיר שאת אהבת,Omer Adam,69436,https://www.youtube.com/watch?v=NeD0QwiLkdY,11
0x151dba4c750de845:0xc35d23982a81529a,"Haifa, Haifa District, Israel",CITY,2026-03-11T14:23:25.746769+00:00,16,G:Xl7sk2TlGDU,השיר שאת אהבת,Omer Adam,28045,https://www.youtube.com/watch?v=NeD0QwiLkdY,11
0x151dce1f090dac99:0x4cad9e4e66b0e416,"Nahariyya, North District, Israel",CITY,2026-03-11T14:43:18.934501+00:00,18,G:Xl7sk2TlGDU,השיר שאת אהבת,Omer Adam,7801,https://www.youtube.com/watch?v=NeD0QwiLkdY,11
0x151f17028422aaad:0xcc7d34096c00f970,Lebanon,COUNTRY,2026-03-11T14:53:43.876124+00:00,11,G:BhxbtmhHWeQ,Chou Nater,Wael Kfoury,624891,https://www.youtube.com/watch?v=6aMCNAxpSNc,2
0x151f5b5aaee1acc3:0x491f9bf01f7dce4,"Mount Lebanon Governorate, Lebanon",SUBCOUNTRY,2026-03-11T14:53:40.225299+00:00,17,G:6J4q1toYc6s,taa neshar sawa,marilyne naaman,262132,https://www.youtube.com/watch?v=7DIX4GRnTQU,1
0x1521f41b0181f5b1:0x21c7de99c1a0591e,"North Governorate, Lebanon",SUBCOUNTRY,2026-03-11T14:53:38.990685+00:00,2,G:AAmzWnnh6sE,Ma Baaref Kif,Saad Ramadan,144139,https://www.youtube.com/watch?v=Tpzrnc3evLw,4
0x1525f31774ce652b:0x9be32962060d1ed3,"Hatay, Türkiye",SUBCOUNTRY,2026-03-11T14:14:01.143275+00:00,17,G:4jzi7NlQYo4,TAK TAK TAK,"Lvbel C5, AKDO",92167,https://www.youtube.com/watch?v=0xji3PXYSxU,36
0x1529c2bebea73199:0x6bbf9f1ca4ce9220,"Niğde, Türkiye",SUBCOUNTRY,2026-03-11T14:29:09.197023+00:00,20,G:4jzi7NlQYo4,TAK TAK TAK,"Lvbel C5, AKDO",17806,https://www.youtube.com/watch?v=0xji3PXYSxU,36
0x1529e7e65b22ed61:0xe646b6c110f0ab6f,"Niğde, Niğde, Türkiye",CITY,2026-03-11T14:29:09.770745+00:00,20,G:4jzi7NlQYo4,TAK TAK TAK,"Lvbel C5, AKDO",15269,https://www.youtube.com/watch?v=0xji3PXYSxU,36
0x152a632a32420d17:0xcb15e9b2787b8e47,"Nevşehir, Türkiye",SUBCOUNTRY,2026-03-11T14:14:52.404955+00:00,20,G:4jzi7NlQYo4,TAK TAK TAK,"Lvbel C5, AKDO",16099,https://www.youtube.com/watch?v=0xji3PXYSxU,36
0x152a6e4566fe8181:0x59d53f1bc98af56c,"Nevşehir, Nevşehir, Türkiye",CITY,2026-03-11T14:14:53.683895+00:00,20,G:4jzi7NlQYo4,TAK TAK TAK,"Lvbel C5, AKDO",12175,https://www.youtube.com/watch?v=0xji3PXYSxU,36
0x152b0e1d3fa4a74f:0x84bd8c4d5a4c2da7,"Kayseri, Kayseri, Türkiye",CITY,2026-03-11T14:16:48.577412+00:00,20,G:8AzCkjH1DuY,Meğerse,Linet,229464,https://www.youtube.com/watch?v=hyTVxbSrkyM,10
0x152b121e06673185:0xa1405eae6c958de0,"Kayseri, Türkiye",SUBCOUNTRY,2026-03-11T14:16:44.640583+00:00,15,G:tJbB7XC3zKI,Bir Dünyasın,"Tefo, Seko",276833,https://www.youtube.com/watch?v=2j9XfINfvJQ,14
0x152d97fe63eea1f5:0x5f4826dd01474dcd,"Kahramanmaraş, Türkiye",SUBCOUNTRY,2026-03-11T15:24:26.410542+00:00,14,G:i27UphwFbHY,Senden Insaf Diler Yarın,İbrahim Tatlıses,96354,https://www.youtube.com/watch?v=QJamrIqDTbw,32
0x152dddbc3d7a1a47:0x8e9bdcea1291516f,"Kahramanmaraş, Kahramanmaraş, Türkiye",CITY,2026-03-11T15:24:26.563684+00:00,14,G:i27UphwFbHY,Senden Insaf Diler Yarın,İbrahim Tatlıses,84254,https://www.youtube.com/watch?v=QJamrIqDTbw,32
0x152e1e7086efc87b:0xc000d90b1a8dc995,"Gaziantep, Türkiye",SUBCOUNTRY,2026-03-11T15:24:09.681728+00:00,14,G:i27UphwFbHY,Senden Insaf Diler Yarın,İbrahim Tatlıses,337444,https://www.youtube.com/watch?v=QJamrIqDTbw,32
0x152ec595505d39c9:0x626f05a9b34ce129,"Osmaniye, Türkiye",SUBCOUNTRY,2026-03-11T14:20:00.875041+00:00,16,G:i27UphwFbHY,Senden Insaf Diler Yarın,İbrahim Tatlıses,31604,https://www.youtube.com/watch?v=QJamrIqDTbw,32
0x152f21ccb453a189:0x2abadcd26e05d60c,"Osmaniye, Osmaniye, Türkiye",CITY,2026-03-11T14:20:04.002496+00:00,16,G:i27UphwFbHY,Senden Insaf Diler Yarın,İbrahim Tatlıses,23025,https://www.youtube.com/watch?v=QJamrIqDTbw,32
0x152f592d49f10bcd:0x71627fb2e950ada4,"İskenderun, Hatay, Türkiye",CITY,2026-03-11T14:14:05.873531+00:00,18,G:4jzi7NlQYo4,TAK TAK TAK,"Lvbel C5, AKDO",25437,https://www.youtube.com/watch?v=0xji3PXYSxU,36
0x1531e6b4f7f18c2f:0xc02e8b35116baad0,"Gaziantep, Gaziantep, Türkiye",CITY,2026-03-11T15:24:10.183677+00:00,14,G:i27UphwFbHY,Senden Insaf Diler Yarın,İbrahim Tatlıses,329225,https://www.youtube.com/watch?v=QJamrIqDTbw,32
0x1533137eb6f2a0df:0xba764218e4f47184,"Adıyaman, Türkiye",SUBCOUNTRY,2026-03-11T15:24:24.322357+00:00,20,G:wpR78VNF8ns,Şiire Gazele,Ahmet Kaya,19157,https://www.youtube.com/watch?v=3EsXqTxZou4,4
0x15331388daa5b1ab:0xdb1596e4c5f547e,"Adıyaman, Adıyaman, Türkiye",CITY,2026-03-11T15:24:23.948221+00:00,19,G:wpR78VNF8ns,Şiire Gazele,Ahmet Kaya,12291,https://www.youtube.com/watch?v=3EsXqTxZou4,4
0x153471b9d5666da1:0xe1f10108cd2deba4,"Şanlıurfa, Türkiye",SUBCOUNTRY,2026-03-11T15:23:59.332961+00:00,19,G:oSSOLxUsrt0,İki Gözümün Çiçeği,Fadıl Aydın,106982,https://www.youtube.com/watch?v=lfjMR_UbTac,15
0x153471ebdc619091:0x8e788516b709466c,"Şanlıurfa, Şanlıurfa, Türkiye",CITY,2026-03-11T15:23:59.468958+00:00,19,G:ZSujrQ5BILo,Neden,İbrahim Tatlıses,86026,https://www.youtube.com/watch?v=Cxq23xtgFQQ,1
0x1557823d54f54a11:0x6da561bba2061602,Iraq,COUNTRY,2026-03-11T14:53:31.190831+00:00,2,G:9yHIs8xF4lA,محسن الفراتي - ادبج ادبج,MF Live,5183340,https://www.youtube.com/watch?v=KIiWunrh4hE,1
0x15b9e765d5296a1b:0x30521aeebac0f1f0,"Al Madinah Province, Saudi Arabia",SUBCOUNTRY,2026-03-11T14:10:32.250804+00:00,7,G:LGKZpZux8oA,حلوة البنات,نايف سليمان,106089,https://www.youtube.com/watch?v=4DL_8_1OtzI,2
0x15bdbe5197d220d5:0x2e54514fea3b08d9,"Madinah, Al Madinah Province, Saudi Arabia",CITY,2026-03-11T14:10:37.138846+00:00,8,G:LGKZpZux8oA,حلوة البنات,نايف سليمان,103152,https://www.youtube.com/watch?v=4DL_8_1OtzI,2
0x15c21b4ced818775:0x98ab2469cf70c9ce,"Makkah, Makkah Province, Saudi Arabia",CITY,2026-03-11T14:10:33.917896+00:00,17,G:h2igHRSAcbU,جابها لاهلو,Slow Moe,24749,https://www.youtube.com/watch?v=ffB6cHJjwzM,1
0x15c3d01fb1137e59:0xe059579737b118db,"Jeddah, Makkah Province, Saudi Arabia",CITY,2026-03-11T14:10:31.889480+00:00,8,G:VLd2yfHADlU,احلي قرار,Amr Gaber,413724,https://www.youtube.com/watch?v=hBmaUbcP3q0,2
0x15c3d01fb1137e59:0xf3e84984d844e518,"Makkah Province, Saudi Arabia",SUBCOUNTRY,2026-03-11T14:10:28.008712+00:00,10,G:VLd2yfHADlU,احلي قرار,Amr Gaber,431210,https://www.youtube.com/watch?v=hBmaUbcP3q0,2
0x15d91cc41072b195:0xd2bf70462a612b37,Sudan,COUNTRY,2026-03-11T14:54:24.472713+00:00,20,G:vsJApGfYF3w,مدن عينيك  | لينا قاسم | مصطفي سيد احمد | COVER 2025 NEW,Leena Qasim,22011,https://www.youtube.com/watch?v=GLq6Fbug0JM,1
0x15e7b33fe7952a41:0x5960504bc21ab69b,Saudi Arabia,COUNTRY,2026-03-11T14:10:33.153619+00:00,16,G:C6Z3RiBedVo,يا غريبة,الوليد ال عامر,1047779,https://www.youtube.com/watch?v=6XCHttCXox0,5
0x1603d9c856ed80f5:0xbb1c76be44c70407,"Sana'a City, Yemen",SUBCOUNTRY,2026-03-11T14:18:34.021992+00:00,19,G:BnJNvWMRflI,يامدور الحاجة | شارة مسلسل الضايعة,قناة المهرية الفضائية,65546,https://www.youtube.com/watch?v=tjNrVIG-CHY,2
0x1603dbac7c34bc5f:0x92f129377eae77ae,Yemen,COUNTRY,2026-03-11T14:54:46.245643+00:00,18,G:TbMoZCjXyg8,الحرب ماهي بين سنّة وشيعة,سالم المسعودي اعمال خاصة,136427,https://www.youtube.com/watch?v=U4YrLVTXHEw,1
0x1603dbd54684f731:0xa46b957a1482ac73,"Sanaa, Sana'a City, Yemen",CITY,2026-03-11T14:18:29.173710+00:00,19,G:BnJNvWMRflI,يامدور الحاجة | شارة مسلسل الضايعة,قناة المهرية الفضائية,64901,https://www.youtube.com/watch?v=tjNrVIG-CHY,2
0x1627dd12108c33e9:0x1855daa9eb6dca76,"Woqooyi Galbeed, Somalia",SUBCOUNTRY,2026-03-11T14:54:23.885493+00:00,6,G:EBlLpqIwBhQ,Yaa Nuural Ablaj,Omar Aden,105589,https://www.youtube.com/watch?v=XQA8gvk4uFM,2
0x1628bf87108c7219:0x61638d9da9bd62d2,"Hargeisa, Woqooyi Galbeed, Somalia",CITY,2026-03-11T14:54:22.446739+00:00,6,G:EBlLpqIwBhQ,Yaa Nuural Ablaj,Omar Aden,103073,https://www.youtube.com/watch?v=XQA8gvk4uFM,2
0x1635d0cedd6cfd2b:0x7bf6a67f5348c55a,Ethiopia,COUNTRY,2026-03-11T15:26:30.341440+00:00,19,G:RKKP1_qc_UY,Metadel New,Ephrem Tamiru,401420,https://www.youtube.com/watch?v=8yRY1GnDv8o,1
0x16451ea0d04749c1:0xd28e8bf9f082f4b3,"Amhara, Ethiopia",SUBCOUNTRY,2026-03-11T15:26:30.738238+00:00,3,G:kTgNKWj1lZA,Gonder Zemenay,Bamlak Getnet,47123,https://www.youtube.com/watch?v=X_dfj4Vrewg,1
0x164b84f21691961f:0x822a438ed5adcc15,"Addis Ababa, Ethiopia",SUBCOUNTRY,2026-03-11T14:14:43.300566+00:00,20,G:kCCq7H2p2zQ,Engedih Men Lebel,Zemari Deacon Abel Mekbibi,264029,https://www.youtube.com/watch?v=b5M35H5uipQ,1
0x164b85cef5ab402d:0x8467b6b037a24d49,"Addis Ababa, Addis Ababa, Ethiopia",CITY,2026-03-11T14:14:35.797664+00:00,16,G:ZihTnC-FAN0,Sabr,Tofik Yusuf,316039,https://www.youtube.com/watch?v=rKXHIWp3RTs,2
0x168ed80be07fbb8d:0xe0e4c469d59e6478,"Khartoum, Sudan",SUBCOUNTRY,2026-03-11T14:20:33.947890+00:00,20,G:Z2_OUilcWgI,تجيبي يا لولا,Awadia Azab,15103,https://www.youtube.com/watch?v=aW3pzvdP_0Y,1
0x181d2ea7ecd15b83:0x9e393ace5ce9e5be,Somalia,COUNTRY,2026-03-11T14:54:21.003095+00:00,7,G:j92ZqqNdknk,Kawadanaada,Sharma Boy,261113,https://www.youtube.com/watch?v=sMY-dM8N6YY,1
0x182780d08350900f:0x403b0eb0a1976dd9,Kenya,COUNTRY,2026-03-11T14:08:43.133797+00:00,20,G:jOhRKJH0CN8,Je ?,Devrix Da Fubu,1211158,https://www.youtube.com/watch?v=gXrxlL_rrlA,1
0x182f11655c311541:0x9dd769ac1c10b897,"Nairobi County, Kenya",SUBCOUNTRY,2026-03-11T14:08:35.417504+00:00,19,G:iSmxHdf2vcg,Mirima,Prince Indah,756801,https://www.youtube.com/watch?v=Tx2IJhPJF74,1
0x182f1172d84d49a7:0xf7cf0254b297924c,"Nairobi, Nairobi County, Kenya",CITY,2026-03-11T14:08:38.458460+00:00,18,G:nWfYPqLFoN0,Berna,Prince Indah,802489,https://www.youtube.com/watch?v=ggqP-o1pkX0,2
0x18316743903a7001:0xd70fed2b66124153,"Arusha Region, Tanzania",SUBCOUNTRY,2026-03-11T14:11:15.804561+00:00,15,G:hmWPOtPAjhg,TEGEMEO LETU,ALEXANDER ABDALLAH,10794,https://www.youtube.com/watch?v=BM66nlRY4vo,2
0x18371c88f2387383:0xbc1907f7ec497152,"Arusha, Arusha Region, Tanzania",CITY,2026-03-11T14:11:16.676702+00:00,19,G:hmWPOtPAjhg,TEGEMEO LETU,ALEXANDER ABDALLAH,10015,https://www.youtube.com/watch?v=BM66nlRY4vo,2
0x184b51314869a111:0x885a17314bc1c430,Tanzania,COUNTRY,2026-03-11T14:11:20.187091+00:00,16,G:pji1Owr-RpY,For Everybody,Burna Boy,345101,https://www.youtube.com/watch?v=jUkcAa_IBU0,2
0x185c4bae169bd6f1:0x940f6b26a086a1dd,"Dar es Salaam, Dar es Salam, Tanzania",CITY,2026-03-11T14:11:15.646176+00:00,16,G:pji1Owr-RpY,For Everybody,Burna Boy,280646,https://www.youtube.com/watch?v=jUkcAa_IBU0,2
0x18d4aceae6fd4ac5:0x12bbbfb9ae16a115,Mozambique,COUNTRY,2026-03-11T14:53:56.510037+00:00,1,G:B6l8TGRH0AM,Safadinha,Mr. Bow,1232080,https://www.youtube.com/watch?v=1vr_ZwnxCgg,3
0x1979facf9a7546bd:0x4c63e5eac93f141,Democratic Republic of the Congo,COUNTRY,2026-03-11T15:26:29.298642+00:00,2,G:ERO0pKUX3NI,Champagne,RJ Kanierra,1621978,https://www.youtube.com/watch?v=_g2-z15EGuY,1
0x19c29654e73840e3:0x7490b026cbcca103,Rwanda,COUNTRY,2026-03-11T14:54:08.105855+00:00,19,G:hkeMBuKmXfE,Turarenze,Davis D,364429,https://www.youtube.com/watch?v=xpTYkq_Rwf8,2
0x19dca4258ed8e797:0x32fbb533d31f0834,"Kigali City, Rwanda",SUBCOUNTRY,2026-03-11T14:22:21.331188+00:00,19,G:x_qzeJnLDTY,KOMSA,Siji.,330682,https://www.youtube.com/watch?v=XowofwlMbiI,1
0x19dca4258ed8e797:0xf32b36a5411d0bc8,"Kigali, Rwanda",CITY,2026-03-11T14:39:28.416737+00:00,20,G:hkeMBuKmXfE,Turarenze,Davis D,334590,https://www.youtube.com/watch?v=xpTYkq_Rwf8,2
0x1a51f15cdc8d2c7d:0x850c1c5c5ecc5a92,"Luanda, Luanda Province, Angola",CITY,2026-03-11T14:40:20.361628+00:00,19,G:Mbg0-3fLfRA,Ondas Do Mar,"Anna Joyce, Ivandro",194808,https://www.youtube.com/watch?v=alos65Ek7rU,2
0x1a51f24ecaad8b27:0x590a289d0d4a4e3d,Angola,COUNTRY,2026-03-11T15:26:26.646499+00:00,19,G:Mbg0-3fLfRA,Ondas Do Mar,"Anna Joyce, Ivandro",252853,https://www.youtube.com/watch?v=alos65Ek7rU,2
0x1a51f24ecaad8b27:0x7f137f563288bd87,"Luanda Province, Angola",SUBCOUNTRY,2026-03-11T14:40:23.357642+00:00,20,G:GbX5-Wf17Vk,Me Bateram,Yoisboy Beat,237927,https://www.youtube.com/watch?v=DjsStF6eyVM,2
0x1c0b0dfe4e33ca7f:0x2903b2d9167ecd54,"Khomas Region, Namibia",SUBCOUNTRY,2026-03-11T14:21:27.558347+00:00,7,G:J-Q3NgYbSPk,Hip Hip Hooray,Shax Champion,136786,https://www.youtube.com/watch?v=zdwwPvIc_S4,2
0x1c0b1b5cb30c01ed:0xe4b84940cc445d3b,"Windhoek, Khomas Region, Namibia",CITY,2026-03-11T14:21:21.009039+00:00,7,G:J-Q3NgYbSPk,Hip Hip Hooray,Shax Champion,136694,https://www.youtube.com/watch?v=zdwwPvIc_S4,2
0x1c34a689d9ee1251:0xe85d630c1fa4e8a0,South Africa,COUNTRY,2026-03-11T14:10:43.219371+00:00,16,G:j9OUPwD2JDU,Intaba Zokhahlamba (feat. SHENGE WASEHLALANKOSI & Mjolisi),Mphathiwohlelo MC,2459173,https://www.youtube.com/watch?v=it2zjLKH0DQ,9
0x1dcc500f8826eed7:0x687fe1fc2828aa87,"Cape Town, Western Cape, South Africa",CITY,2026-03-11T14:10:39.643242+00:00,19,G:eqvNOivMzUA,Isibaya Sikababa,Nkeshemba,323623,https://www.youtube.com/watch?v=dfuPFwdh5Iw,6
0x1dcc5d887a698df3:0xe98e798f2136a28b,"Western Cape, South Africa",SUBCOUNTRY,2026-03-11T14:10:42.586821+00:00,19,G:5YEnbNRCQW4,Lisa se Klavier,BongoVibes,390811,https://www.youtube.com/watch?v=38mGxFYpezQ,1
0x1e6256342ae79cbb:0x3a6a94d2a972ac92,"Eastern Cape, South Africa",SUBCOUNTRY,2026-03-11T14:10:44.971689+00:00,15,G:AgpH3OsBLAE,Ola Sbali,"Danya Devs, Mawelele",182978,https://www.youtube.com/watch?v=ta7klYnhgZY,5
0x1e7b290045ffd62b:0x86fd2337cd894226,"Gqeberha, Eastern Cape, South Africa",CITY,2026-03-11T14:10:42.847829+00:00,20,G:xmJ_OMaWx9o,Thandolwethu (feat. Zamambo Mkhize & Umfana Wekhansela),Mzukulu,36987,https://www.youtube.com/watch?v=2_sR88j6KpA,4
0x1e8fc56133d61419:0xedf58a554da20a47,"Free State, South Africa",SUBCOUNTRY,2026-03-11T14:10:44.845252+00:00,16,G:TDdJEZp0dK4,Tobetsa,"Myztro, Shaunmusiq & Ftears",57689,https://www.youtube.com/watch?v=ypJ7kytned4,4
0x1e8fc57b9f07bf8b:0x1f16f55bb211b749,"Bloemfontein, Free State, South Africa",CITY,2026-03-11T15:24:28.806392+00:00,20,G:t1cMblAA4tE,The Good Die Young,FIZZY SA,20799,https://www.youtube.com/watch?v=yWM-a33FFWw,3
0x1e950c68f0406a51:0x238ac9d9b1d34041,"Johannesburg, Gauteng, South Africa",CITY,2026-03-11T14:10:39.434773+00:00,19,G:t1cMblAA4tE,The Good Die Young,FIZZY SA,185839,https://www.youtube.com/watch?v=yWM-a33FFWw,3
0x1e9512955411779f:0x6d9ee7c7cb5438e2,"Gauteng, South Africa",SUBCOUNTRY,2026-03-11T14:10:37.787847+00:00,15,G:-gDL4r1XNyA,"Bjaleni(Skinny Malepolana)  (feat. Patron West, Jojo Manjaro, Gallarbass, (Aofishehlaga)Steel Bosh & Fuego)",Natiey Lepaka,1412118,https://www.youtube.com/watch?v=xvp8CP5ZCbQ,4
0x1e95619cbec65033:0xf66262b07a847b4c,"Pretoria, Gauteng, South Africa",CITY,2026-03-11T14:10:46.617996+00:00,12,G:t1cMblAA4tE,The Good Die Young,FIZZY SA,636892,https://www.youtube.com/watch?v=yWM-a33FFWw,3
0x1e957398cbf40517:0xdf8bd21bf1eb74c,"Sandton, Gauteng, South Africa",CITY,2026-03-11T14:10:45.089443+00:00,16,G:FIkFXzcEZB8,"Ngisakuthanda (feat. PYY Log Drum King, DJ Tearz & Dr Thulz)","Zee Nxumalo, TBO",48114,https://www.youtube.com/watch?v=pxHBOxFrCow,6
0x1e9574b0839fe795:0x4443ba51b0acaf0d,"Randburg, Gauteng, South Africa",CITY,2026-03-11T14:20:13.408911+00:00,16,G:FIkFXzcEZB8,"Ngisakuthanda (feat. PYY Log Drum King, DJ Tearz & Dr Thulz)","Zee Nxumalo, TBO",18418,https://www.youtube.com/watch?v=pxHBOxFrCow,6
0x1e957b0df5954b27:0x474f6dba7062227f,"Centurion, Gauteng, South Africa",CITY,2026-03-11T14:20:10.719730+00:00,20,G:-gDL4r1XNyA,"Bjaleni(Skinny Malepolana)  (feat. Patron West, Jojo Manjaro, Gallarbass, (Aofishehlaga)Steel Bosh & Fuego)",Natiey Lepaka,16976,https://www.youtube.com/watch?v=xvp8CP5ZCbQ,4
0x1e959fc44e94e52b:0x21e34710a49d1963,"Roodepoort, Gauteng, South Africa",CITY,2026-03-11T14:20:13.806097+00:00,17,G:CaholmxM0BY,AmaRider,"Royal MusiQ, Benzoo, Officixl RSA",21441,https://www.youtube.com/watch?v=wPGYXkVw4CI,2
0x1e980a42e8805deb:0x472daafe316490ff,"North West, South Africa",SUBCOUNTRY,2026-03-11T14:10:45.942250+00:00,18,G:CaholmxM0BY,AmaRider,"Royal MusiQ, Benzoo, Officixl RSA",45419,https://www.youtube.com/watch?v=wPGYXkVw4CI,2
0x1ee69723b666da55:0x42497f579a6bb442,"Maputo, Maputo, Mozambique",CITY,2026-03-11T15:25:42.908845+00:00,20,G:U1py_g85vNI,Xissovorani,Helder boy feat Madala Hori,282601,https://www.youtube.com/watch?v=J7anUnxkyNI,1
0x1ee69af1cd58c011:0x8b50b0baead82a4f,"Maputo, Mozambique",SUBCOUNTRY,2026-03-11T15:25:42.281768+00:00,17,G:vGuSLsUXI5c,Me Enganou,Hot Blaze,76384,https://www.youtube.com/watch?v=avxk-Q2A_48,1
0x1ef1100e59e20e55:0x826178a76be4d98d,"KwaZulu-Natal, South Africa",SUBCOUNTRY,2026-03-11T14:10:43.597218+00:00,9,G:RGk0X_PcKAo,Incenge Kancane,Feza,428886,https://www.youtube.com/watch?v=hVT8pW6TS_k,3
0x1ef6bdd89a970233:0xd8129bf7d1ab70cd,"Pietermaritzburg, KwaZulu-Natal, South Africa",CITY,2026-03-11T14:24:38.236382+00:00,9,G:RGk0X_PcKAo,Incenge Kancane,Feza,39932,https://www.youtube.com/watch?v=hVT8pW6TS_k,3
0x1ef7aa0001bc61b7:0xcca75546c4aa6e81,"Durban, KwaZulu-Natal, South Africa",CITY,2026-03-11T14:10:40.816796+00:00,17,G:dT5OGH8m-ns,Ulova,Mjabulisi no Mnotho,208427,https://www.youtube.com/watch?v=SUMTZR19cUE,1
0x21787390708ca6e5:0x1c58a51ed4309390,"Saint-Pierre, Réunion",SUBCOUNTRY,2026-03-11T14:17:36.776673+00:00,19,G:QMfR0LaFWH8,JUSQU’À LA FIN,Kénaelle,85974,https://www.youtube.com/watch?v=I2sZtu8c4JM,1
0x2178778110b8e43b:0x4a7f8e89ecdbeaf9,Réunion,COUNTRY,2026-03-11T14:54:05.695486+00:00,16,G:padZ3RBajhs,Homme Parfait,Pix'L,194030,https://www.youtube.com/watch?v=yG_UpHHI35E,4
0x21787b247055e257:0x8879c573c0dd40d9,"Saint-Benoît, Réunion",SUBCOUNTRY,2026-03-11T14:54:05.839305+00:00,11,G:Z0xk44e71kM,In Kabar,Tine Poppy,18853,https://www.youtube.com/watch?v=96onSsYaDE4,2
0x217c504941d601ef:0xfdc5186c91bdbb3d,"Port Louis, Port Louis District, Mauritius",CITY,2026-03-11T14:29:03.962259+00:00,18,G:xjjgZSzDsrQ,Lot Chance,Donovan Bts,18259,https://www.youtube.com/watch?v=NxPYa9rw3Oc,4
0x217c504df94474c9:0x4203d9c2116bd031,Mauritius,COUNTRY,2026-03-11T14:53:50.864934+00:00,20,G:Y-fPaDCytV8,DIGIDI,Jo'Ey,255395,https://www.youtube.com/watch?v=ppHu3IhzApA,3
0x217c5103a496f49b:0x65fd839e39381aea,"Port Louis District, Mauritius",SUBCOUNTRY,2026-03-11T14:29:04.958268+00:00,19,G:xjjgZSzDsrQ,Lot Chance,Donovan Bts,12661,https://www.youtube.com/watch?v=NxPYa9rw3Oc,4
0x217c5b31d9db0e9d:0xf746dba92005fdcc,"Beau Bassin-Rose Hill, Plaines Wilhems District, Mauritius",CITY,2026-03-11T14:16:34.295139+00:00,16,G:xjjgZSzDsrQ,Lot Chance,Donovan Bts,15718,https://www.youtube.com/watch?v=NxPYa9rw3Oc,4
0x217c5b362a53eb21:0xa89e7a31911b7451,"Quatre Bornes, Plaines Wilhems District, Mauritius",CITY,2026-03-11T14:16:32.294014+00:00,15,G:Y-fPaDCytV8,DIGIDI,Jo'Ey,97491,https://www.youtube.com/watch?v=ppHu3IhzApA,3
0x217c5c7dd9bc52bb:0x5cbc333a1c31e792,"Plaines Wilhems District, Mauritius",SUBCOUNTRY,2026-03-11T14:16:37.689461+00:00,20,G:Y-fPaDCytV8,DIGIDI,Jo'Ey,195505,https://www.youtube.com/watch?v=ppHu3IhzApA,3
0x217c5cbbfff9ede5:0xa0ab8bed217a02c7,"Vacoas-Phoenix, Plaines Wilhems District, Mauritius",CITY,2026-03-11T14:16:32.410995+00:00,19,G:PrEfIp2_iac,Barbaad,Jubin Nautiyal,109026,https://www.youtube.com/watch?v=0v5eHPfy5Lk,5
0x218281d8e016915d:0x8412ddeb1255f97,"Saint-Denis, Réunion",SUBCOUNTRY,2026-03-11T14:54:08.010402+00:00,16,G:padZ3RBajhs,Homme Parfait,Pix'L,50538,https://www.youtube.com/watch?v=yG_UpHHI35E,4
0x21828f5b2155a8ed:0xbe74fac80c57a814,"Saint-Paul, Réunion",SUBCOUNTRY,2026-03-11T14:54:05.182817+00:00,19,G:aepqW9MMJrk,Mon ker,Loïc Zemia,24331,https://www.youtube.com/watch?v=-SJpGvRlSr8,1
0x21d1a4e3ea238545:0x5244e3c1977b1388,Madagascar,COUNTRY,2026-03-11T14:53:44.666535+00:00,1,G:XJmA1D_7_WI,Number One,"Ckycky, Majesty, Rim-Ka",370610,https://www.youtube.com/watch?v=rKqpoV2FRuk,1
0x220a0e33dcf28dbb:0xff32176795fe2a4b,Mayotte,COUNTRY,2026-03-11T14:53:46.295575+00:00,13,G:cX4WlhOKTE4,Y Nyé Nyéré (Bonus),Sourette,23755,https://www.youtube.com/watch?v=3pNV0pHVT8Q,1
0x220a13ea9a9b9ce1:0xd31148b93017558b,"Mamoudzou-1, Mayotte",SUBCOUNTRY,2026-03-11T14:53:44.509671+00:00,1,G:ZdaqeJCVq3Q,TABALOUGA,B•YAMSON,2846,https://www.youtube.com/watch?v=t4aM8Ra3K40,2
0x24b599bfaafb7bbd:0x414509e181956289,Maldives,COUNTRY,2026-03-11T14:53:58.444727+00:00,3,G:uJmueWq-3gU,Mariyam Malaa,Ekathi Boduberu,43851,https://www.youtube.com/watch?v=hjlEfjtAG0I,1
0x25a3b1142c791a9:0xc4f8a0433288257a,United Kingdom,COUNTRY,2026-03-11T14:11:58.496665+00:00,15,G:wI0adtRAyVE,TAI CHI,Sasha Keable,1686695,https://www.youtube.com/watch?v=YagSC_kQTCs,6
0x2a32966cdb47733d:0x304f0b535df55d0,"Perth, Western Australia, Australia",CITY,2026-03-11T14:01:57.939835+00:00,17,G:2XPxfk6k7GI,So Easy (To Fall In Love),Olivia Dean,74230,https://www.youtube.com/watch?v=3sur4BmjQt8,44
0x2a392a2e89f384d1:0x6e0e4adf3200a399,"Western Australia, Australia",SUBCOUNTRY,2026-03-11T14:01:54.928351+00:00,17,G:2XPxfk6k7GI,So Easy (To Fall In Love),Olivia Dean,79040,https://www.youtube.com/watch?v=3sur4BmjQt8,44
0x2b2bfd076787c5df:0x538267a1955b1352,Australia,COUNTRY,2026-03-11T14:01:33.457334+00:00,16,G:2XPxfk6k7GI,So Easy (To Fall In Love),Olivia Dean,750213,https://www.youtube.com/watch?v=3sur4BmjQt8,44
0x2c4c07d7496404b7:0xe37b4de71badf485,Indonesia,COUNTRY,2026-03-11T14:07:43.553114+00:00,19,G:rCa7Sd1PmAU,About You,The 1975,7506195,https://www.youtube.com/watch?v=JCz1iyabp9g,11
0x2d0cfa80fd6bbe8b:0x1030bfbcaf71af0,"South Sulawesi, Indonesia",SUBCOUNTRY,2026-03-11T14:56:01.498770+00:00,16,G:THxRbLtMEmQ,Stecu Stecu,Faris Adam,377565,https://www.youtube.com/watch?v=2e0BMACvymo,4
0x2d8809c9659a2d3d:0x436e33fd8cdb6299,"Central Sulawesi, Indonesia",SUBCOUNTRY,2026-03-11T14:21:25.516581+00:00,18,G:ypWCBVoQxvE,Manyasal Pakai Hati,Fresly Nikijuluw,69662,https://www.youtube.com/watch?v=_R-XgQ7ikTs,3
0x2d8bee99987e53fd:0x3030bfbcaf77160,"Palu, Central Sulawesi, Indonesia",CITY,2026-03-11T14:21:24.828516+00:00,10,G:y8sTrZDyY8Y,"Nikah Kapan? (feat. Toton Caribo, Vicky Salamor & Jacson Zeran)",Wizz Baker,72161,https://www.youtube.com/watch?v=4VxMou1bQog,4
0x2da393f79feeb5c5:0x1030bfbca7cb850,"East Java, Indonesia",SUBCOUNTRY,2026-03-11T14:07:34.024650+00:00,16,G:fX6gyPD_hHE,Tunggal Eka,Denny Caknan,1160971,https://www.youtube.com/watch?v=827HSYJX5uw,6
0x2db80d941a12ed21:0x6967c2ccd0f775c5,"West Nusa Tenggara, Indonesia",SUBCOUNTRY,2026-03-11T14:56:08.069174+00:00,12,G:qpjynimQDZI,Awak Jaok,Erny Ayuningsih,102738,https://www.youtube.com/watch?v=R-fXK9WBbUw,2
0x2dbee329d96c4671:0x3030bfbcaf770b0,"Makassar, South Sulawesi, Indonesia",CITY,2026-03-11T14:07:47.618297+00:00,14,G:THxRbLtMEmQ,Stecu Stecu,Faris Adam,336012,https://www.youtube.com/watch?v=2e0BMACvymo,4
0x2dcdbf5f22de1ef1:0x3030bfbcaf7d0d0,"Mataram, West Nusa Tenggara, Indonesia",CITY,2026-03-11T14:41:18.219702+00:00,12,G:qpjynimQDZI,Awak Jaok,Erny Ayuningsih,60476,https://www.youtube.com/watch?v=R-fXK9WBbUw,2
0x2dd141d3e8100fa1:0x24910fb14b24e690,"Bali, Indonesia",SUBCOUNTRY,2026-03-11T14:27:39.052578+00:00,20,G:G86M0hoo3II,Jodoh Sing Dadi Paksayang,Ary Kencana,415991,https://www.youtube.com/watch?v=KzZGpZ4iT6A,1
0x2dd2409b0e5e80db:0xe27334e8ccb9374a,"Denpasar, Bali, Indonesia",CITY,2026-03-11T14:27:32.652539+00:00,17,G:QsD8jDumveM,Percuma Ngeling,Rudiawan,308099,https://www.youtube.com/watch?v=TYKoFJ6Fg2Y,2
0x2dd24699ccf67337:0x4030bfbca7d2c00,"Kuta, Bali, Indonesia",CITY,2026-03-11T14:27:35.897758+00:00,1,G:eJRp-oMggtc,Bungan Hati,Rudiawan,46874,https://www.youtube.com/watch?v=uzY-Rq7CQnI,3
0x2dd62822063dc2fb:0x78879446481a4da2,"Malang, East Java, Indonesia",CITY,2026-03-11T14:40:39.984077+00:00,17,G:Y4pT3sVmE24,Ropang (feat. NDX A.K.A.),Denny Caknan,143048,https://www.youtube.com/watch?v=XoTmzKgp3es,9
0x2dd7fbf8381ac47f:0x3027a76e352be40,"Surabaya, East Java, Indonesia",CITY,2026-03-11T14:07:36.030866+00:00,20,G:Y4pT3sVmE24,Ropang (feat. NDX A.K.A.),Denny Caknan,418671,https://www.youtube.com/watch?v=XoTmzKgp3es,9
0x2dddb739bdd2b445:0x147eb650b797c113,"South Kalimantan, Indonesia",SUBCOUNTRY,2026-03-11T14:55:55.374083+00:00,11,G:U6V1pon_J6M,Purun Pian,JEF Banjar,177203,https://www.youtube.com/watch?v=imeSNhGAJ04,2
0x2de2bfb286bc963f:0xcfdbd56783f56bae,"Central Kalimantan, Indonesia",SUBCOUNTRY,2026-03-11T14:21:25.539816+00:00,20,G:KDWSmPO7N7A,Lesung Pipi,Raim Laode,64538,https://www.youtube.com/watch?v=gBg0qyuK1EQ,6
0x2de4209aa1eec961:0x26030bfcc09204d2,"Banjarmasin, South Kalimantan, Indonesia",CITY,2026-03-11T14:32:39.128705+00:00,19,G:birunZe4VuQ,Kasih Matan Di Hawas,JEF Banjar,110096,https://www.youtube.com/watch?v=fbBgQWSaLLk,1
0x2df14710964d9c91:0xc4abb01d2fe376d7,"East Kalimantan, Indonesia",SUBCOUNTRY,2026-03-11T14:54:58.544581+00:00,15,G:KDWSmPO7N7A,Lesung Pipi,Raim Laode,201142,https://www.youtube.com/watch?v=gBg0qyuK1EQ,6
0x2df14710964d9c91:0xcaa6ec96c2aea6d2,"Balikpapan, East Kalimantan, Indonesia",CITY,2026-03-11T14:27:33.114151+00:00,16,G:KDWSmPO7N7A,Lesung Pipi,Raim Laode,84822,https://www.youtube.com/watch?v=gBg0qyuK1EQ,6
0x2df67f9e3a5b4857:0xd9d9678dade6eae3,"Samarinda, East Kalimantan, Indonesia",CITY,2026-03-11T15:26:02.217104+00:00,20,G:Y5EXXOIFS0E,SPONTAN ( tanpa ) UHUY!,DEABDIL,73234,https://www.youtube.com/watch?v=n0sxFjzZLIw,5
0x2e0518178cebfebb:0xcd5ceced4c2148a0,"West Kalimantan, Indonesia",SUBCOUNTRY,2026-03-11T14:56:12.421417+00:00,14,G:LDIS7y_oPXY,Aku Milikmu,Dewa 19,175610,https://www.youtube.com/watch?v=lHC_pKJKKg8,2
0x2e108b753d35ea2d:0x18fc8101e201c4cf,"South Sumatra, Indonesia",SUBCOUNTRY,2026-03-11T14:55:59.340214+00:00,18,G:qOJIgPaT6wM,Aku Tak Berarti Bagimu,Azizah Maumere,208787,https://www.youtube.com/watch?v=j4MJKLNOq-s,4
0x2e1d58f604b0799b:0x511ef9501fc9ffe3,"Pontianak, West Kalimantan, Indonesia",CITY,2026-03-11T14:47:26.342104+00:00,14,G:LDIS7y_oPXY,Aku Milikmu,Dewa 19,124696,https://www.youtube.com/watch?v=lHC_pKJKKg8,2
0x2e27575819b13e77:0x836f02946cb5bdb1,"Riau, Indonesia",SUBCOUNTRY,2026-03-11T14:31:00.162348+00:00,20,G:heQsyzf667w,SESALKU MENGENAL MU,Eno Viola,206697,https://www.youtube.com/watch?v=dLjNMR2RHjs,1
0x2e3b75e8fc27a3e3:0x3039d80b220d0c0,"Palembang, South Sumatra, Indonesia",CITY,2026-03-11T14:45:06.734618+00:00,18,G:qOJIgPaT6wM,Aku Tak Berarti Bagimu,Azizah Maumere,179468,https://www.youtube.com/watch?v=j4MJKLNOq-s,4
0x2e3b760153ac22a7:0x8f3b58c75f89b09a,"Lampung, Indonesia",SUBCOUNTRY,2026-03-11T15:24:17.143760+00:00,18,G:uaB5cbrFg4A,Kangen,Dewa 19,160013,https://www.youtube.com/watch?v=yrvVKSdwVIA,9
0x2e40da46f3aa6fbf:0x3039d80b220cc40,"Bandar Lampung, Lampung, Indonesia",CITY,2026-03-11T15:24:16.776976+00:00,20,G:Y5EXXOIFS0E,SPONTAN ( tanpa ) UHUY!,DEABDIL,112465,https://www.youtube.com/watch?v=n0sxFjzZLIw,5
0x2e418ad6c40db999:0xbed39aab8b1ab3e9,"Banten, Indonesia",SUBCOUNTRY,2026-03-11T14:07:49.050004+00:00,20,G:TN6PZv4fAnM,Tarot,.Feast,387235,https://www.youtube.com/watch?v=w8pjAV8u2OE,14
0x2e65759b9cd518dd:0xc377d19d8fedbc46,"Central Java, Indonesia",SUBCOUNTRY,2026-03-11T14:07:40.635352+00:00,17,G:IPIB56pga9c,Raiso Ngapusi 2 (feat. Ervin Sofiani),Tekomlaku,1128890,https://www.youtube.com/watch?v=Gvn8-id8U0o,5
0x2e68e6398252477f:0x146a1f93d3e815b2,"Bandung, West Java, Indonesia",CITY,2026-03-11T14:07:42.863206+00:00,18,G:gqcqqY_Z5SQ,disarankan di bandung,"Dongker, Jason Ranti",507137,https://www.youtube.com/watch?v=rZAte5S3M7s,1
0x2e68e6398252477f:0xbc18a454fc8e9d7e,"West Java, Indonesia",SUBCOUNTRY,2026-03-11T14:07:30.515892+00:00,19,G:m1RfEzhZ_xc,33x,Perunggu,1669074,https://www.youtube.com/watch?v=cUnYmncAvP4,4
0x2e698671b82e87bf:0xe7318771148e5f8a,"Bekasi Regency, West Java, Indonesia",CITY,2026-03-11T14:32:57.786846+00:00,20,G:sjLcSufC4KQ,Ngapain Repot (feat. Wizz Baker & Fresly Nikijuluw),Toton Caribo,110071,https://www.youtube.com/watch?v=L3aAE2O8_78,15
0x2e698c6900964f69:0xd00495351896398,"Bekasi, West Java, Indonesia",CITY,2026-03-11T14:32:57.579481+00:00,19,G:rCa7Sd1PmAU,About You,The 1975,105250,https://www.youtube.com/watch?v=JCz1iyabp9g,11
0x2e69c44a0cd6aab5:0x301576d14feb9a0,"Bogor, West Java, Indonesia",CITY,2026-03-11T14:33:38.772701+00:00,16,G:m1RfEzhZ_xc,33x,Perunggu,66724,https://www.youtube.com/watch?v=cUnYmncAvP4,4
0x2e69ec0828bcde9f:0x301576d150524f0,"Depok, West Java, Indonesia",CITY,2026-03-11T15:25:24.018165+00:00,19,G:Y5EXXOIFS0E,SPONTAN ( tanpa ) UHUY!,DEABDIL,160083,https://www.youtube.com/watch?v=n0sxFjzZLIw,5
0x2e69f3e945e34b9d:0x100c5e82dd4b820,"Jakarta, Indonesia",SUBCOUNTRY,2026-03-11T14:07:35.802184+00:00,19,G:TN6PZv4fAnM,Tarot,.Feast,974017,https://www.youtube.com/watch?v=w8pjAV8u2OE,14
0x2e69f3e945e34b9d:0x5371bf0fdad786a2,"Jakarta, Jakarta, Indonesia",CITY,2026-03-11T14:07:36.745270+00:00,19,G:TN6PZv4fAnM,Tarot,.Feast,1051776,https://www.youtube.com/watch?v=w8pjAV8u2OE,14
0x2e69f8e853d2e38d:0x301576d14feb9c0,"Tangerang, Banten, Indonesia",CITY,2026-03-11T14:15:35.821665+00:00,20,G:TN6PZv4fAnM,Tarot,.Feast,224974,https://www.youtube.com/watch?v=w8pjAV8u2OE,14
0x2e69fab10419c095:0x8706481c2c4aafe4,"South Tangerang, Banten, Indonesia",CITY,2026-03-11T14:15:42.640080+00:00,18,G:rCa7Sd1PmAU,About You,The 1975,85548,https://www.youtube.com/watch?v=JCz1iyabp9g,11
0x2e708b4d3f0d024d:0x1e0432b9da5cb9f2,"Semarang, Central Java, Indonesia",CITY,2026-03-11T14:07:45.499110+00:00,17,G:fX6gyPD_hHE,Tunggal Eka,Denny Caknan,298206,https://www.youtube.com/watch?v=827HSYJX5uw,6
0x2e78570dfd6e0647:0x25037b968333d9b2,"Kediri, East Java, Indonesia",CITY,2026-03-11T14:39:22.902949+00:00,14,G:2xRDpVtZWGY,Aishiteru 2,"Ajeng Febria, Adinda Rahma",54262,https://www.youtube.com/watch?v=t6Gpxbb_eEw,1
0x2e7a16627ad11ab1:0xe7fe4e0454bc3095,"Surakarta, Central Java, Indonesia",CITY,2026-03-11T14:21:31.365427+00:00,13,G:IPIB56pga9c,Raiso Ngapusi 2 (feat. Ervin Sofiani),Tekomlaku,222243,https://www.youtube.com/watch?v=Gvn8-id8U0o,5
0x2e7a5787bd5b6bc5:0x21723fd4d3684f71,"Yogyakarta, Special Region of Yogyakarta, Indonesia",CITY,2026-03-11T15:26:19.367265+00:00,16,G:IPIB56pga9c,Raiso Ngapusi 2 (feat. Ervin Sofiani),Tekomlaku,70860,https://www.youtube.com/watch?v=Gvn8-id8U0o,5
0x2e7a5787bd5b6bc5:0x6d1b92b2cac8b3f0,"Special Region of Yogyakarta, Indonesia",SUBCOUNTRY,2026-03-11T15:26:18.355233+00:00,16,G:m1RfEzhZ_xc,33x,Perunggu,294153,https://www.youtube.com/watch?v=cUnYmncAvP4,4
0x2fd4b942e2b117bb:0xb8468cb5c3046ba5,"Padang, West Sumatra, Indonesia",CITY,2026-03-11T14:45:05.858252+00:00,18,G:UeXNcQb_W_g,Di Ujuang Rantiang Nan Ratak (feat. Indah KF),Dabee,104901,https://www.youtube.com/watch?v=oZYGrwTXoyE,2
0x2fd4b94cf0744245:0x70b151b975d53b55,"West Sumatra, Indonesia",SUBCOUNTRY,2026-03-11T14:56:08.743739+00:00,20,G:nA1z10Y1kK0,Malapeh Hao,Rayola,136867,https://www.youtube.com/watch?v=D3vcBVg5ei8,1
0x2fd7f95aeb721c87:0xaca73e8109d7cb0b,"North Sumatra, Indonesia",SUBCOUNTRY,2026-03-11T14:07:38.580738+00:00,18,G:Qv9Z8nu0vpQ,Korban Setia,The Boys Trio,531877,https://www.youtube.com/watch?v=inDEsr8UuWQ,1
0x303131cc1c3eb2fd:0x23d431c8a6908262,"Medan, North Sumatra, Indonesia",CITY,2026-03-11T14:07:45.236150+00:00,20,G:YIzZu_wcx5k,Pulut Roham,Jun Munthe,412711,https://www.youtube.com/watch?v=hk99bPseXgg,1
0x3034b5fc2f44401d:0xa2d9d6f05cfe5ad2,"Perak, Malaysia",SUBCOUNTRY,2026-03-11T14:16:21.509577+00:00,16,G:-r_dL2BywdU,兜圈,Yoga Lin,70973,https://www.youtube.com/watch?v=Mqr-kjvXsk8,5
0x3034d3975f6730af:0x745969328211cd8,Malaysia,COUNTRY,2026-03-11T14:53:58.448396+00:00,18,G:DAgTGyd3NKY,P Ramlee Saloma,Alpha,2080952,https://www.youtube.com/watch?v=yblOTl_XVII,23
0x304976135f4045a1:0x6ce483110aab4ea4,"Kedah, Malaysia",SUBCOUNTRY,2026-03-11T14:22:59.452215+00:00,15,G:c4QEWqj4Ygw,Kasih Lebaran,Sufian Suhaimi,45431,https://www.youtube.com/watch?v=xMpIbRtg2HU,3
0x304a9403095390dd:0x29c305a5f38f633f,"Penang, Malaysia",SUBCOUNTRY,2026-03-11T14:53:59.140885+00:00,16,G:hiHN9S2cR1U,有红包拿,Steady Gang,60352,https://www.youtube.com/watch?v=EhiqKvhPuS8,3
0x304ac397ad2b7bd5:0x239ae45978a9b934,"George Town, Penang, Malaysia",CITY,2026-03-11T14:36:51.226955+00:00,18,G:iJzNAgZp2JM,南北大道,3P,5420,https://www.youtube.com/watch?v=DgYDhcpnwJI,2
0x304ac8e598b893bf:0x763116f720d28c2a,"Bukit Mertajam, Penang, Malaysia",CITY,2026-03-11T14:34:30.850757+00:00,17,G:3UpArcjwwzw,福气马上来,1119,10060,https://www.youtube.com/watch?v=3uCq6rBxHhw,1
0x304b29cd930f8bcf:0xcbb5708a39597903,"Sungai Petani, Kedah, Malaysia",CITY,2026-03-11T14:22:58.148108+00:00,19,G:CeGqDt3WkUM,"馬來西亞的新年 (feat. 小鳳鳳, 姚乙, 張少林 & Evon Low)",Namewee,13648,https://www.youtube.com/watch?v=hp4VoHxUiVc,10
0x304b44974ac2ef47:0x570491a0e03b1b7b,"Alor Setar, Kedah, Malaysia",CITY,2026-03-11T14:23:04.709256+00:00,14,G:c4QEWqj4Ygw,Kasih Lebaran,Sufian Suhaimi,9174,https://www.youtube.com/watch?v=xMpIbRtg2HU,3
0x304cd5dcaf092441:0x259b3778ec1d8e12,"Songkhla, Thailand",SUBCOUNTRY,2026-03-11T14:29:10.578504+00:00,20,G:aAzSCW5RgOc,ตัวร้ายในเรื่องเล่า,เพชร พฤษภา,192699,https://www.youtube.com/watch?v=VyRl0Q4D7bM,4
0x304d2844e52c0e41:0xb36033e77dcce56e,"Hat Yai, Songkhla, Thailand",CITY,2026-03-11T14:29:11.832269+00:00,20,G:ze6w56af9RE,รำอย่างเดียว,น้องอาม นวลปาน,107209,https://www.youtube.com/watch?v=X5XJwXB1hWo,3
0x304d3323cbb09939:0xeb807b7b87c693f1,"Songkhla, Songkhla, Thailand",CITY,2026-03-11T14:29:12.053269+00:00,18,G:jBOjml_dcXo,คนเบล้อ,จ้องน้อย หรอยเว่อร์,8403,https://www.youtube.com/watch?v=GVoMsREAK9w,8
0x304d8c352a48d387:0x807b2b3d859ebb88,"Trang, Thailand",SUBCOUNTRY,2026-03-11T14:18:00.642431+00:00,18,G:jBOjml_dcXo,คนเบล้อ,จ้องน้อย หรอยเว่อร์,11069,https://www.youtube.com/watch?v=GVoMsREAK9w,8
0x304d8c48216b0e49:0x260223bd14ef3124,"Trang, Trang, Thailand",CITY,2026-03-11T14:18:07.439439+00:00,5,G:0cewN1gfgwE,ครูหมอโนราห์,เจนนี่ ได้หมดถ้าสดชื่น,4469,https://www.youtube.com/watch?v=pQcgSCMl79k,12
0x304d8df747424db1:0x9ed72c880757e802,Thailand,COUNTRY,2026-03-11T14:54:26.368651+00:00,18,G:jEqRMs6dBog,ปลายฟ้า (feat. แมน ภิสิทธิ์พงษ์),เบิ้ล ปทุมราช,7419508,https://www.youtube.com/watch?v=umGbo9oRRoQ,19
0x305031e2c462524f:0xe9ca9a85063dba21,"Phuket, Thailand",SUBCOUNTRY,2026-03-11T14:54:32.682074+00:00,15,G:V0tLccpaFj8,สาวอันดามัน,YONIA,279269,https://www.youtube.com/watch?v=gslU6x2oHxk,2
0x30503a96a80e1833:0x40223bc2c382480,"Pa Tong, Phuket, Thailand",CITY,2026-03-11T14:54:29.465274+00:00,19,G:-Ob4pwI7rMg,มึงแหลงกูตบ,เต็ม นาวา,97906,https://www.youtube.com/watch?v=_O8KnNERIE8,1
0x3054037004966dcf:0x10223bc2c364cc0,"Surat Thani, Thailand",SUBCOUNTRY,2026-03-11T15:24:35.653352+00:00,20,G:jBOjml_dcXo,คนเบล้อ,จ้องน้อย หรอยเว่อร์,74229,https://www.youtube.com/watch?v=GVoMsREAK9w,8
0x3054066238bdcdf1:0x76a203de8fc1a5f8,"Surat Thani, Surat Thani, Thailand",CITY,2026-03-11T15:24:39.602490+00:00,11,G:aLXEbQTr7Ww,ถ้าเธอพร้อมที่จะรัก,หนึ่ง บีเคแบนด์,22275,https://www.youtube.com/watch?v=6qWq0KEvbYA,12
0x3054f1501c662673:0x30223bc2c3680d0,"Koh Samui, Surat Thani, Thailand",CITY,2026-03-11T15:24:35.755265+00:00,20,G:jBOjml_dcXo,คนเบล้อ,จ้องน้อย หรอยเว่อร์,24554,https://www.youtube.com/watch?v=GVoMsREAK9w,8
0x30635ff06b92b791:0xd78c4fa1854213a6,India,COUNTRY,2026-03-11T14:07:46.490489+00:00,4,G:qFJ9HecOY74,Nach Nagin Jaisan,"Raushan Rohi, Khushi Kakkar",59478847,https://www.youtube.com/watch?v=-gZylSjWtPo,7
0x30acd8a64095dfd3:0x5015cc5bcb6905d9,"Chattogram, Chittagong Division, Bangladesh",CITY,2026-03-11T14:24:34.904286+00:00,12,G:QKmQOKbz014,নজানি হন বৈদ্দ্যর তাবিজ দিলারে ছোঁয়াই ,"Jahangir Alam Parvez, Farzana",274327,https://www.youtube.com/watch?v=55NlEmKbMWM,1
0x30acd8ae903a4c7d:0xd621c20a33d441f9,"Chittagong Division, Bangladesh",SUBCOUNTRY,2026-03-11T14:24:40.054994+00:00,18,G:Pis7fLExn7A,Burdah,Mesut Kurtis,647630,https://www.youtube.com/watch?v=e2FKXPzsT7E,1
0x30adaaed80e18ba7:0xf2d28e0c4e1fc6b,Bangladesh,COUNTRY,2026-03-11T15:26:27.705414+00:00,19,G:Pv8y2Yrzy7Q,Medam Nacere Nace (feat. Niloy Khan Sagor),Leyakat Ali,3120653,https://www.youtube.com/watch?v=BYg67EBYGjk,1
0x30d0ccc8c2997841:0x6a69e176922503d4,"Chiang Mai, Thailand",SUBCOUNTRY,2026-03-11T14:54:28.000796+00:00,20,G:EtO4wVC8oBM,กุหลาบ (feat. ก้านตอง ทุ่งเงิน & SARAN),F.HERO,299831,https://www.youtube.com/watch?v=ebxzxo_q89Y,11
0x30d6f5474338a2d1:0x40346c5fa8bb890,"Wiang Phang Kham, Chiang Rai, Thailand",CITY,2026-03-11T15:23:46.694484+00:00,20,G:X9OFaoUXvS4,เจิดจรัส,YOUNGOHM,2483,https://www.youtube.com/watch?v=Rj2iemP05B8,3
0x30d706670927ea4b:0x386bd811b93aa61e,"Chiang Rai, Thailand",SUBCOUNTRY,2026-03-11T15:23:46.412733+00:00,19,G:9sVVed4YF3Y,รู้ตัวอีกที,"SEXSKI, 2T Flow",57591,https://www.youtube.com/watch?v=TrNx67Hmd-0,2
0x30d7066713c38365:0x711554bbb1b60637,"Mueang Chiang Rai, Chiang Rai, Thailand",CITY,2026-03-11T15:23:46.544691+00:00,20,G:9sVVed4YF3Y,รู้ตัวอีกที,"SEXSKI, 2T Flow",18392,https://www.youtube.com/watch?v=TrNx67Hmd-0,2
0x30df78604ef4e8a1:0x104fb54b0084b90,"Phitsanulok, Thailand",SUBCOUNTRY,2026-03-11T14:13:49.120110+00:00,19,G:FDumDjq1rAU,สุขอย่าไปเล่าเศร้าอย่าไปพูด,เพชร พฤษภา,72684,https://www.youtube.com/watch?v=vOP-_JYZXGI,14
0x30df97e77e746631:0x371aaafbdf6cd038,"Phitsanulok, Phitsanulok, Thailand",CITY,2026-03-11T14:13:48.459884+00:00,15,G:FDumDjq1rAU,สุขอย่าไปเล่าเศร้าอย่าไปพูด,เพชร พฤษภา,24939,https://www.youtube.com/watch?v=vOP-_JYZXGI,14
0x30dfbe9a52bd47e9:0x404fb54b009d920,"Tha Pho, Phitsanulok, Thailand",CITY,2026-03-11T14:13:52.430490+00:00,20,G:s7aYbMFOKJk,สมดุลรัก (Balance) (feat. SEXSKI),SEA.,11057,https://www.youtube.com/watch?v=QFpsBK0F0js,1
0x30e2736f5bfd8f7f:0x1019237450c4860,"Phra Nakhon Si Ayutthaya, Thailand",SUBCOUNTRY,2026-03-11T14:19:27.043602+00:00,20,G:FDumDjq1rAU,สุขอย่าไปเล่าเศร้าอย่าไปพูด,เพชร พฤษภา,63842,https://www.youtube.com/watch?v=vOP-_JYZXGI,14
0x30e275daaebc8f83:0x47c36f90a7ff2b19,"Phra Nakhon Si Ayutthaya, Phra Nakhon Si Ayutthaya, Thailand",CITY,2026-03-11T14:19:32.448603+00:00,18,G:FDumDjq1rAU,สุขอย่าไปเล่าเศร้าอย่าไปพูด,เพชร พฤษภา,21983,https://www.youtube.com/watch?v=vOP-_JYZXGI,14
0x30e2836c28168d41:0xabb0fa0bacd524fe,"Pakkret, Nonthaburi, Thailand",CITY,2026-03-11T14:20:04.893211+00:00,18,G:v6-1HpDFTlE,เลือกเองกับมือ (Bad Choices),Season Five,17391,https://www.youtube.com/watch?v=7ImoFLWL3qI,5
0x30e284c0cf76ab3b:0x987646dfdf55eea4,"Nonthaburi, Thailand",SUBCOUNTRY,2026-03-11T14:20:06.386730+00:00,19,G:v6-1HpDFTlE,เลือกเองกับมือ (Bad Choices),Season Five,89387,https://www.youtube.com/watch?v=7ImoFLWL3qI,5
0x30e28f1f1f836073:0x4019237450c9630,"Bang Bua Thong, Nonthaburi, Thailand",CITY,2026-03-11T14:20:09.532749+00:00,20,G:-g5Tg0kxRpY,เพลงรัก,Three Man Down,7950,https://www.youtube.com/watch?v=OYPiXBIgvJ8,7
0x30e29b6bae759d47:0xa96cffdce5a933fa,"Nonthaburi, Nonthaburi, Thailand",CITY,2026-03-11T14:20:06.714653+00:00,18,G:v6-1HpDFTlE,เลือกเองกับมือ (Bad Choices),Season Five,21153,https://www.youtube.com/watch?v=7ImoFLWL3qI,5
0x30e2a18f2f065f59:0x4195afd5edd8fc0a,"Samut Prakan, Thailand",SUBCOUNTRY,2026-03-11T14:30:03.555434+00:00,19,G:-g5Tg0kxRpY,เพลงรัก,Three Man Down,103916,https://www.youtube.com/watch?v=OYPiXBIgvJ8,7
0x30e2a74bec2c4a4d:0xfc05f3c22f32a26d,"Samut Prakan, Samut Prakan, Thailand",CITY,2026-03-11T14:30:03.106161+00:00,20,G:v6-1HpDFTlE,เลือกเองกับมือ (Bad Choices),Season Five,2724,https://www.youtube.com/watch?v=7ImoFLWL3qI,5
0x30e2b81249400259:0xa541175da826518,"Samut Sakhon, Thailand",SUBCOUNTRY,2026-03-11T14:29:51.013541+00:00,20,G:EtO4wVC8oBM,กุหลาบ (feat. ก้านตอง ทุ่งเงิน & SARAN),F.HERO,46667,https://www.youtube.com/watch?v=ebxzxo_q89Y,11
0x30e2b86b5359c549:0x3eace3d1c85d4f60,"Samut Sakhon, Samut Sakhon, Thailand",CITY,2026-03-11T14:29:51.750659+00:00,20,G:Zm16EFdO_-A,จากฉันถึงเธอ (feat. Pongsit Kampee),COCKTAIL,3579,https://www.youtube.com/watch?v=dCEvQ69aGYs,16
0x310295924d31d7e3:0xa97ff301a9bd10ff,"Pattaya City, Chon Buri, Thailand",CITY,2026-03-11T14:54:29.472515+00:00,19,G:FDumDjq1rAU,สุขอย่าไปเล่าเศร้าอย่าไปพูด,เพชร พฤษภา,255510,https://www.youtube.com/watch?v=vOP-_JYZXGI,14
0x3102b01783eb103f:0x290e915f51ddfd1f,"Chon Buri, Thailand",SUBCOUNTRY,2026-03-11T14:54:31.233262+00:00,20,G:k7_qQktcL2U,โลกหลังความเศร้า (เพลงประกอบภาพยนตร์ สัปเหร่อ2) (feat. Kong Huayrai),โจอี้ ภูวศิษฐ์,375569,https://www.youtube.com/watch?v=mTfyBEn6tv0,14
0x3103760bec547243:0xc7d8432079ce1781,"Chanthaburi, Thailand",SUBCOUNTRY,2026-03-11T14:14:03.697576+00:00,19,G:wNaSajXfl5s,สิ้นสุดความพยายาม,PORZAX,19398,https://www.youtube.com/watch?v=-T1UOIkPtSE,11
0x31048192adecbd05:0xf0e5e2b5d3162870,"Chanthaburi, Chanthaburi, Thailand",CITY,2026-03-11T14:14:03.981900+00:00,18,G:v6-1HpDFTlE,เลือกเองกับมือ (Bad Choices),Season Five,3660,https://www.youtube.com/watch?v=7ImoFLWL3qI,5
0x310787bfd4dc3743:0xe4b7bfe089f41253,Cambodia,COUNTRY,2026-03-11T15:26:28.896848+00:00,18,G:BxwmnZ3DY7g,CamboCypher,MC SEY,2012751,https://www.youtube.com/watch?v=aGzzezm7udY,3
0x3109513dc76a6be3:0x4fbec13ccbb4c0c7,"Phnom Penh, Cambodia",SUBCOUNTRY,2026-03-11T14:27:02.969005+00:00,18,G:BxwmnZ3DY7g,CamboCypher,MC SEY,1742731,https://www.youtube.com/watch?v=aGzzezm7udY,3
0x3109513dc76a6be3:0x9c010ee85ab525bb,"Phnom Penh, Phnom Penh, Cambodia",CITY,2026-03-11T14:27:05.262523+00:00,18,G:BxwmnZ3DY7g,CamboCypher,MC SEY,1756530,https://www.youtube.com/watch?v=aGzzezm7udY,3
0x3110169a8c91a879:0xa940aaf93ee5bbfa,"Krong Siem Reap, Siem Reap Province, Cambodia",CITY,2026-03-11T15:24:54.312814+00:00,18,G:kEzRwD590Ck,Can I ?,GMENGZ,75853,https://www.youtube.com/watch?v=rtqWyfJsFfI,2
0x3110170b07d4a0f5:0x5ddbd370ce73acb9,"Siem Reap Province, Cambodia",SUBCOUNTRY,2026-03-11T15:24:53.953731+00:00,18,G:kEzRwD590Ck,Can I ?,GMENGZ,77323,https://www.youtube.com/watch?v=rtqWyfJsFfI,2
0x31149057b0824589:0xec592481f99cd81,Laos,COUNTRY,2026-03-11T14:53:38.381271+00:00,15,G:Vx-ubZJUF2Y,มักนำแหน่เด้อ,Jintara Poonlarp,726960,https://www.youtube.com/watch?v=Bsk-cGkycx0,3
0x31157a4d736a1e5f:0xb03bb0c9e2fe62be,Vietnam,COUNTRY,2026-03-11T14:54:34.279959+00:00,19,G:FpJbCDvwYEk,Có Mình Và Ta,Nguyễn Vĩ,4089923,https://www.youtube.com/watch?v=z1O8YIz5GHI,6
0x31194c93ba289745:0x5ae52a7582cb0a32,"Nakhon Ratchasima, Thailand",SUBCOUNTRY,2026-03-11T15:24:38.299524+00:00,19,G:UoYAOI8sTtQ,เจ้านางเอย,Beer Prompong,354434,https://www.youtube.com/watch?v=tNV51ou20Q0,3
0x31194cb7cce490ef:0xa0469d233ce3e50,"Nakhon Ratchasima, Nakhon Ratchasima, Thailand",CITY,2026-03-11T15:24:38.374316+00:00,16,G:UoYAOI8sTtQ,เจ้านางเอย,Beer Prompong,182542,https://www.youtube.com/watch?v=tNV51ou20Q0,3
0x311d5e91d1d361d9:0x4019237450c92c0,"Bang Phli Yai, Samut Prakan, Thailand",CITY,2026-03-11T14:30:00.469612+00:00,20,G:KuIgfVgdhPA,อยากจะกอดเธอนาน ๆ (HAVE A GOOD TIME),BLVCKHEART,9315,https://www.youtube.com/watch?v=bGbII_DDtTs,10
0x311d5f657400b309:0x4019237450c9210,"Thepharak, Samut Prakan, Thailand",CITY,2026-03-11T14:30:02.027829+00:00,18,G:-g5Tg0kxRpY,เพลงรัก,Three Man Down,7023,https://www.youtube.com/watch?v=OYPiXBIgvJ8,7
0x311d6032280d61f3:0x10100b25de24820,"Bangkok, Thailand",CITY,2026-03-11T14:24:29.808101+00:00,19,G:EtO4wVC8oBM,กุหลาบ (feat. ก้านตอง ทุ่งเงิน & SARAN),F.HERO,3651922,https://www.youtube.com/watch?v=ebxzxo_q89Y,11
0x311d6032280d61f3:0x36458563858b0fc7,"Bangkok, Thailand",SUBCOUNTRY,2026-03-11T14:24:33.238934+00:00,19,G:EtO4wVC8oBM,กุหลาบ (feat. ก้านตอง ทุ่งเงิน & SARAN),F.HERO,3497267,https://www.youtube.com/watch?v=ebxzxo_q89Y,11
0x3122602b91988e2f:0x93f0805cf799cc6,"Khon Kaen, Khon Kaen, Thailand",CITY,2026-03-11T14:25:14.037206+00:00,15,G:AGlB8Wuqw_E,น้ำตา,Maithai Huajaisin,248903,https://www.youtube.com/watch?v=57E2l-8snY0,3
0x31226d6f3716ca83:0x10469cfc8de4a00,"Khon Kaen, Thailand",SUBCOUNTRY,2026-03-11T14:25:15.002204+00:00,15,G:AGlB8Wuqw_E,น้ำตา,Maithai Huajaisin,303334,https://www.youtube.com/watch?v=57E2l-8snY0,3
0x3122b50e4a5e6871:0x402b54113617020,"Kalasin, Kalasin, Thailand",CITY,2026-03-11T15:24:18.485360+00:00,19,G:DTd_ENXV-RE,บุญผลาหมดอายุ,"Vieng Naruemon, Monkaen Kaenkoon",1695,https://www.youtube.com/watch?v=qpzP7GGr8sg,10
0x3122b51ccae1f3ef:0x304f33a1b14ceb05,"Kalasin, Thailand",SUBCOUNTRY,2026-03-11T15:24:18.677520+00:00,13,G:DTd_ENXV-RE,บุญผลาหมดอายุ,"Vieng Naruemon, Monkaen Kaenkoon",34386,https://www.youtube.com/watch?v=qpzP7GGr8sg,10
0x31237641e81572a3:0x5ba46d1afe6c1f17,"Udon Thani, Udon Thani, Thailand",CITY,2026-03-11T15:24:17.356529+00:00,15,G:wNaSajXfl5s,สิ้นสุดความพยายาม,PORZAX,46960,https://www.youtube.com/watch?v=-T1UOIkPtSE,11
0x3123775e83b74385:0x36c2ca421f2b0138,"Udon Thani, Thailand",SUBCOUNTRY,2026-03-11T15:24:17.503051+00:00,18,G:DTd_ENXV-RE,บุญผลาหมดอายุ,"Vieng Naruemon, Monkaen Kaenkoon",88390,https://www.youtube.com/watch?v=qpzP7GGr8sg,10
0x31245bd418f46f69:0xe88e189467b26642,"Vientiane Prefecture, Laos",SUBCOUNTRY,2026-03-11T14:52:00.235635+00:00,15,G:Vx-ubZJUF2Y,มักนำแหน่เด้อ,Jintara Poonlarp,652781,https://www.youtube.com/watch?v=Bsk-cGkycx0,3
0x3124688606ed7b21:0x1f93b18618c1eedf,"Vientiane, Vientiane Prefecture, Laos",CITY,2026-03-11T14:51:59.204155+00:00,15,G:Vx-ubZJUF2Y,มักนำแหน่เด้อ,Jintara Poonlarp,652401,https://www.youtube.com/watch?v=Bsk-cGkycx0,3
0x312f2a3f413d1ba3:0xac9749a9608e6a56,"Luang Prabang, Luang Prabang Province, Laos",CITY,2026-03-11T14:40:20.556822+00:00,7,G:Y964z4fVitE,One More Round,Joelong,40512,https://www.youtube.com/watch?v=fSfZRpuk4FE,1
0x31348379dd903cfb:0x30ec8de0c8c8646e,"Phú Thọ, Vietnam",SUBCOUNTRY,2026-03-11T14:55:38.059139+00:00,19,G:qo4mzR0pvKw,Tiếng Khèn Mua Ban Nở (Remix),Phong Wind,48919,https://www.youtube.com/watch?v=YqkcPAol68M,4
0x3134c41872a07a77:0x57a9371069ef4f5b,"Tinh Thai Nguyen, VN",SUBCOUNTRY,2026-03-11T14:56:35.456730+00:00,19,G:3MYuBe8z3Mw,Tiếng khèn mùa ban nở,Tan Nhan,44498,https://www.youtube.com/watch?v=3vcLEeAJ2I8,3
0x3134e54d82ea2dbb:0x6662a2e2dde60547,"Vĩnh Yên, Vĩnh Phúc, Vietnam",CITY,2026-03-11T14:52:02.451071+00:00,20,G:KDb4fsyxm_E,Còn Gì Đẹp Hơn,Nguyễn Hùng,24854,https://www.youtube.com/watch?v=-nJ0WHEetsQ,7
0x3134e54d82ea2dbb:0xc0d08e3fe11b105f,"Vĩnh Phúc, Vietnam",SUBCOUNTRY,2026-03-11T14:52:02.715730+00:00,20,G:FpJbCDvwYEk,Có Mình Và Ta,Nguyễn Vĩ,37534,https://www.youtube.com/watch?v=z1O8YIz5GHI,6
0x3134f2eb1dad94af:0x50d55a18854eee20,"Viet Tri, Phú Thọ, Vietnam",CITY,2026-03-11T14:51:59.431059+00:00,20,G:03CN3fs_gR4,Tìm Em Câu Ví Sông Lam,"Lê Ngọc Thúy, A Páo",34615,https://www.youtube.com/watch?v=TfNeMn0CE0U,6
0x3135008e13800a29:0x2987e416210b90d,"Hanoi, Vietnam",SUBCOUNTRY,2026-03-11T14:37:37.963353+00:00,15,G:AI7o6j27GxM,NGONGIODEMQUATRANGSANGDEMNAY,"RPT MCK, marzuz",960589,https://www.youtube.com/watch?v=kZnpzY7A1u4,2
0x313510a9b346cfed:0x3c424c5b50eb50c8,"Bac Giang, Vietnam",SUBCOUNTRY,2026-03-11T14:32:40.516342+00:00,18,G:qo4mzR0pvKw,Tiếng Khèn Mua Ban Nở (Remix),Phong Wind,60293,https://www.youtube.com/watch?v=YqkcPAol68M,4
0x31356dadb70fbfe5:0xd6dbe565b8b15e5c,"Bắc Giang, Bac Giang, Vietnam",CITY,2026-03-11T14:32:37.656564+00:00,18,G:qo4mzR0pvKw,Tiếng Khèn Mua Ban Nở (Remix),Phong Wind,41288,https://www.youtube.com/watch?v=YqkcPAol68M,4
0x31359b46ef2fba69:0x2c3c5975d0eceb2e,"Hải Dương, Hai Duong, Vietnam",CITY,2026-03-11T14:54:37.224917+00:00,18,G:wSHq4Lqi_W8,Tìm Em Câu Ví Sông Lam,"Hạnh An, A Páo",49842,https://www.youtube.com/watch?v=hD7cLb4DhGo,3
0x3135ab9bd9861ca1:0xe7887f7b72ca17a9,"Hanoi, Hanoi, Vietnam",CITY,2026-03-11T14:37:34.967367+00:00,14,G:AI7o6j27GxM,NGONGIODEMQUATRANGSANGDEMNAY,"RPT MCK, marzuz",884805,https://www.youtube.com/watch?v=kZnpzY7A1u4,2
0x3135e4d3f5397033:0x6ae405f8381d5bc7,"Tinh Thai Binh, VN",SUBCOUNTRY,2026-03-11T14:56:30.786864+00:00,20,G:agdPkwjLe9s,Một Năm Mới Bình An,Sơn Tùng M-TP,54121,https://www.youtube.com/watch?v=Thf6-faRGI4,1
0x31360c2151521bdf:0xc8eba2bffe25df62,"Tinh Nam Dinh, VN",SUBCOUNTRY,2026-03-11T14:56:27.925559+00:00,17,G:jVBr3KhUCjs,Ếch ngoài đáy giếng,Phương Mỹ Chi,68554,https://www.youtube.com/watch?v=sZrIbpwjTwk,8
0x3136c68ee3769299:0x178def516abfb4f,"Thanh Hoa, Vietnam",SUBCOUNTRY,2026-03-11T14:54:40.822727+00:00,19,G:o0RE1o-djSM,Tết Bình An (TTM Remix),Oanh Tạ,121811,https://www.youtube.com/watch?v=NVh9rC_cCUQ,1
0x3139ce640b5a1dad:0x5c61bf7cd719a519,"Nghe An, Vietnam",SUBCOUNTRY,2026-03-11T14:54:37.128961+00:00,10,G:XiUqLehuiYc,Tết Bình An (Remix),"Hana Cẩm Tiên, Đại Mèo",116294,https://www.youtube.com/watch?v=fMskPmI4tp0,5
0x3139ce640b5a1dad:0xf8266890856bbaa1,"Vinh, Nghe An, Vietnam",CITY,2026-03-11T14:52:01.873664+00:00,13,G:XiUqLehuiYc,Tết Bình An (Remix),"Hana Cẩm Tiên, Đại Mèo",71533,https://www.youtube.com/watch?v=fMskPmI4tp0,5
0x313ca35946f7da63:0x9377548ef8f91dd3,"Sakon Nakhon, Thailand",SUBCOUNTRY,2026-03-11T14:13:56.816227+00:00,11,G:EKu9tTeiedw,เฮ็ดจังได๋กะโตคนเดียวเนาะ,taptapmusic,151912,https://www.youtube.com/watch?v=Gg_1JFdWhgQ,1
0x313cf32b5d43957b:0x8c02a533fa4d28b2,"Sakhon Nakhon, Sakon Nakhon, Thailand",CITY,2026-03-11T14:13:50.607382+00:00,19,G:DTd_ENXV-RE,บุญผลาหมดอายุ,"Vieng Naruemon, Monkaen Kaenkoon",1915,https://www.youtube.com/watch?v=qpzP7GGr8sg,10
0x313dba56b1bc07c9:0x102b54113604a90,"Mukdahan, Thailand",SUBCOUNTRY,2026-03-11T15:24:02.699370+00:00,15,G:DTd_ENXV-RE,บุญผลาหมดอายุ,"Vieng Naruemon, Monkaen Kaenkoon",8990,https://www.youtube.com/watch?v=qpzP7GGr8sg,10
0x313dc64286565845:0xe74cacc8482dabb6,"Mukdahan, Mukdahan, Thailand",CITY,2026-03-11T15:24:02.699197+00:00,16,G:DTd_ENXV-RE,บุญผลาหมดอายุ,"Vieng Naruemon, Monkaen Kaenkoon",2946,https://www.youtube.com/watch?v=qpzP7GGr8sg,10
0x31419c87726490f7:0xab1c0fcaf7cb84b5,"Hue City, Vietnam",SUBCOUNTRY,2026-03-11T14:39:00.568009+00:00,13,G:7lqwle0AGbA,Lithium,Nirvana,69640,https://www.youtube.com/watch?v=pkcJEvMcnEg,1
0x3141a115e1a7935f:0xbf3b50af70b5c7b7,"Hue, Hue City, Vietnam",CITY,2026-03-11T14:38:26.672277+00:00,18,G:CUaU-gjspIc,Hẹn Lần Sau,MAYDAYs,30431,https://www.youtube.com/watch?v=wKIt5vBSW-4,1
0x314219c792252a13:0x1df0cb4b86727e06,"Da Nang, Vietnam",SUBCOUNTRY,2026-03-11T15:25:18.521725+00:00,15,G:Aue8IY1ritw,KẺ SAY TÌNH - SKYNote 2025,Quoc Thien,217919,https://www.youtube.com/watch?v=l4Pkem30Q60,4
0x314219c792252a13:0xfc14e3a044436487,"Da Nang, Da Nang, Vietnam",CITY,2026-03-11T15:25:18.777707+00:00,15,G:Aue8IY1ritw,KẺ SAY TÌNH - SKYNote 2025,Quoc Thien,217733,https://www.youtube.com/watch?v=l4Pkem30Q60,4
0x314a6265d9153727:0x99323ec3e2c5f73c,"Hai Phong, Vietnam",SUBCOUNTRY,2026-03-11T14:54:40.435436+00:00,17,G:KDb4fsyxm_E,Còn Gì Đẹp Hơn,Nguyễn Hùng,78644,https://www.youtube.com/watch?v=-nJ0WHEetsQ,7
0x314a7af39e3f1ad3:0xa5ffc85ff87a07e8,"Haiphong, Hai Phong, Vietnam",CITY,2026-03-11T14:37:25.209032+00:00,18,G:KDb4fsyxm_E,Còn Gì Đẹp Hơn,Nguyễn Hùng,74387,https://www.youtube.com/watch?v=-nJ0WHEetsQ,7
0x314a7af448e05235:0x82e957d1041d9053,"Hai Duong, Vietnam",SUBCOUNTRY,2026-03-11T14:55:11.820901+00:00,18,G:wSHq4Lqi_W8,Tìm Em Câu Ví Sông Lam,"Hạnh An, A Páo",59237,https://www.youtube.com/watch?v=hD7cLb4DhGo,3
0x314b01d79a78852f:0xed0779f4f0a5866a,"Tinh Quang Ninh, VN",SUBCOUNTRY,2026-03-11T14:56:17.908382+00:00,18,G:KDb4fsyxm_E,Còn Gì Đẹp Hơn,Nguyễn Hùng,40617,https://www.youtube.com/watch?v=-nJ0WHEetsQ,7
0x316be72358aad1df:0x619b11aaccd88a54,"Kon Tum, Vietnam",SUBCOUNTRY,2026-03-11T14:39:37.424333+00:00,16,G:uICdLOzAlCo,Lac Nhau Co Phai Muon Doi,ERIK from ST.319,23320,https://www.youtube.com/watch?v=Mb4xUU0utEI,4
0x316bff3ec83864ed:0x38ea5406b5d91f3f,"Kon Tum, Kon Tum, Vietnam",CITY,2026-03-11T14:39:38.869061+00:00,15,G:uICdLOzAlCo,Lac Nhau Co Phai Muon Doi,ERIK from ST.319,23091,https://www.youtube.com/watch?v=Mb4xUU0utEI,4
0x316c1f82022f81a3:0x2234918a6e4ab03a,"Pleiku, Gia Lai, Vietnam",CITY,2026-03-11T14:46:53.630923+00:00,18,G:uICdLOzAlCo,Lac Nhau Co Phai Muon Doi,ERIK from ST.319,38902,https://www.youtube.com/watch?v=Mb4xUU0utEI,4
0x316c1f82022f81a3:0x8c52b5f68143b50d,"Gia Lai, Vietnam",SUBCOUNTRY,2026-03-11T14:55:04.209330+00:00,19,G:uICdLOzAlCo,Lac Nhau Co Phai Muon Doi,ERIK from ST.319,45999,https://www.youtube.com/watch?v=Mb4xUU0utEI,4
0x3170956e17fa09af:0xf8f5929e768e9e45,"Tinh Ninh Thuan, VN",SUBCOUNTRY,2026-03-11T14:56:30.488412+00:00,15,G:JKcnMj27ToE,Muốn Cua Anh Làm Bồ,"Dương Ái Vy, HTM",27820,https://www.youtube.com/watch?v=VAsWu5NqGnE,1
0x317112fef20988b1:0xad5f228b672bf930,"Dalat, Lam Dong, Vietnam",CITY,2026-03-11T14:54:39.199776+00:00,16,G:wJxMo07krHQ,Bạn Đời,"Karik, GDucky",74808,https://www.youtube.com/watch?v=h7cOOfpdEfk,3
0x3171132659f3db7d:0xbb5ad2df5f54f56c,"Lam Dong, Vietnam",SUBCOUNTRY,2026-03-11T14:54:40.482231+00:00,16,G:wJxMo07krHQ,Bạn Đời,"Karik, GDucky",91558,https://www.youtube.com/watch?v=h7cOOfpdEfk,3
0x3171f7d4216cd2fb:0x9f4a5ec2f999fb4,"Buon Ma Thuot, Dak Lak, Vietnam",CITY,2026-03-11T14:34:41.459355+00:00,20,G:wJxMo07krHQ,Bạn Đời,"Karik, GDucky",56535,https://www.youtube.com/watch?v=h7cOOfpdEfk,3
0x3171f7daf7307157:0x8ef97694d9883315,"Dak Lak, Vietnam",SUBCOUNTRY,2026-03-11T14:54:56.424999+00:00,19,G:jVBr3KhUCjs,Ếch ngoài đáy giếng,Phương Mỹ Chi,72688,https://www.youtube.com/watch?v=sZrIbpwjTwk,8
0x31b37421491e3f27:0x260223bd14f25404,"Yala, Yala, Thailand",CITY,2026-03-11T14:27:37.747196+00:00,13,G:0cewN1gfgwE,ครูหมอโนราห์,เจนนี่ ได้หมดถ้าสดชื่น,5124,https://www.youtube.com/watch?v=pQcgSCMl79k,12
0x31b37430fbebefed:0xffc5bf81e0dee2e5,"Yala, Thailand",SUBCOUNTRY,2026-03-11T14:27:37.536512+00:00,14,G:0cewN1gfgwE,ครูหมอโนราห์,เจนนี่ ได้หมดถ้าสดชื่น,9921,https://www.youtube.com/watch?v=pQcgSCMl79k,12
0x31b5d97264fa1a59:0x6ec97bbb4a9fbcf0,"Kelantan, Malaysia",SUBCOUNTRY,2026-03-11T14:19:22.459240+00:00,12,G:bh6xZDm-yRU,Cinta Ini Membunuhku,d'Masiv,30516,https://www.youtube.com/watch?v=iz7hDDlW8yQ,11
0x31b6afc27a0ea2e1:0xd3fb8d8332a81530,"Kota Bharu, Kelantan, Malaysia",CITY,2026-03-11T14:19:18.584972+00:00,20,G:Mo3Mu1K67CU,Raya Mana?,Nabila Razali,11604,https://www.youtube.com/watch?v=bq4XvNBqi5k,10
0x31b6dd7557fbd357:0x6a8fe5afedf2a3fe,"Terengganu, Malaysia",SUBCOUNTRY,2026-03-11T15:24:05.164305+00:00,20,G:lbVvR4yc3Fs,Warna Warni Aidilfitri,Nyanyian Ramai,23650,https://www.youtube.com/watch?v=zf1U4mu0Iew,6
0x31b7099e976e862f:0x1bc0ee85cb232492,"Kuala Terengganu, Terengganu, Malaysia",CITY,2026-03-11T14:28:59.512308+00:00,20,G:lbVvR4yc3Fs,Warna Warni Aidilfitri,Nyanyian Ramai,10958,https://www.youtube.com/watch?v=zf1U4mu0Iew,6
0x31c4cc3289eddb9f:0x7b6b329bbf0cadb4,"Johor, Malaysia",SUBCOUNTRY,2026-03-11T14:29:28.600791+00:00,9,G:c1UTgxwQBNg,Oh Money My Honey,UFM100.3,179665,https://www.youtube.com/watch?v=dTY0ALkcmp4,2
0x31c504e2889d108b:0x8b39eb767e5ba846,"Pahang, Malaysia",SUBCOUNTRY,2026-03-11T15:24:06.224308+00:00,18,G:olMbnlAaO_A,Chentaku (feat. SonaOne),Zizan Razak,46558,https://www.youtube.com/watch?v=Kj_HvSBZzsE,3
0x31c8b9f8e826e005:0xa44c16aafb214f62,"Kuantan, Pahang, Malaysia",CITY,2026-03-11T15:24:06.638584+00:00,10,G:bh6xZDm-yRU,Cinta Ini Membunuhku,d'Masiv,17735,https://www.youtube.com/watch?v=iz7hDDlW8yQ,11
0x31caec79f34033e3:0x8fdc9f466952e859,"Ipoh, Perak, Malaysia",CITY,2026-03-11T14:16:19.968344+00:00,11,G:-r_dL2BywdU,兜圈,Yoga Lin,33411,https://www.youtube.com/watch?v=Mqr-kjvXsk8,5
0x31cc362abd08e7d3:0x232e1ff540d86c99,"Federal Territory of Kuala Lumpur, Malaysia",SUBCOUNTRY,2026-03-11T14:39:48.295872+00:00,12,G:gYISUrPf32w,小妹祝你发大财,韓曉噯,135109,https://www.youtube.com/watch?v=lptkii7xs_8,23
0x31cc3711646d12c5:0xaf8df7ef767a7ac1,"Ampang Jaya, Selangor, Malaysia",CITY,2026-03-11T14:12:29.155808+00:00,15,G:DAgTGyd3NKY,P Ramlee Saloma,Alpha,29207,https://www.youtube.com/watch?v=yblOTl_XVII,23
0x31cc4252cdeb045f:0x26e1bee1215dfbb9,"Selangor, Malaysia",SUBCOUNTRY,2026-03-11T14:12:22.765603+00:00,15,G:0DHAkjul_G0,Harapalsu,Arghpiez,1248916,https://www.youtube.com/watch?v=J8LbC2cvoxA,2
0x31cc49c701efeae7:0xf4d98e5b2f1c287d,"Kuala Lumpur, Malaysia",CITY,2026-03-11T14:39:48.028744+00:00,11,G:0DHAkjul_G0,Harapalsu,Arghpiez,985011,https://www.youtube.com/watch?v=J8LbC2cvoxA,2
0x31cc4cd011ec8e15:0x4bf9f3f70226e7d3,"Subang Jaya, Selangor, Malaysia",CITY,2026-03-11T14:50:26.783165+00:00,19,G:gYISUrPf32w,小妹祝你发大财,韓曉噯,19623,https://www.youtube.com/watch?v=lptkii7xs_8,23
0x31cc4d8b932abdc7:0x6e65e085abb091c5,"Shah Alam, Selangor, Malaysia",CITY,2026-03-11T14:12:23.428451+00:00,20,G:5hQ1UlGUlcw,HORKASAI (阿炳 VS 梁婆婆 电影主题曲),3P,72941,https://www.youtube.com/watch?v=oCYoR7kRw48,15
0x31cc4ececc1c7c97:0x524c8e31e929bc76,"Petaling Jaya, Selangor, Malaysia",CITY,2026-03-11T14:12:25.383096+00:00,20,G:5hQ1UlGUlcw,HORKASAI (阿炳 VS 梁婆婆 电影主题曲),3P,52188,https://www.youtube.com/watch?v=oCYoR7kRw48,15
0x31cc534c4ffe81cf:0xeb61f5772fd54514,"Klang, Selangor, Malaysia",CITY,2026-03-11T14:12:25.174436+00:00,19,G:goLo7cETraY,通通好运来,"Jestinna Kuan, Mskuan, Perry K",27540,https://www.youtube.com/watch?v=oC5BPq56lK4,9
0x31cdb4858700458b:0x450f0f6588f66ff,"Puchong, Selangor, Malaysia",CITY,2026-03-11T14:12:26.045875+00:00,17,G:5hQ1UlGUlcw,HORKASAI (阿炳 VS 梁婆婆 电影主题曲),3P,51210,https://www.youtube.com/watch?v=oCYoR7kRw48,15
0x31cdb61b1fb386f7:0xcf2cf98795f45608,"Putrajaya, Malaysia",SUBCOUNTRY,2026-03-11T15:25:46.266660+00:00,12,G:b-XSiTiYd5k,Menjaga Jodoh Orang Lain,Ara Johari,8070,https://www.youtube.com/watch?v=YJnbL_AkLF0,2
0x31cdb625448e0b23:0x85165e8fa981af6c,"Putrajaya, Malaysia",CITY,2026-03-11T15:25:45.537524+00:00,13,G:b-XSiTiYd5k,Menjaga Jodoh Orang Lain,Ara Johari,8555,https://www.youtube.com/watch?v=YJnbL_AkLF0,2
0x31cdcbc5df56418f:0xb186679d7d069c0f,"Kajang, Selangor, Malaysia",CITY,2026-03-11T14:12:22.230788+00:00,14,G:DAgTGyd3NKY,P Ramlee Saloma,Alpha,47836,https://www.youtube.com/watch?v=yblOTl_XVII,23
0x31cdde05ead5d09f:0x563c38f6157031ea,"Seremban, Negeri Sembilan, Malaysia",CITY,2026-03-11T15:24:09.352826+00:00,19,G:Mo3Mu1K67CU,Raya Mana?,Nabila Razali,15320,https://www.youtube.com/watch?v=bq4XvNBqi5k,10
0x31cde76f651dda2b:0x2b4e482fbc170249,"Negeri Sembilan, Malaysia",SUBCOUNTRY,2026-03-11T15:24:09.673358+00:00,20,G:Mo3Mu1K67CU,Raya Mana?,Nabila Razali,32235,https://www.youtube.com/watch?v=bq4XvNBqi5k,10
0x31d1e4e8957a7277:0x983326e5d4544e69,"Malacca, Malaysia",SUBCOUNTRY,2026-03-11T14:40:44.673583+00:00,20,G:olMbnlAaO_A,Chentaku (feat. SonaOne),Zizan Razak,29915,https://www.youtube.com/watch?v=Kj_HvSBZzsE,3
0x31d1ee278e8c65dd:0x32a7281769e016a,"Malacca, Malacca, Malaysia",CITY,2026-03-11T14:40:38.342906+00:00,14,G:goLo7cETraY,通通好运来,"Jestinna Kuan, Mskuan, Perry K",17261,https://www.youtube.com/watch?v=oC5BPq56lK4,9
0x31d5ab80690ee7b1:0x94dde92c3823dbe4,"Pekanbaru, Riau, Indonesia",CITY,2026-03-11T14:30:49.622639+00:00,9,G:dPBMW83Gt_E,Darah Taraso Baku,Rayola,279055,https://www.youtube.com/watch?v=SkLwm3DfdeQ,4
0x31d9654dd4870b01:0x7246b575898524bc,"Riau Islands, Indonesia",SUBCOUNTRY,2026-03-11T14:30:57.759013+00:00,20,G:KDWSmPO7N7A,Lesung Pipi,Raim Laode,98474,https://www.youtube.com/watch?v=gBg0qyuK1EQ,6
0x31d9bce8c054ce05:0x3039d80b220cbb0,"Batam, Riau Islands, Indonesia",CITY,2026-03-11T14:30:55.652370+00:00,18,G:KDWSmPO7N7A,Lesung Pipi,Raim Laode,81219,https://www.youtube.com/watch?v=gBg0qyuK1EQ,6
0x31da11238a8b9375:0x887869cf52abf5c4,Singapore,COUNTRY,2026-03-11T14:54:24.587318+00:00,15,G:iqSdJHG4lFw,G Fatt - သမုဒယနဲ့ ချည်တဲ့နွယ်,G Fatt,191843,https://www.youtube.com/watch?v=DqA1pxk4yhQ,2
0x31da12c6d36b3a27:0xd5f4b21db593d4f5,"Johor Bahru, Johor, Malaysia",CITY,2026-03-11T14:29:28.857870+00:00,9,G:c1UTgxwQBNg,Oh Money My Honey,UFM100.3,89498,https://www.youtube.com/watch?v=dTY0ALkcmp4,2
0x31da1767b42b8ec9:0x400f7acaedaa420,"Singapore, Singapore",CITY,2026-03-11T14:54:26.507792+00:00,18,G:iqSdJHG4lFw,G Fatt - သမုဒယနဲ့ ချည်တဲ့နွယ်,G Fatt,178175,https://www.youtube.com/watch?v=DqA1pxk4yhQ,2
0x31f62a0f014b6e47:0xf25aa56ec5fe1300,"Sarawak, Malaysia",SUBCOUNTRY,2026-03-11T14:30:16.322765+00:00,14,G:gKdvUU5_Qak,Kaban,Masterpiece,160079,https://www.youtube.com/watch?v=oBRkCxKRUKg,2
0x31fb0784258cbf11:0xd37257591ab17e72,"Kuching, Sarawak, Malaysia",CITY,2026-03-11T14:30:19.294283+00:00,16,G:6vqQm0-JbhA,Midang Belalai,Alex Wan,109185,https://www.youtube.com/watch?v=XPrb79T3aek,1
0x32155171c8bc8a9d:0x889d1e436c96b307,"Sabah, Malaysia",SUBCOUNTRY,2026-03-11T14:22:55.834846+00:00,13,G:w6s9XnEsGC0,Menerima Luka,Natasya Sabella,206732,https://www.youtube.com/watch?v=7aena1UixAc,2
0x3218994b04b8b9d1:0x5dfe3580dd09dad6,Brunei,COUNTRY,2026-03-11T15:26:28.841893+00:00,16,G:j42NVCftwfI,Garam & Madu (Sakit Dadaku),"Tenxi, Jemsii, Naykilla",40133,https://www.youtube.com/watch?v=k0ubS6BhHu4,3
0x321941fc74729dcf:0x2e911b344f6c4816,"Miri, Sarawak, Malaysia",CITY,2026-03-11T14:30:19.973352+00:00,2,G:QiNBGhQydr8,Utai Orang,ED,33319,https://www.youtube.com/watch?v=TDUEdjBqroQ,3
0x32228b2dc600d135:0x629259028b47b824,"Brunei-Muara District, Brunei",SUBCOUNTRY,2026-03-11T14:17:45.113723+00:00,16,G:j42NVCftwfI,Garam & Madu (Sakit Dadaku),"Tenxi, Jemsii, Naykilla",37152,https://www.youtube.com/watch?v=k0ubS6BhHu4,3
0x3222f5b0540b731f:0xeeacf8c47cbae84b,"Bandar Seri Begawan, Brunei-Muara District, Brunei",CITY,2026-03-11T14:17:42.789385+00:00,15,G:j42NVCftwfI,Garam & Madu (Sakit Dadaku),"Tenxi, Jemsii, Naykilla",34773,https://www.youtube.com/watch?v=k0ubS6BhHu4,3
0x323b6995e6a6aba7:0xf182336a16947a7e,"Kota Kinabalu, Sabah, Malaysia",CITY,2026-03-11T14:22:57.373871+00:00,13,G:w6s9XnEsGC0,Menerima Luka,Natasya Sabella,135691,https://www.youtube.com/watch?v=7aena1UixAc,2
0x324053215f87de63:0x784790ef7a29da57,Philippines,COUNTRY,2026-03-11T14:54:05.859197+00:00,20,G:MqYl0BHmJ2A,Pangarap Lang Kita (feat. Happee Sy),Parokya ni Edgar,5650016,https://www.youtube.com/watch?v=RFxDGanO60k,23
0x32506a09d96fc175:0x35526ebbce01e7a2,"Zamboanga City, Zamboanga Peninsula, Philippines",CITY,2026-03-11T14:27:07.965843+00:00,15,G:lyMGIPdpGl4,Isa lang,Arthur Nery,45390,https://www.youtube.com/watch?v=LJnN8IvGKrs,15
0x3253e1a7586a75ed:0xe63a85d8edd843e2,"Zamboanga Peninsula, Philippines",SUBCOUNTRY,2026-03-11T14:27:00.689233+00:00,17,G:3SqgPYnvtJs,Adore You,Miley Cyrus,91321,https://www.youtube.com/watch?v=W1tzURKYFNs,4
0x325579b328c9540d:0xe6e208aba2f0d03b,"Iligan City, Northern Mindanao, Philippines",CITY,2026-03-11T14:25:40.500496+00:00,19,G:kzvphGjAlf0,back to friends,sombr,25705,https://www.youtube.com/watch?v=c8zq4kAn_O0,11
0x3287754270069e31:0x45891617980cb835,"North Sulawesi, Indonesia",SUBCOUNTRY,2026-03-11T14:55:41.474649+00:00,6,G:BTAyagqp1ag,Trompet Gacor 2,Ever Slkr,295039,https://www.youtube.com/watch?v=Jybm8AU97Nw,2
0x32879ef9ffb30fd3:0x3030bfbcaf77280,"Manado, North Sulawesi, Indonesia",CITY,2026-03-11T14:40:33.051314+00:00,6,G:BTAyagqp1ag,Trompet Gacor 2,Ever Slkr,267177,https://www.youtube.com/watch?v=Jybm8AU97Nw,2
0x32f79cf31aca6663:0xcc2a0e32287d6748,"General Santos City (Dadiangas), SOCCSKSARGEN, Philippines",CITY,2026-03-11T14:19:30.243481+00:00,19,G:t9KteTZ5XkQ,Upuan,Gloc-9,34724,https://www.youtube.com/watch?v=yvWVfYwpMD0,12
0x32f814730ac69a8b:0x523e6d79fbb2d7e7,"SOCCSKSARGEN, Philippines",SUBCOUNTRY,2026-03-11T14:19:27.100304+00:00,19,G:3SqgPYnvtJs,Adore You,Miley Cyrus,109689,https://www.youtube.com/watch?v=W1tzURKYFNs,4
0x32f96d9f519e327f:0xb53a24589f79c573,"Davao City, Davao Region, Philippines",CITY,2026-03-11T15:24:47.925481+00:00,18,G:8mu9kOEoi2w,Wherever You Will Go,The Calling,293864,https://www.youtube.com/watch?v=iAP9AF6DCu4,6
0x32f9897be541b433:0xf3e02b47a23772cc,"Davao Region, Philippines",SUBCOUNTRY,2026-03-11T15:24:47.889783+00:00,16,G:t9KteTZ5XkQ,Upuan,Gloc-9,389757,https://www.youtube.com/watch?v=yvWVfYwpMD0,12
0x32fff2d9810e9e81:0x2edcd5b84a6de2a2,"Cagayan De Oro City, Northern Mindanao, Philippines",CITY,2026-03-11T14:25:41.301480+00:00,16,G:t9KteTZ5XkQ,Upuan,Gloc-9,150505,https://www.youtube.com/watch?v=yvWVfYwpMD0,12
0x330064e4eded6b8d:0x63daecf26cd5c7e4,"Northern Mindanao, Philippines",SUBCOUNTRY,2026-03-11T14:25:40.290398+00:00,19,G:3SqgPYnvtJs,Adore You,Miley Cyrus,249326,https://www.youtube.com/watch?v=W1tzURKYFNs,4
0x33019a34a07829a1:0x5b57e273cc22bdb8,"Caraga, Philippines",SUBCOUNTRY,2026-03-11T14:21:35.755079+00:00,18,G:3SqgPYnvtJs,Adore You,Miley Cyrus,78021,https://www.youtube.com/watch?v=W1tzURKYFNs,4
0x3301e998b1704fcf:0x85e95810384ea2d6,"Butuan City, Caraga, Philippines",CITY,2026-03-11T14:21:28.593042+00:00,20,G:kzvphGjAlf0,back to friends,sombr,21123,https://www.youtube.com/watch?v=c8zq4kAn_O0,11
0x338ec93a364ff48b:0x32315f5d267980cd,"Ilocos Region, Philippines",SUBCOUNTRY,2026-03-11T14:13:48.481191+00:00,17,G:8mu9kOEoi2w,Wherever You Will Go,The Calling,205629,https://www.youtube.com/watch?v=iAP9AF6DCu4,6
0x33915d56ad32b305:0x1b74411960f5054a,"Dagupan City, Ilocos Region, Philippines",CITY,2026-03-11T14:13:51.511304+00:00,20,G:NTCZJ5KhYqQ,I Love You,Celine Dion,26188,https://www.youtube.com/watch?v=JAeUm1kJrlI,4
0x3391a16879def13f:0x8edef534be3a75c0,"Baguio, Cordillera Administrative Region, Philippines",CITY,2026-03-11T14:32:36.040863+00:00,17,G:8xK_ADjWBlY,When She Cries,Restless Heart,63500,https://www.youtube.com/watch?v=sSN4ybN0jzg,2
0x3391a16879def13f:0xd5964dfbd2444f2f,"Cordillera Administrative Region, Philippines",SUBCOUNTRY,2026-03-11T14:54:52.644380+00:00,12,G:ZUWsPj6XC64,Maguinam un ili mi (Lyn Ayyawat Gamongan),Simple Tone Band,105126,https://www.youtube.com/watch?v=lTLaT1VEkVY,2
0x3396711b9c32216b:0xa080c3d36f2963a7,"Olongapo City, Central Luzon, Philippines",CITY,2026-03-11T14:13:30.107559+00:00,19,G:lyMGIPdpGl4,Isa lang,Arthur Nery,27408,https://www.youtube.com/watch?v=LJnN8IvGKrs,15
0x3396f286eed2e61f:0x3ded82248ad9b436,"Angeles, Central Luzon, Philippines",CITY,2026-03-11T14:13:29.904902+00:00,19,G:NTCZJ5KhYqQ,I Love You,Celine Dion,297570,https://www.youtube.com/watch?v=JAeUm1kJrlI,4
0x3396f79f47a8aadb:0x2c4be1dddb81922a,"San Fernando, Central Luzon, Philippines",CITY,2026-03-11T14:13:35.447915+00:00,20,G:lyMGIPdpGl4,Isa lang,Arthur Nery,33241,https://www.youtube.com/watch?v=LJnN8IvGKrs,15
0x33972fc30b864ae1:0xacda5d7d477e0834,"Central Luzon, Philippines",SUBCOUNTRY,2026-03-11T14:13:38.130162+00:00,20,G:MqYl0BHmJ2A,Pangarap Lang Kita (feat. Happee Sy),Parokya ni Edgar,882924,https://www.youtube.com/watch?v=RFxDGanO60k,23
0x3397b1b519841b5f:0x5e770e225042d1a,"Caloocan, Metro Manila, Philippines",CITY,2026-03-11T14:40:56.394745+00:00,20,G:7W2zBS5-beo,Sinungaling,Samsara 304,127909,https://www.youtube.com/watch?v=7UNby-USVYI,1
0x3397ba0942ef7375:0x4a9a32d9fe083d40,"Quezon City, Metro Manila, Philippines",CITY,2026-03-11T14:40:48.836747+00:00,14,G:CANSy1KBEoQ,Marilag,Dionela,550472,https://www.youtube.com/watch?v=cHSRG1mGaAo,4
0x3397bf0c8d8310c5:0x34dc8e5a7fbf80a3,"Antipolo, Calabarzon, Philippines",CITY,2026-03-11T14:17:51.605402+00:00,17,G:0kgWh1SYaL0,Co-Pilot (feat. Jolo & Rjay Ty),Just Hush,98062,https://www.youtube.com/watch?v=Nslq-P3i7bo,3
0x3397c7dc88f7b24f:0x4a592b2b4b34fd89,"Pasig, Metro Manila, Philippines",CITY,2026-03-11T14:41:01.014207+00:00,17,G:_3K9XNFyfCU,Rosas,Yuridope,67630,https://www.youtube.com/watch?v=iu0O4-UFcqs,9
0x3397c835c77b9b79:0xdc4947c8b9d237f8,"Mandaluyong City, Metro Manila, Philippines",CITY,2026-03-11T14:40:41.887874+00:00,17,G:_twecG06_h4,Palagi (Live),"TJ Monterde, KZ Tandingan",18600,https://www.youtube.com/watch?v=fu9yk7gCTbc,2
0x3397c8d26026386d:0x5fed23daac9278d0,"Metro Manila, Philippines",SUBCOUNTRY,2026-03-11T14:40:44.611145+00:00,19,G:y0oQlNXS42E,MYSB (Miss You so Bad),Kira,1434426,https://www.youtube.com/watch?v=-UJRUvsdEtQ,4
0x3397c90264a0ed01:0x2b066ed57830cace,"Makati City, Metro Manila, Philippines",CITY,2026-03-11T14:40:29.555402+00:00,20,G:TTRWB_E3GhM,I Like Me Better,Lauv,40288,https://www.youtube.com/watch?v=BcqxLCWn-CE,1
0x3397ca03571ec38b:0x69d1d5751069c11f,"Manila, Metro Manila, Philippines",CITY,2026-03-11T14:40:46.647362+00:00,20,G:CANSy1KBEoQ,Marilag,Dionela,348124,https://www.youtube.com/watch?v=cHSRG1mGaAo,4
0x3397ce0835972b6f:0xff33295d281774b,"Las Piñas, Metro Manila, Philippines",CITY,2026-03-11T14:39:59.221718+00:00,13,G:_3K9XNFyfCU,Rosas,Yuridope,39343,https://www.youtube.com/watch?v=iu0O4-UFcqs,9
0x3397ce5df9175d09:0x2d041bbb0b2842e5,"Parañaque, Metro Manila, Philippines",CITY,2026-03-11T15:24:01.091673+00:00,18,G:3hpOv583wm0,Kailan Ka Uuwi (feat. Flow G),juan karlos,50217,https://www.youtube.com/watch?v=RtkZ_FLcMxE,2
0x3397cf4a54fe3001:0x2fae7af0a998d2ad,"Taguig, Metro Manila, Philippines",CITY,2026-03-11T14:40:51.242643+00:00,18,G:CANSy1KBEoQ,Marilag,Dionela,133647,https://www.youtube.com/watch?v=cHSRG1mGaAo,4
0x3397d2407b04433f:0x779154cd6b3d2d4c,"Bacoor, Calabarzon, Philippines",CITY,2026-03-11T14:17:50.789043+00:00,20,G:xCkN9rYU42U,Palaisipan,"Loonie, Arthur Nery",67100,https://www.youtube.com/watch?v=DLPmi48O51s,9
0x3397d252b84f3c11:0x38b0f2e1f833e8df,"Imus, Calabarzon, Philippines",CITY,2026-03-11T14:17:58.457094+00:00,19,G:t9KteTZ5XkQ,Upuan,Gloc-9,96787,https://www.youtube.com/watch?v=yvWVfYwpMD0,12
0x3397d5b87c111e25:0xab8cb698f840321f,"Dasmariñas, Calabarzon, Philippines",CITY,2026-03-11T14:17:56.429950+00:00,20,G:xCkN9rYU42U,Palaisipan,"Loonie, Arthur Nery",86767,https://www.youtube.com/watch?v=DLPmi48O51s,9
0x3397d70cc905e489:0xdbb7938dd87f5563,"Biñan, Calabarzon, Philippines",CITY,2026-03-11T14:33:18.632663+00:00,20,G:0kgWh1SYaL0,Co-Pilot (feat. Jolo & Rjay Ty),Just Hush,19722,https://www.youtube.com/watch?v=Nslq-P3i7bo,3
0x3397d9b37741cb8b:0x6190465ce35ff477,"City of Santa Rosa, Calabarzon, Philippines",CITY,2026-03-11T14:49:16.181566+00:00,14,G:EjLu6uXM6Qs,Palayo Sa Mundo,"Jolianne, Arthur Nery",46459,https://www.youtube.com/watch?v=173SbLSn620,14
0x33980204fb63397d:0x35bd6f7be9cc92cc,"Calabarzon, Philippines",SUBCOUNTRY,2026-03-11T14:17:54.945043+00:00,15,G:EjLu6uXM6Qs,Palayo Sa Mundo,"Jolianne, Arthur Nery",1265570,https://www.youtube.com/watch?v=173SbLSn620,14
0x33a101687e9bf8a7:0x305252e78d14537a,"Legazpi City, Bicol, Philippines",CITY,2026-03-11T14:54:45.751367+00:00,19,G:kzvphGjAlf0,back to friends,sombr,14506,https://www.youtube.com/watch?v=c8zq4kAn_O0,11
0x33a18cad50331fcb:0x1dd856f8b79915ca,"Naga City, Bicol, Philippines",CITY,2026-03-11T14:42:43.135390+00:00,17,G:W5-sHhg-Lhw,I Thought I Saw Your Face Today,She & Him,21868,https://www.youtube.com/watch?v=pyGU-UudvrM,15
0x33a18cae756d7859:0xa65102d7e0abe82e,"Bicol, Philippines",SUBCOUNTRY,2026-03-11T14:54:46.984762+00:00,18,G:dR8XeMzCmsE,I'll Be,Edwin McCain,151012,https://www.youtube.com/watch?v=JTm1d7Dc-gU,14
0x33a999258dcd2dfd:0x4c34030cdbd33507,"Cebu City, Central Visayas, Philippines",CITY,2026-03-11T14:21:21.309114+00:00,20,G:NTCZJ5KhYqQ,I Love You,Celine Dion,227141,https://www.youtube.com/watch?v=JAeUm1kJrlI,4
0x33abc5f18ad5ce55:0x3b076c64269fa101,"Central Visayas, Philippines",SUBCOUNTRY,2026-03-11T14:21:28.502475+00:00,20,G:t9KteTZ5XkQ,Upuan,Gloc-9,449398,https://www.youtube.com/watch?v=yvWVfYwpMD0,12
0x33ac1129550ddfd1:0x22c5da0b02814512,"Western Visayas, Philippines",SUBCOUNTRY,2026-03-11T14:27:28.648365+00:00,17,G:kzvphGjAlf0,back to friends,sombr,287179,https://www.youtube.com/watch?v=c8zq4kAn_O0,11
0x33aed1aede61785b:0xea7972541b89f76b,"Bacolod, Western Visayas, Philippines",CITY,2026-03-11T14:27:21.237131+00:00,18,G:kzvphGjAlf0,back to friends,sombr,65581,https://www.youtube.com/watch?v=c8zq4kAn_O0,11
0x33aee56fe538d781:0xe8250cd6bc30a488,"Iloilo City, Western Visayas, Philippines",CITY,2026-03-11T14:27:26.869747+00:00,17,G:NTCZJ5KhYqQ,I Love You,Celine Dion,110779,https://www.youtube.com/watch?v=JAeUm1kJrlI,4
0x33bd13576170055f:0xe6da25b39082662a,"Lipa City, Calabarzon, Philippines",CITY,2026-03-11T14:17:53.789670+00:00,15,G:EjLu6uXM6Qs,Palayo Sa Mundo,"Jolianne, Arthur Nery",66074,https://www.youtube.com/watch?v=173SbLSn620,14
0x33bd63655ce077d3:0x39dd1f59c6edaced,"Calamba, Calabarzon, Philippines",CITY,2026-03-11T14:17:48.291446+00:00,19,G:t9KteTZ5XkQ,Upuan,Gloc-9,134331,https://www.youtube.com/watch?v=yvWVfYwpMD0,12
0x34017ae176008f99:0xb91de9d3e7ef75ad,"Macau, Macao",CITY,2026-03-11T14:53:46.699403+00:00,17,G:NGEFpqXVTlA,如果可以 Red Scarf,WeiBird,21443,https://www.youtube.com/watch?v=8MG--WuNW1Y,1
0x3403e2eda332980f:0xf08ab3badbeac97c,Hong Kong,COUNTRY,2026-03-11T14:39:07.698741+00:00,2,G:o-C5db3pDOE,無名指,Ian 陳卓賢,1044145,https://www.youtube.com/watch?v=mK491w1UUuw,1
0x3442ac6b61dbbd8b:0xbcd1baad5c06a482,"Taipei City, Taiwan",SUBCOUNTRY,2026-03-11T14:54:32.207126+00:00,19,G:jHqkLguLMSo,PSYCHO,BABYMONSTER,270783,https://www.youtube.com/watch?v=yd_uG3TtREs,4
0x345d5538b0b6645f:0x5aa90dfa6620edc0,"New Taipei City, Taiwan",SUBCOUNTRY,2026-03-11T14:54:31.580072+00:00,18,G:jHqkLguLMSo,PSYCHO,BABYMONSTER,246679,https://www.youtube.com/watch?v=yd_uG3TtREs,4
0x34674e0fd77f192f:0xf54275d47c665244,Japan,COUNTRY,2026-03-11T14:08:26.588779+00:00,20,G:FXYluXQOGFc,イイじゃん,M!LK,6262409,https://www.youtube.com/watch?v=GW-XMhRQDFI,63
0x346917dff97922ef:0x87523ee47ea6447f,"Taichung City, Taiwan",SUBCOUNTRY,2026-03-11T14:54:31.668207+00:00,18,G:Sds6GNTsUCk,必巡,曾瑋中,402233,https://www.youtube.com/watch?v=X06y7ZuT7_Y,3
0x346e43517a7a741b:0x4826a24a54732a37,"Kaohsiung City, Taiwan",SUBCOUNTRY,2026-03-11T15:24:11.113462+00:00,13,G:Sds6GNTsUCk,必巡,曾瑋中,230750,https://www.youtube.com/watch?v=X06y7ZuT7_Y,3
0x346e7ccc953ffe13:0xd47f4caaa5dc764e,"Tainan City, Taiwan",SUBCOUNTRY,2026-03-11T14:54:38.355829+00:00,19,G:6AI846f0oIE,Love You One More Time,EggPlantEgg,72333,https://www.youtube.com/watch?v=PJJhHihvDpo,3
0x346ef3065c07572f:0xe711f004bf9c5469,Taiwan,COUNTRY,2026-03-11T14:54:29.386032+00:00,19,G:jHqkLguLMSo,PSYCHO,BABYMONSTER,1527585,https://www.youtube.com/watch?v=yd_uG3TtREs,4
0x34e5697141a6b58b:0x2cd8aff616585e98,"Naha, Okinawa, Japan",CITY,2026-03-11T14:13:43.021878+00:00,20,G:0a6tfAbMfWI,SAD SONG (feat. No No Girls),CHANMINA,20113,https://www.youtube.com/watch?v=CFBStXempJY,16
0x34f57062eeab5be7:0x35bb617286fdd1ef,"Okinawa, Japan",SUBCOUNTRY,2026-03-11T14:13:46.678952+00:00,20,G:73gw4P5RrIE,Cold Night,HANA,58430,https://www.youtube.com/watch?v=y0buouJde-g,1
0x350ce0858a6d79fd:0x4b9a8869e1919ce2,"Jeju-si, Jeju-do, South Korea",CITY,2026-03-11T14:14:11.522591+00:00,17,G:VrplrQNrnfg,"어떻게 이별까지 사랑하겠어, 널 사랑하는 거지",AKMU,20583,https://www.youtube.com/watch?v=m3DZsBw5bnE,4
0x350ce3544cc84045:0x66bc36d2981ebf31,"Jeju-do, South Korea",SUBCOUNTRY,2026-03-11T14:14:07.436209+00:00,17,G:VrplrQNrnfg,"어떻게 이별까지 사랑하겠어, 널 사랑하는 거지",AKMU,27086,https://www.youtube.com/watch?v=m3DZsBw5bnE,4
0x35154c548418da67:0x8bf7a6edca32cc93,"Nagasaki, Nagasaki, Japan",CITY,2026-03-11T14:12:12.916375+00:00,18,G:vQIf74sv4Bc,Theater,King & Prince,15764,https://www.youtube.com/watch?v=miF9eiOuiGo,2
0x35185bc2d1168003:0x8dafd1f2e85ad670,"Kagoshima, Japan",SUBCOUNTRY,2026-03-11T14:19:47.174987+00:00,20,G:GuyTxWPF-gQ,Tiger,HANA,46625,https://www.youtube.com/watch?v=DX_zuR10ZVY,17
0x3538ad27167ffc61:0x28f8f7ca786b192a,"Miyazaki, Japan",SUBCOUNTRY,2026-03-11T15:24:49.025439+00:00,19,G:GuyTxWPF-gQ,Tiger,HANA,35255,https://www.youtube.com/watch?v=DX_zuR10ZVY,17
0x3538b5f6c768a27b:0xd4ce23b1878ee7d,"Miyazaki, Miyazaki, Japan",CITY,2026-03-11T15:24:49.384744+00:00,20,G:GuyTxWPF-gQ,Tiger,HANA,17479,https://www.youtube.com/watch?v=DX_zuR10ZVY,17
0x353e615200e3c53d:0x9adcfdad5d5c5885,"Kagoshima, Kagoshima, Japan",CITY,2026-03-11T14:19:47.506762+00:00,16,G:jj1OX3Yf7Xg,バブるバブル ,MADAMADA,30186,https://www.youtube.com/watch?v=dnXc48FLyE4,53
0x354077adabb43ca7:0xf2179532304cf1f1,"Kumamoto, Japan",SUBCOUNTRY,2026-03-11T15:24:54.720392+00:00,20,G:GuyTxWPF-gQ,Tiger,HANA,54221,https://www.youtube.com/watch?v=DX_zuR10ZVY,17
0x3540f414acf11b4f:0x1a51ced19bcf5c31,"Kumamoto, Kumamoto, Japan",CITY,2026-03-11T15:24:54.895452+00:00,18,G:jj1OX3Yf7Xg,バブるバブル ,MADAMADA,37478,https://www.youtube.com/watch?v=dnXc48FLyE4,53
0x3541817af77eb125:0x97a20ffb4a51384d,"Fukuoka, Japan",SUBCOUNTRY,2026-03-11T14:08:25.590298+00:00,18,G:0a6tfAbMfWI,SAD SONG (feat. No No Girls),CHANMINA,381017,https://www.youtube.com/watch?v=CFBStXempJY,16
0x3541c8fb1e34f1eb:0xd790a2fc50f343d0,"Saga, Saga, Japan",CITY,2026-03-11T14:25:14.513620+00:00,20,G:GuyTxWPF-gQ,Tiger,HANA,7427,https://www.youtube.com/watch?v=DX_zuR10ZVY,17
0x3541d2a1e2f15555:0x300bd46c1f1ef1da,"Saga, Japan",SUBCOUNTRY,2026-03-11T14:25:14.970397+00:00,19,G:GuyTxWPF-gQ,Tiger,HANA,21412,https://www.youtube.com/watch?v=DX_zuR10ZVY,17
0x3541eda1e9848429:0xf60a729936398783,"Fukuoka, Fukuoka, Japan",CITY,2026-03-11T14:08:30.567908+00:00,20,G:53n81ZIhKGs,怪獣の花唄 ,Vaundy,237144,https://www.youtube.com/watch?v=UM9XNpgrqVk,6
0x3543755b556f5fa7:0x7101c1498e790a73,"Shimonoseki, Yamaguchi, Japan",CITY,2026-03-11T14:30:20.858471+00:00,18,G:nulkh8ITCG8,Rebellion,SixTONES,7308,https://www.youtube.com/watch?v=MLPkxjD2J4k,3
0x3543c76849636da9:0x388ab930297e38e7,"Kitakyushu, Fukuoka, Japan",CITY,2026-03-11T14:25:15.113187+00:00,18,G:0a6tfAbMfWI,SAD SONG (feat. No No Girls),CHANMINA,57072,https://www.youtube.com/watch?v=CFBStXempJY,16
0x35445c95e3d84793:0x3f17b7f27036bee2,"Oita, Japan",SUBCOUNTRY,2026-03-11T14:28:53.914725+00:00,13,G:jj1OX3Yf7Xg,バブるバブル ,MADAMADA,40547,https://www.youtube.com/watch?v=dnXc48FLyE4,53
0x354495c54c9efd75:0x263156320e32adf7,"Yamaguchi, Yamaguchi, Japan",CITY,2026-03-11T14:30:24.315718+00:00,19,G:nulkh8ITCG8,Rebellion,SixTONES,5806,https://www.youtube.com/watch?v=MLPkxjD2J4k,3
0x3544c719765a8ffd:0x490cbcc25354e270,"Yamaguchi, Japan",SUBCOUNTRY,2026-03-11T14:30:21.619999+00:00,18,G:XawzUHfoJRA,一秒 (Live) ,SixTONES,36351,https://www.youtube.com/watch?v=IpJtFH90Qvc,20
0x35469c069d5fbc8b:0x85af152067235eda,"Oita, Oita, Japan",CITY,2026-03-11T14:28:58.557510+00:00,15,G:jj1OX3Yf7Xg,バブるバブル ,MADAMADA,21872,https://www.youtube.com/watch?v=dnXc48FLyE4,53
0x3548a934d1ea616b:0xa0542da49ebe0da3,"Kochi, Japan",SUBCOUNTRY,2026-03-11T14:19:17.962745+00:00,18,G:9MsLol5apWI,ビバリウム,Ado,19523,https://www.youtube.com/watch?v=YvYii6dluM8,36
0x354e1f3322084dd7:0x2f175a433fde642a,"Kochi, Kochi, Japan",CITY,2026-03-11T14:19:11.765392+00:00,18,G:9MsLol5apWI,ビバリウム,Ado,12494,https://www.youtube.com/watch?v=YvYii6dluM8,36
0x354f95904796aaad:0xff9493c0ef9fbddb,"Ehime, Japan",SUBCOUNTRY,2026-03-11T15:23:45.556081+00:00,20,G:9MsLol5apWI,ビバリウム,Ado,39091,https://www.youtube.com/watch?v=YvYii6dluM8,36
0x354fe532dd43389d:0x71f312a6246632a7,"Matsuyama, Ehime, Japan",CITY,2026-03-11T15:23:44.748216+00:00,20,G:9MsLol5apWI,ビバリウム,Ado,19942,https://www.youtube.com/watch?v=YvYii6dluM8,36
0x355089d119b7f36b:0xa58e24d21615ddbf,"Hiroshima, Japan",SUBCOUNTRY,2026-03-11T14:15:52.781892+00:00,18,G:0a6tfAbMfWI,SAD SONG (feat. No No Girls),CHANMINA,150456,https://www.youtube.com/watch?v=CFBStXempJY,16
0x355110bc9a104433:0x945c406e36701b7,"Fukuyama, Hiroshima, Japan",CITY,2026-03-11T14:15:51.180690+00:00,20,G:jj1OX3Yf7Xg,バブるバブル ,MADAMADA,16480,https://www.youtube.com/watch?v=dnXc48FLyE4,53
0x355159b83d13161d:0x3b60170516ac23e,"Kurashiki, Okayama, Japan",CITY,2026-03-11T15:24:15.923818+00:00,16,G:jj1OX3Yf7Xg,バブるバブル ,MADAMADA,16455,https://www.youtube.com/watch?v=dnXc48FLyE4,53
0x35524d5baed737b3:0xfddd63f964cf310c,"Tokushima, Japan",SUBCOUNTRY,2026-03-11T15:24:14.607790+00:00,20,G:9MsLol5apWI,ビバリウム,Ado,19790,https://www.youtube.com/watch?v=YvYii6dluM8,36
0x35530d02da27ec53:0xb57d6808208d85f7,"Tokushima, Tokushima, Japan",CITY,2026-03-11T15:24:14.412453+00:00,16,G:jj1OX3Yf7Xg,バブるバブル ,MADAMADA,11127,https://www.youtube.com/watch?v=dnXc48FLyE4,53
0x3553c1c5548d47df:0x72f429d49c1ef71b,"Takamatsu, Kagawa, Japan",CITY,2026-03-11T14:25:49.291146+00:00,18,G:XawzUHfoJRA,一秒 (Live) ,SixTONES,17900,https://www.youtube.com/watch?v=IpJtFH90Qvc,20
0x3553dcd4acb77eaf:0x2d81d6b2899bdab1,"Kagawa, Japan",SUBCOUNTRY,2026-03-11T14:25:43.765794+00:00,17,G:XawzUHfoJRA,一秒 (Live) ,SixTONES,29101,https://www.youtube.com/watch?v=IpJtFH90Qvc,20
0x355405712ffba04f:0x10c3802660695766,"Okayama, Okayama, Japan",CITY,2026-03-11T15:24:15.637244+00:00,19,G:FXYluXQOGFc,イイじゃん,M!LK,35002,https://www.youtube.com/watch?v=GW-XMhRQDFI,63
0x35546638e2b69587:0xd221061d182f6d53,"Okayama, Japan",SUBCOUNTRY,2026-03-11T15:24:15.878753+00:00,20,G:jj1OX3Yf7Xg,バブるバブル ,MADAMADA,61070,https://www.youtube.com/watch?v=dnXc48FLyE4,53
0x3554e22d19ebd8d1:0xdbab934d716b0b69,"Himeji, Hyogo, Japan",CITY,2026-03-11T14:15:49.030654+00:00,17,G:jj1OX3Yf7Xg,バブるバブル ,MADAMADA,24897,https://www.youtube.com/watch?v=dnXc48FLyE4,53
0x3554f2615f27aea1:0x1f1ef3a42cae0aa1,"Hyogo, Japan",SUBCOUNTRY,2026-03-11T14:15:44.458055+00:00,18,G:JX6oKX5HDik,3XL,Number_i,211659,https://www.youtube.com/watch?v=WzG4uF_afwE,60
0x355527e23db24381:0x35e2e572b0ee379f,"Kakogawa, Hyogo, Japan",CITY,2026-03-11T14:15:53.501192+00:00,18,G:9MsLol5apWI,ビバリウム,Ado,8675,https://www.youtube.com/watch?v=YvYii6dluM8,36
0x355596c9a0846f89:0x3847638629e55456,"Tottori, Tottori, Japan",CITY,2026-03-11T14:16:49.661543+00:00,20,G:XawzUHfoJRA,一秒 (Live) ,SixTONES,6040,https://www.youtube.com/watch?v=IpJtFH90Qvc,20
0x3555d742b08c4f07:0x3b2f410c40e092ee,"Tottori, Japan",SUBCOUNTRY,2026-03-11T14:16:49.511839+00:00,16,G:9MsLol5apWI,ビバリウム,Ado,15973,https://www.youtube.com/watch?v=YvYii6dluM8,36
0x35570388e957fd25:0x7f8a8df21bdacb9c,"Matsue, Shimane, Japan",CITY,2026-03-11T14:29:51.300155+00:00,13,G:XaCAfMr94JI,笑ったり転んだり,Humbert Humbert,8794,https://www.youtube.com/watch?v=1_P2MT39VJ0,2
0x355a9908eef34fbb:0x7e4ce50cfc1f772,"Hiroshima, Hiroshima, Japan",CITY,2026-03-11T14:15:59.045043+00:00,17,G:0a6tfAbMfWI,SAD SONG (feat. No No Girls),CHANMINA,116594,https://www.youtube.com/watch?v=CFBStXempJY,16
0x355b037d4e04cba1:0x2d34d767132916cc,"Shimane, Japan",SUBCOUNTRY,2026-03-11T14:29:48.796901+00:00,15,G:XaCAfMr94JI,笑ったり転んだり,Humbert Humbert,19570,https://www.youtube.com/watch?v=1_P2MT39VJ0,2
0x3560a4bf7a1918bd:0xc656699ac74cdc23,"Gyeongsangbuk-do, South Korea",SUBCOUNTRY,2026-03-11T14:15:03.639046+00:00,20,G:PixZTXMu-wE,SPAGHETTI (feat. j-hope),LE SSERAFIM,81398,https://www.youtube.com/watch?v=TvVtYaqCni8,18
0x3561e5e1954f0f5b:0x80b7c6519c3d1d46,"Gangneung-si, Gangwon-do, South Korea",CITY,2026-03-11T14:15:11.421598+00:00,20,G:VrplrQNrnfg,"어떻게 이별까지 사랑하겠어, 널 사랑하는 거지",AKMU,8673,https://www.youtube.com/watch?v=m3DZsBw5bnE,4
0x356237ec59968d89:0xe150c7d25a07a6e,"Gangwon-do, South Korea",SUBCOUNTRY,2026-03-11T14:15:13.763743+00:00,19,G:VrplrQNrnfg,"어떻게 이별까지 사랑하겠어, 널 사랑하는 거지",AKMU,52996,https://www.youtube.com/watch?v=m3DZsBw5bnE,4
0x3562e4261feffbab:0x75cb23d8e3883504,"Chuncheon-si, Gangwon-do, South Korea",CITY,2026-03-11T14:15:05.638894+00:00,19,G:qRef4C8gdJE,FOCUS,Hearts2Hearts,11402,https://www.youtube.com/watch?v=Ur7aK4FvK-U,4
0x356375043f7b1dd3:0x5e563ee5d9acf7a5,"Wonju-si, Gangwon-do, South Korea",CITY,2026-03-11T14:15:05.739117+00:00,20,G:h_bIUkcvlVM,Eternal Moment,Lim Young-woong,14041,https://www.youtube.com/watch?v=sFK89gemgKM,25
0x3563859bf76bfd19:0xba9c4a97b8700fe9,"Chungcheongbuk-do, South Korea",SUBCOUNTRY,2026-03-11T14:14:01.023816+00:00,20,G:PixZTXMu-wE,SPAGHETTI (feat. j-hope),LE SSERAFIM,58407,https://www.youtube.com/watch?v=TvVtYaqCni8,18
0x356387c155d514a3:0xcd8d8670dad91bd4,"Jecheon-si, Chungcheongbuk-do, South Korea",CITY,2026-03-11T14:14:03.286948+00:00,20,G:qRef4C8gdJE,FOCUS,Hearts2Hearts,3570,https://www.youtube.com/watch?v=Ur7aK4FvK-U,4
0x3563ff227524fd03:0x46049a877892547c,"Yeongju-si, Gyeongsangbuk-do, South Korea",CITY,2026-03-11T14:15:04.760661+00:00,20,G:6PSMIOAhH1M,Love Love Love (feat. 융진),EPIK HIGH,2202,https://www.youtube.com/watch?v=qdr0fZbuffY,13
0x356455ebcb11ba9b:0x91249b00ba88db4b,South Korea,COUNTRY,2026-03-11T14:10:53.677398+00:00,17,G:kgBohk29150,멸종위기사랑,LEE CHANHYUK,4499960,https://www.youtube.com/watch?v=bLahVNBGdLQ,8
0x3564842e469b1181:0x8692b179a8068ba4,"Chungju-si, Chungcheongbuk-do, South Korea",CITY,2026-03-11T14:14:03.154732+00:00,14,G:I-niXJIUYpU,'주시고 (feat. Kim Yon Ja),YOUNGTAK,8591,https://www.youtube.com/watch?v=kXUA1cIn_eM,2
0x3564a61400916683:0x598fcda12914e460,"Icheon-si, Gyeonggi-do, South Korea",CITY,2026-03-11T14:38:35.811720+00:00,18,G:wHBCR8LVs-c,晩餐歌,tuki.,8207,https://www.youtube.com/watch?v=oZpYEEcvu5I,22
0x3564caa5e76659c1:0x9663a7e4a6cc36eb,"Anseong-si, Gyeonggi-do, South Korea",CITY,2026-03-11T14:32:08.764860+00:00,20,G:15p-8ha_eXQ,toxic till the end,ROSÉ,6420,https://www.youtube.com/watch?v=eA0lHNZ1KCA,42
0x356527ade464af7d:0xfc99789c7c6a8889,"Cheongju-si, Chungcheongbuk-do, South Korea",CITY,2026-03-11T14:14:02.344590+00:00,20,G:PixZTXMu-wE,SPAGHETTI (feat. j-hope),LE SSERAFIM,35692,https://www.youtube.com/watch?v=TvVtYaqCni8,18
0x356548d7ba4a6601:0xd196d69d988ad3b5,"Daejeon, South Korea",CITY,2026-03-11T15:24:54.952404+00:00,20,G:wHBCR8LVs-c,晩餐歌,tuki.,59475,https://www.youtube.com/watch?v=oZpYEEcvu5I,22
0x356548daef27af5f:0x8d2c43c7583063ba,"Daejeon, South Korea",SUBCOUNTRY,2026-03-11T15:24:54.993694+00:00,19,G:wHBCR8LVs-c,晩餐歌,tuki.,56878,https://www.youtube.com/watch?v=oZpYEEcvu5I,22
0x3565c0cd3741330b:0x9d85dec1dd777c19,"Gumi-si, Gyeongsangbuk-do, South Korea",CITY,2026-03-11T14:15:02.078598+00:00,20,G:wHBCR8LVs-c,晩餐歌,tuki.,14112,https://www.youtube.com/watch?v=oZpYEEcvu5I,22
0x3565e1b849469b55:0xfb5106f5293d5f76,"Daegu, South Korea",SUBCOUNTRY,2026-03-11T14:15:39.925139+00:00,20,G:h_bIUkcvlVM,Eternal Moment,Lim Young-woong,83779,https://www.youtube.com/watch?v=sFK89gemgKM,25
0x3565e3b8b2efadd5:0xba92e029a0382e30,"Daegu, South Korea",CITY,2026-03-11T14:10:51.972910+00:00,20,G:PixZTXMu-wE,SPAGHETTI (feat. j-hope),LE SSERAFIM,93791,https://www.youtube.com/watch?v=TvVtYaqCni8,18
0x35660935678aed73:0x6f11ae0ccb8b2662,"Gyeongsan-si, Gyeongsangbuk-do, South Korea",CITY,2026-03-11T14:15:03.679025+00:00,17,G:wHBCR8LVs-c,晩餐歌,tuki.,9944,https://www.youtube.com/watch?v=oZpYEEcvu5I,22
0x35662e8be2b2de81:0x6f2b04eb432e7c89,"Ulsan, South Korea",SUBCOUNTRY,2026-03-11T14:29:15.984529+00:00,19,G:wHBCR8LVs-c,晩餐歌,tuki.,33865,https://www.youtube.com/watch?v=oZpYEEcvu5I,22
0x35662e8be2b2de81:0x7083fa7333d93101,"Ulsan, South Korea",CITY,2026-03-11T14:29:15.202518+00:00,19,G:wHBCR8LVs-c,晩餐歌,tuki.,33877,https://www.youtube.com/watch?v=oZpYEEcvu5I,22
0x35664e46f80d031d:0x371596eecfd0c809,"Gyeongju-si, Gyeongsangbuk-do, South Korea",CITY,2026-03-11T14:15:04.636734+00:00,16,G:h_bIUkcvlVM,Eternal Moment,Lim Young-woong,8831,https://www.youtube.com/watch?v=sFK89gemgKM,25
0x3566a13fee42c953:0xabee2e1f04958e6c,"Andong-si, Gyeongsangbuk-do, South Korea",CITY,2026-03-11T14:15:02.732149+00:00,17,G:I-niXJIUYpU,'주시고 (feat. Kim Yon Ja),YOUNGTAK,5137,https://www.youtube.com/watch?v=kXUA1cIn_eM,2
0x3566fdbac093c233:0xc8e2367ce884d47e,"Pohang-si, Gyeongsangbuk-do, South Korea",CITY,2026-03-11T14:15:03.961945+00:00,20,G:wHBCR8LVs-c,晩餐歌,tuki.,14859,https://www.youtube.com/watch?v=oZpYEEcvu5I,22
0x356897628e7bb139:0xedc6277c8278d292,"Yangsan-si, Gyeongsangnam-do, South Korea",CITY,2026-03-11T14:28:26.152867+00:00,18,G:h_bIUkcvlVM,Eternal Moment,Lim Young-woong,11888,https://www.youtube.com/watch?v=sFK89gemgKM,25
0x3568b86ffe9433cd:0xcd9ec76258631b1,"Gimhae-si, Gyeongsangnam-do, South Korea",CITY,2026-03-11T15:24:03.226538+00:00,17,G:wHBCR8LVs-c,晩餐歌,tuki.,18950,https://www.youtube.com/watch?v=oZpYEEcvu5I,22
0x3568eb6de823cd35:0x35d8cb74247108a7,"Busan, South Korea",CITY,2026-03-11T14:10:46.043677+00:00,19,G:8EFwMCQbSBI,그대 작은 나의 세상이 되어,"Car, the Garden",467890,https://www.youtube.com/watch?v=jCKcEoZrlJQ,7
0x3568eb6de823cd35:0xead060655338f95f,"Gyeongsangnam-do, South Korea",SUBCOUNTRY,2026-03-11T14:10:49.236313+00:00,20,G:5Q8idFVpAO0,끝사랑,Tei,209523,https://www.youtube.com/watch?v=PeRjQLu58OI,9
0x3568ebdbcbd498a9:0x2eaa8fd5c261b198,"Busan, South Korea",SUBCOUNTRY,2026-03-11T14:10:48.652116+00:00,19,G:kgBohk29150,멸종위기사랑,LEE CHANHYUK,352907,https://www.youtube.com/watch?v=bLahVNBGdLQ,8
0x3569a110b1af8e0b:0x24952a1ea9084a95,"Nagasaki, Japan",SUBCOUNTRY,2026-03-11T14:12:12.594527+00:00,19,G:GuyTxWPF-gQ,Tiger,HANA,35530,https://www.youtube.com/watch?v=DX_zuR10ZVY,17
0x356d941f1f8babaf:0x8902d9dae5886e8b,"Yeosu-si, Jeollanam-do, South Korea",CITY,2026-03-11T15:24:12.832945+00:00,6,G:h_bIUkcvlVM,Eternal Moment,Lim Young-woong,15294,https://www.youtube.com/watch?v=sFK89gemgKM,25
0x356e0387a828242d:0x1d0e5aeed8449713,"Suncheon-si, Jeollanam-do, South Korea",CITY,2026-03-11T15:24:12.301791+00:00,17,G:6PSMIOAhH1M,Love Love Love (feat. 융진),EPIK HIGH,8862,https://www.youtube.com/watch?v=qdr0fZbuffY,13
0x356e0f3a0c472589:0x6400cf7444019a70,"Jeollanam-do, South Korea",SUBCOUNTRY,2026-03-11T14:28:54.223246+00:00,19,G:8EFwMCQbSBI,그대 작은 나의 세상이 되어,"Car, the Garden",63193,https://www.youtube.com/watch?v=jCKcEoZrlJQ,7
0x356e6b5d06f58487:0xd5c0444fa37e899d,"Gwangyang-si, Jeollanam-do, South Korea",CITY,2026-03-11T15:24:12.250791+00:00,15,G:Nb6kkuE1JoQ,A Song For Us,Lim Young-woong,6118,https://www.youtube.com/watch?v=ylTuLv9iDmY,1
0x356eccf9f16a11c7:0x3cc43be425a97f29,"Geoje-si, Gyeongsangnam-do, South Korea",CITY,2026-03-11T14:28:22.959055+00:00,18,G:wHBCR8LVs-c,晩餐歌,tuki.,7137,https://www.youtube.com/watch?v=oZpYEEcvu5I,22
0x356efc0b529e034d:0xf440c70d9a804198,"Jinju-si, Gyeongsangnam-do, South Korea",CITY,2026-03-11T14:28:24.608671+00:00,19,G:0z3c31f_Z7g,들꽃이 될게요,Lim Young-woong,12262,https://www.youtube.com/watch?v=ewk5MPptBIs,2
0x356f24647035de63:0x45c44503871e6af3,"Haman-gun, Gyeongsangnam-do, South Korea",CITY,2026-03-11T14:28:23.372076+00:00,17,G:wHBCR8LVs-c,晩餐歌,tuki.,1266,https://www.youtube.com/watch?v=oZpYEEcvu5I,22
0x357014808d39424d:0xeb103859b8528a3c,"Iksan-si, Jeonbuk State, South Korea",CITY,2026-03-11T14:38:34.769726+00:00,20,G:wHBCR8LVs-c,晩餐歌,tuki.,8567,https://www.youtube.com/watch?v=oZpYEEcvu5I,22
0x357023430316d863:0xc7bc17e091c3429a,"Jeonju-si, Jeonbuk State, South Korea",CITY,2026-03-11T14:39:12.794786+00:00,19,G:qRef4C8gdJE,FOCUS,Hearts2Hearts,26909,https://www.youtube.com/watch?v=Ur7aK4FvK-U,4
0x35704076a34cb85d:0xec8e946488b299d7,"Jeonbuk State, South Korea",SUBCOUNTRY,2026-03-11T14:55:20.393838+00:00,20,G:PixZTXMu-wE,SPAGHETTI (feat. j-hope),LE SSERAFIM,69043,https://www.youtube.com/watch?v=TvVtYaqCni8,18
0x35705c05a1562f99:0xf3d4f82119275a94,"Gunsan-si, Jeonbuk State, South Korea",CITY,2026-03-11T14:37:19.356750+00:00,20,G:15p-8ha_eXQ,toxic till the end,ROSÉ,7830,https://www.youtube.com/watch?v=eA0lHNZ1KCA,42
0x3571892301f5a7af:0x5f4d2ed0125f548,"Gwangju, South Korea",CITY,2026-03-11T14:10:53.754325+00:00,19,G:PixZTXMu-wE,SPAGHETTI (feat. j-hope),LE SSERAFIM,70014,https://www.youtube.com/watch?v=TvVtYaqCni8,18
0x3571892301f5a7af:0xbf1bfe306409ea69,"Gwangju, South Korea",SUBCOUNTRY,2026-03-11T15:24:57.794015+00:00,20,G:6PSMIOAhH1M,Love Love Love (feat. 융진),EPIK HIGH,50938,https://www.youtube.com/watch?v=qdr0fZbuffY,13
0x3571b0bbe11f07e1:0xb0d4b57f85a30229,"Jeongeup-si, Jeonbuk State, South Korea",CITY,2026-03-11T14:39:12.099682+00:00,20,G:6PSMIOAhH1M,Love Love Love (feat. 융진),EPIK HIGH,2316,https://www.youtube.com/watch?v=qdr0fZbuffY,13
0x3573a4a7a6f3bc5f:0xbbb625ae00c88694,"Mokpo-si, Jeollanam-do, South Korea",CITY,2026-03-11T15:24:12.318875+00:00,19,G:8EFwMCQbSBI,그대 작은 나의 세상이 되어,"Car, the Garden",7146,https://www.youtube.com/watch?v=jCKcEoZrlJQ,7
0x35796f2596138247:0x7d37fd902cb76142,"Incheon, South Korea",CITY,2026-03-11T14:10:50.619541+00:00,19,G:h_bIUkcvlVM,Eternal Moment,Lim Young-woong,117536,https://www.youtube.com/watch?v=sFK89gemgKM,25
0x35796f2596138247:0xd3c96022c42e5263,"Incheon, South Korea",SUBCOUNTRY,2026-03-11T14:10:50.111985+00:00,18,G:s8L9ZMZ630U,ULSSIGU,Lim Young-woong,125441,https://www.youtube.com/watch?v=30hZXHeB85U,26
0x357a5b9b49700ab3:0x10decf22dc974ee9,"Seosan-si, Chungcheongnam-do, South Korea",CITY,2026-03-11T14:24:07.898976+00:00,19,G:wHBCR8LVs-c,晩餐歌,tuki.,5355,https://www.youtube.com/watch?v=oZpYEEcvu5I,22
0x357a7d271d70a4ff:0x1ab2be67e4e76445,"Chungcheongnam-do, South Korea",SUBCOUNTRY,2026-03-11T14:10:48.133731+00:00,20,G:8EFwMCQbSBI,그대 작은 나의 세상이 되어,"Car, the Garden",195919,https://www.youtube.com/watch?v=jCKcEoZrlJQ,7
0x357ab85367c7f16f:0x88063cf1b992d1f9,"Gongju-si, Chungcheongnam-do, South Korea",CITY,2026-03-11T14:24:07.678211+00:00,19,G:VYEA59ITkBQ,Whiplash,aespa,2716,https://www.youtube.com/watch?v=jWQx2f-CErU,2
0x357ade153e709f23:0xddf839eaf2a56c6a,"Asan-si, Chungcheongnam-do, South Korea",CITY,2026-03-11T14:24:14.944891+00:00,20,G:15p-8ha_eXQ,toxic till the end,ROSÉ,16062,https://www.youtube.com/watch?v=eA0lHNZ1KCA,42
0x357aff4a121505e9:0xb7090294d6f71b90,"Dangjin-si, Chungcheongnam-do, South Korea",CITY,2026-03-11T14:24:07.355012+00:00,20,G:wHBCR8LVs-c,晩餐歌,tuki.,5071,https://www.youtube.com/watch?v=oZpYEEcvu5I,22
0x357b0b07731d9ba7:0x702128da3e631ae9,"Ansan-si, Gyeonggi-do, South Korea",CITY,2026-03-11T14:32:11.083653+00:00,15,G:h_bIUkcvlVM,Eternal Moment,Lim Young-woong,33091,https://www.youtube.com/watch?v=sFK89gemgKM,25
0x357b12ffd15df621:0x3d143d45e2bee5a7,"Hwaseong-si, Gyeonggi-do, South Korea",CITY,2026-03-11T14:19:00.279057+00:00,20,G:PixZTXMu-wE,SPAGHETTI (feat. j-hope),LE SSERAFIM,38168,https://www.youtube.com/watch?v=TvVtYaqCni8,18
0x357b2815bedfaee5:0xfafda725a60ba9d4,"Cheonan-si, Chungcheongnam-do, South Korea",CITY,2026-03-11T14:10:49.107495+00:00,20,G:b4v8SdQ2BFo,시작의 아이 ハジマリのコ,"Park Da Hye, 마크툽(MAKTUB)",143544,https://www.youtube.com/watch?v=3XDf5Ke2Zj8,1
0x357b430a20764611:0xf1373002ee5db4c9,"Suwon-si, Gyeonggi-do, South Korea",CITY,2026-03-11T14:18:58.179235+00:00,18,G:h_bIUkcvlVM,Eternal Moment,Lim Young-woong,55324,https://www.youtube.com/watch?v=sFK89gemgKM,25
0x357b46d7b1c458fb:0x2a73ca8b07f227f4,"Osan-si, Gyeonggi-do, South Korea",CITY,2026-03-11T14:44:59.635355+00:00,18,G:h_bIUkcvlVM,Eternal Moment,Lim Young-woong,9367,https://www.youtube.com/watch?v=sFK89gemgKM,25
0x357b523d6ace33f5:0x9d3235701951b5fb,"Yongin-si, Gyeonggi-do, South Korea",CITY,2026-03-11T14:19:11.170532+00:00,13,G:h_bIUkcvlVM,Eternal Moment,Lim Young-woong,55589,https://www.youtube.com/watch?v=sFK89gemgKM,25
0x357b60c42c3d5031:0x76279798d55e3bb5,"Anyang-si, Gyeonggi-do, South Korea",CITY,2026-03-11T14:32:10.306735+00:00,13,G:h_bIUkcvlVM,Eternal Moment,Lim Young-woong,31652,https://www.youtube.com/watch?v=sFK89gemgKM,25
0x357b62ae068837ef:0x81da578d2f62ac6a,"Bucheon-si, Gyeonggi-do, South Korea",CITY,2026-03-11T14:19:06.205976+00:00,8,G:h_bIUkcvlVM,Eternal Moment,Lim Young-woong,46754,https://www.youtube.com/watch?v=sFK89gemgKM,25
0x357c79e4e57eb68d:0x10c1f98d6f6b5c2,"Gyeonggi-do, South Korea",SUBCOUNTRY,2026-03-11T14:10:47.753991+00:00,18,G:kgBohk29150,멸종위기사랑,LEE CHANHYUK,1524679,https://www.youtube.com/watch?v=bLahVNBGdLQ,8
0x357c908309d05a09:0xd0a0d71a3c16ef7f,"Goyang-si, Gyeonggi-do, South Korea",CITY,2026-03-11T14:19:04.606746+00:00,12,G:h_bIUkcvlVM,Eternal Moment,Lim Young-woong,57656,https://www.youtube.com/watch?v=sFK89gemgKM,25
0x357ca2012d5c39cf:0x7e11eca1405bf29b,"Seoul, South Korea",SUBCOUNTRY,2026-03-11T14:10:48.311174+00:00,20,G:Ijd44tCl_H4,입춘,HANRORO,1350232,https://www.youtube.com/watch?v=kIiW3XRP7bU,1
0x357ca28b61c565cd:0x858aedb4e4ea83eb,"Seoul, Seoul, South Korea",CITY,2026-03-11T14:10:44.422101+00:00,18,G:YXlnLFss2fk,like JENNIE,JENNIE,2398261,https://www.youtube.com/watch?v=JSFG-IE8n_c,2
0x357ca7f1701220bf:0x50315666bce397d4,"Seongnam-si, Gyeonggi-do, South Korea",CITY,2026-03-11T14:19:07.338050+00:00,11,G:h_bIUkcvlVM,Eternal Moment,Lim Young-woong,59841,https://www.youtube.com/watch?v=sFK89gemgKM,25
0x357cab51127605cf:0x2b6e0b099ba14eaa,"Gwangju-si, Gyeonggi-do, South Korea",CITY,2026-03-11T15:24:57.897393+00:00,9,G:h_bIUkcvlVM,Eternal Moment,Lim Young-woong,20064,https://www.youtube.com/watch?v=sFK89gemgKM,25
0x357cb0afeb55f6ab:0xaaadcbd2b720612c,"Guri-si, Gyeonggi-do, South Korea",CITY,2026-03-11T14:37:15.448165+00:00,19,G:VYEA59ITkBQ,Whiplash,aespa,6026,https://www.youtube.com/watch?v=jWQx2f-CErU,2
0x357cb5f363b117ff:0xeae1727d1666f9d3,"Namyangju-si, Gyeonggi-do, South Korea",CITY,2026-03-11T14:43:20.043340+00:00,17,G:h_bIUkcvlVM,Eternal Moment,Lim Young-woong,28750,https://www.youtube.com/watch?v=sFK89gemgKM,25
0x357cc3d8c787cb51:0x1ec3ce27f142a6ff,"Yangju-si, Gyeonggi-do, South Korea",CITY,2026-03-11T15:26:18.368661+00:00,19,G:wHBCR8LVs-c,晩餐歌,tuki.,9590,https://www.youtube.com/watch?v=oZpYEEcvu5I,22
0x357cc70e2e6f8c4d:0xe147f896f2f59cac,"Uijeongbu-si, Gyeonggi-do, South Korea",CITY,2026-03-11T14:51:38.252334+00:00,20,G:qRef4C8gdJE,FOCUS,Hearts2Hearts,15500,https://www.youtube.com/watch?v=Ur7aK4FvK-U,4
0x3627050669aa6d4b:0xe0dd213937e6e096,Mongolia,COUNTRY,2026-03-11T14:53:51.246945+00:00,1,G:qJ_m9pqwVH4,Тэнгри: Гэгээн (feat. Ninjin & Monjigo),Thunderz,2510805,https://www.youtube.com/watch?v=owNpbh-UhHs,3
0x36b5543eb745256f:0xfa3d34da85826e5a,"Tinh Lang Son, VN",SUBCOUNTRY,2026-03-11T14:56:19.536868+00:00,18,G:HWTQ6lNGrQ8,Cô Gái Mở Đường,Hương Ly,27889,https://www.youtube.com/watch?v=zcDY6AXOIZ0,1
0x36ca5cb6615867e7:0x653772f437765458,"Tinh Cao Bang, VN",SUBCOUNTRY,2026-03-11T14:56:38.938250+00:00,20,G:SSsqzTa5ieY,NASA,ATEEZ,11560,https://www.youtube.com/watch?v=tVJBWoof09Q,1
0x374516c94c312d63:0xd11a73bb736719fb,"Assam, India",SUBCOUNTRY,2026-03-11T14:29:37.897789+00:00,2,G:KCwdGVCL56A,Xopun Xopun,Zubeen Garg,2907416,https://www.youtube.com/watch?v=9ZWIwrRo1Ow,2
0x3755b8b087026b81:0x8fa563bbdd5904c2,"Dhaka, Dhaka Division, Bangladesh",CITY,2026-03-11T14:30:13.782537+00:00,18,G:GsfFymSl4dw,Ishq,"Faheem Abdullah, Rauhan Malik, Amir Ameer",891444,https://www.youtube.com/watch?v=IJeSR-LJBnk,2
0x3755b903f021fd45:0x8a43dc744b1367eb,"Dhaka Division, Bangladesh",SUBCOUNTRY,2026-03-11T14:30:15.717913+00:00,13,G:ZkXY1qVZ2fg,Tui Tui Tui,Shahid,1753915,https://www.youtube.com/watch?v=-TJQTnh3BVw,2
0x375a5a287f9133ff:0x2bbd1332436bde32,"Guwahati, Assam, India",CITY,2026-03-11T14:29:33.914387+00:00,2,G:KCwdGVCL56A,Xopun Xopun,Zubeen Garg,2664064,https://www.youtube.com/watch?v=9ZWIwrRo1Ow,2
0x3883694dd4e28733:0x5b5bb9f5b7b97177,"Almaty Region, Kazakhstan",SUBCOUNTRY,2026-03-11T14:32:14.992733+00:00,20,G:yzS2rHvqaLo,Ерке Қыз,Aikyn Tolepbergen,78107,https://www.youtube.com/watch?v=-fIkxyh1TOQ,3
0x38836e7d16c5cbab:0x3d44668fad986d76,"Almaty, Almaty Region, Kazakhstan",CITY,2026-03-11T14:31:58.045128+00:00,16,G:G5duEyDOCY4,Әдемі,AI Әнші,410914,https://www.youtube.com/watch?v=ATF_901FOAk,11
0x3897381dfce927f3:0x281058b74e88c433,Kyrgyzstan,COUNTRY,2026-03-11T14:53:33.154860+00:00,13,G:xpR8Z5J6LAo,Назик сезим,Кеңеш тобу,1251619,https://www.youtube.com/watch?v=NLUIV9nV-0U,2
0x3899315e98a28049:0x8093082b1ff0acbb,"Chuy Province, Kyrgyzstan",SUBCOUNTRY,2026-03-11T14:53:35.976758+00:00,8,G:rL1OIFGQLbA,Гүлүм ай,"аваз акимов, Айдана Дека",141845,https://www.youtube.com/watch?v=6ur_wkcjVP0,1
0x389eb7dc91b3c881:0x492ebaf57cdee27d,"Bishkek, Bishkek City, Kyrgyzstan",CITY,2026-03-11T14:33:23.861169+00:00,20,G:VqqDDOsWnpg,Баш оорум,"Сактан Кабылбеков, LUCKY",865289,https://www.youtube.com/watch?v=3BnedUcW13U,1
0x389fe6006f64dc4d:0x61bd57dfbefc20d0,"Jambyl Region, Kazakhstan",SUBCOUNTRY,2026-03-11T14:53:36.499353+00:00,20,G:yzS2rHvqaLo,Ерке Қыз,Aikyn Tolepbergen,81750,https://www.youtube.com/watch?v=-fIkxyh1TOQ,3
0x38a702ddab8e77af:0x1aec1f01c48b8dec,"Taraz, Jambyl Region, Kazakhstan",CITY,2026-03-11T15:26:05.405865+00:00,20,G:yzS2rHvqaLo,Ерке Қыз,Aikyn Tolepbergen,78733,https://www.youtube.com/watch?v=-fIkxyh1TOQ,3
0x38a8f256546681bb:0xa167b582e75b369b,"Shymkent, Shymkent, Kazakhstan",CITY,2026-03-11T14:49:40.536958+00:00,17,G:BJpxCrIHEXo,Жалғыз гүл,Ernar Amandyq,238938,https://www.youtube.com/watch?v=a5EQGOB5xhQ,1
0x38a91007ecfca947:0x5f7b842fe4b30e1b,Kazakhstan,COUNTRY,2026-03-11T14:53:35.293661+00:00,16,G:G5duEyDOCY4,Әдемі,AI Әнші,1765138,https://www.youtube.com/watch?v=ATF_901FOAk,11
0x38ae8b0cc379e9c3:0xa5a9323b4aa5cb98,"Tashkent, Uzbekistan",CITY,2026-03-11T15:26:06.870330+00:00,4,G:9Vrk2_gaIq0,Mast ayladi,Ulug'bek Yulchiyev,8037218,https://www.youtube.com/watch?v=Xu3T6jM1uYw,2
0x38ae8b20a5d676b1:0xca0a6dad7e841e20,Uzbekistan,COUNTRY,2026-03-11T14:54:32.093729+00:00,4,G:9Vrk2_gaIq0,Mast ayladi,Ulug'bek Yulchiyev,12461158,https://www.youtube.com/watch?v=Xu3T6jM1uYw,2
0x38d11387447f2e2b:0x8c86d2f80fef7312,"Kabul, Afghanistan",SUBCOUNTRY,2026-03-11T15:24:28.885349+00:00,17,G:vLEIF1raVPw,دست خودم نیست,Soheil Rahmani,27735,https://www.youtube.com/watch?v=pqsCG4sMTvI,2
0x38d1694c3c1e6d49:0xebdf473578214429,"Kabul, Kabul, Afghanistan",CITY,2026-03-11T15:24:28.669888+00:00,17,G:vLEIF1raVPw,دست خودم نیست,Soheil Rahmani,27735,https://www.youtube.com/watch?v=pqsCG4sMTvI,2
0x38d16eb6f8ff026d:0xf3b5460dbe96da78,Afghanistan,COUNTRY,2026-03-11T15:26:25.715732+00:00,10,G:KkpWaCFA4kU,Nozka,Mirjalol Nematov,68970,https://www.youtube.com/watch?v=drFuVNBBU0c,1
0x38db52d2f8fd751f:0x46b7a1f7e614925c,Pakistan,COUNTRY,2026-03-11T14:53:58.608521+00:00,16,G:jP2AhHdW0ic,Main Banda E Aasi Hoon,Syed Hassan Ullah Hussaini,2979519,https://www.youtube.com/watch?v=D8PY4Iha0Q8,2
0x38df948974419acb:0x3a9e3018d24eeca0,"Punjab, Pakistan",SUBCOUNTRY,2026-03-11T14:21:18.610830+00:00,19,G:G1UMN8JLgfo,Jo Dil Chahway,Umair Zubair Qadri,1926608,https://www.youtube.com/watch?v=0pHdKnD7diU,1
0x38e1092499ffa89d:0x6567a6d4697e7f1,"Jammu and Kashmir, India",SUBCOUNTRY,2026-03-11T14:14:12.600993+00:00,2,G:oVaKwaW4EUg,ذکر جهانی,حسین ستوده,905187,https://www.youtube.com/watch?v=VFeY4sHGc-c,1
0x390453c367f901f7:0x7cfe04c5564b7725,"Himachal Pradesh, India",SUBCOUNTRY,2026-03-11T14:30:11.324164+00:00,6,G:ss502AnUQns,Tera Mera Lagan,Raaz Jary,524429,https://www.youtube.com/watch?v=GtV99EUKMLM,2
0x390578e3e35d6e67:0x1f7e7ff6ff9f54b7,"Shimla, Himachal Pradesh, India",CITY,2026-03-11T14:30:12.287707+00:00,12,G:KMh4Y1Kq7Dk,Kudmanua (Kudmate 2),Ishant Bhardwaj,231508,https://www.youtube.com/watch?v=DY-sLVAZDcM,1
0x390929c356c888af:0x4c3562c032518799,"Dehradun, Uttarakhand, India",CITY,2026-03-11T15:25:22.361712+00:00,17,G:vx1p_RLFyks,Seet Lehar,"Filmy, Riyaazi",174851,https://www.youtube.com/watch?v=tKLcFy1HDUA,3
0x3909dcc202279c09:0x7c43b63689cc005,"Uttarakhand, India",SUBCOUNTRY,2026-03-11T14:56:07.527942+00:00,20,G:kqr_MX2S1X0,Hero Handa,"Raj Mawar, Ashu Twinkle",276874,https://www.youtube.com/watch?v=PRiSzXKA2OY,7
0x390c64f457b66325:0x42faa83387a6be5e,"Meerut, Uttar Pradesh, India",CITY,2026-03-11T14:20:43.086138+00:00,17,G:b4c8YJR7Usc,Pind De Gerhe,Rupinder Handa,564788,https://www.youtube.com/watch?v=DXSDe1HF1VU,2
0x390cdc15f5a424b1:0xe4f50576c850e0f2,"Faridabad, Haryana, India",CITY,2026-03-11T14:19:01.411236+00:00,18,G:axkSrStopOY,Radha Gori Gori,"Indresh Upadhyay, B Praak",88830,https://www.youtube.com/watch?v=xVU2UDaFOfE,11
0x390ce5a43173357b:0x37ffce30c87cc03f,"Noida, Uttar Pradesh, India",CITY,2026-03-11T14:43:59.505739+00:00,19,G:tyTCk2d1nug,Naal Nachna,"Shashwat Sachdev, Reble, Irshad Kamil",118038,https://www.youtube.com/watch?v=P4UnrmPFPA4,8
0x390cea64b8f89aef:0xec0ccabb5317962e,"Greater Noida, Uttar Pradesh, India",CITY,2026-03-11T14:37:05.148969+00:00,17,G:F5eYy4feyvU,Kaise Ho,"Bintu Pabra, Shiva Choudhary",44652,https://www.youtube.com/watch?v=TnqSV_Ucurk,12
0x390cf1bb41c50fdf:0xe6f06fd26a7798ba,"Ghaziabad, Uttar Pradesh, India",CITY,2026-03-11T14:36:51.336318+00:00,16,G:axkSrStopOY,Radha Gori Gori,"Indresh Upadhyay, B Praak",175633,https://www.youtube.com/watch?v=xVU2UDaFOfE,11
0x390cfd5b347eb62d:0x37205b715389640,"Delhi, India",SUBCOUNTRY,2026-03-11T14:07:19.403941+00:00,15,G:F5eYy4feyvU,Kaise Ho,"Bintu Pabra, Shiva Choudhary",3343549,https://www.youtube.com/watch?v=TnqSV_Ucurk,12
0x390cfd5b347eb62d:0x52c2b7494e204dce,"New Delhi, Delhi, India",CITY,2026-03-11T14:21:56.930172+00:00,6,G:GOlSJE3zDZE,Sheesha (Aakhya Mai Aakh Ghali Jo Beran),"Mitta Ror, Swara Verma",437567,https://www.youtube.com/watch?v=i52TYO13Nyg,13
0x390d19d582e38859:0x2cf5fe8e5c64b1e,"Gurugram, Haryana, India",CITY,2026-03-11T14:19:02.846932+00:00,11,G:b4fb44d9XRw,40 Kg Girl,"Ajay Hooda, Bali Sharma",368424,https://www.youtube.com/watch?v=it5aj28NAqA,2
0x390db00b8670400b:0x732eaab4aaa6c143,"Haryana, India",SUBCOUNTRY,2026-03-11T14:18:59.607894+00:00,7,G:qzkJqd2pDBM,Sarpanch,"Masoom Sharma, Shiva Choudhary",5126484,https://www.youtube.com/watch?v=TZnAkDTUE0Y,1
0x390eb36e08b35119:0x798f5dc25ebd0a72,"Roorkee, Uttarakhand, India",CITY,2026-03-11T15:25:54.618808+00:00,12,G:vJ6nmWh34Jw,Bairan,Banjaare,13740,https://www.youtube.com/watch?v=oafxkMv4xnc,1
0x390fecc4f133937f:0x7c8b9738300d12a,"Chandigarh, India",SUBCOUNTRY,2026-03-11T15:24:30.649106+00:00,17,G:2RdpzoLAzkU,Ishqa Ve,Zeeshan Ali,27522,https://www.youtube.com/watch?v=j18MRhEfmPk,1
0x390fed0be66ec96b:0xa5ff67f9527319fe,"Chandigarh, Chandigarh, India",CITY,2026-03-11T15:24:30.654145+00:00,17,G:n9bOVcxEGhk,Pitth Piche,"Deep Jandu, Nachhatar Gill",336637,https://www.youtube.com/watch?v=tL-VwdBBeYA,4
0x391028935a3313df:0xd5bc56ad3b90bc7f,"Patiala, Punjab, India",CITY,2026-03-11T14:21:19.225444+00:00,11,G:hZ2hXaqSgIs,Jodi Groove,Kulwinder Billa,54555,https://www.youtube.com/watch?v=fYTPG-7y0v8,3
0x39190483e58107d9:0xc23abe6ccc7e2462,"Lahore, Punjab, Pakistan",CITY,2026-03-11T14:21:17.990707+00:00,18,G:FPOtUJp68p8,Qasim a.s Da Sehra,Afzal Jamal,907701,https://www.youtube.com/watch?v=7PBBePHcPgc,1
0x391964aa569e7355:0x8fbd263103a38861,"Punjab, India",SUBCOUNTRY,2026-03-11T14:21:18.503483+00:00,19,G:hZ2hXaqSgIs,Jodi Groove,Kulwinder Billa,2728648,https://www.youtube.com/watch?v=fYTPG-7y0v8,3
0x391964aa569e7355:0xeea2605bee84ef7d,"Amritsar, Punjab, India",CITY,2026-03-11T14:21:23.693621+00:00,20,G:hZ0NKgZKbU4,Tutor,"Cheema Y, Gur Sidhu",207112,https://www.youtube.com/watch?v=CKamNm4y3OU,1
0x391a5a5747a9eb91:0xc74b34c05aa5b4b8,"Jalandhar, Punjab, India",CITY,2026-03-11T14:21:20.289739+00:00,18,G:2hCYFoDbxlM,God Did,Nijjar,221576,https://www.youtube.com/watch?v=mQ-NA_sQ5f8,2
0x391a837462345a7d:0x681102348ec60610,"Ludhiana, Punjab, India",CITY,2026-03-11T14:21:20.009023+00:00,18,G:0TDD3tpLp_Q,Jatta Love You (feat. Jasmeen Akhtar),Gulab Sidhu,1429911,https://www.youtube.com/watch?v=ledf8KLikZw,1
0x391e84bf169d3525:0xf233488eeb8fd8d,Jammu,CITY,2026-03-11T14:39:09.261304+00:00,2,G:1Z6I-p7hU6Y,Sitta Bajre Da,Sars Bharti,459214,https://www.youtube.com/watch?v=mTKy7mNxAhs,2
0x39418c4eaa06ccb9:0x8114ea5b0ae1abb8,"Jodhpur, Rajasthan, India",CITY,2026-03-11T14:24:56.125356+00:00,13,G:cMrtj6pwBiA,Sone Ki Sunari,"Balli Mohanwadi, Pooja Dotasara",346663,https://www.youtube.com/watch?v=kUcFK5i7r2w,1
0x394cc06b6bc1942b:0x2e2056a9c78be82d,"Sindh, Pakistan",SUBCOUNTRY,2026-03-11T14:27:19.931960+00:00,17,G:rJpppegCS9w,Man Ta Full Maze Main Aa,Munawar Molai,643208,https://www.youtube.com/watch?v=BLNDfxVjmrQ,1
0x3959051f5f0ef795:0x861bd887ed54522e,"Gujarat, India",SUBCOUNTRY,2026-03-11T14:07:20.647516+00:00,17,G:jGcjCvNKJzw,Tulsi Shyam,Udaybhai Dhadhal,2807521,https://www.youtube.com/watch?v=pipwFnSK2RA,2
0x3959c98ac71cdf0f:0x76dd15cfbe93ad3b,"Rajkot, Gujarat, India",CITY,2026-03-11T14:22:13.820594+00:00,7,G:bArakAn5h0o,Saptpadi 2 Lagnageet Mashup,Udaybhai Dhadhal,672625,https://www.youtube.com/watch?v=4lLNHhi1Oy4,1
0x395e4e7efd0c8885:0xa9a0b93c0c4b5215,"Anand, Gujarat, India",CITY,2026-03-11T14:22:01.779918+00:00,12,G:5bnObwlkE_o,Bahuchar Maa Ni Stuti,Ruchita Prajapati,12521,https://www.youtube.com/watch?v=CiODIN035Ig,1
0x395e848aba5bd449:0x4fcedd11614f6516,"Ahmedabad, Gujarat, India",CITY,2026-03-11T14:22:14.111113+00:00,17,G:UeR5zcEQpTg,Nem Fem Rutbo,"Pintu Algotar, Shashi Kapadiya",1195253,https://www.youtube.com/watch?v=vGYahN9QKJc,3
0x395fc8ab91a3ddab:0xac39d3bfe1473fb8,"Vadodara, Gujarat, India",CITY,2026-03-11T14:22:00.847038+00:00,8,G:6VPELuwe3HQ,Mari Janu to Mane Chhodi Bije Panni Gey,Dj Anant Chitali,551045,https://www.youtube.com/watch?v=OHJmeq4PT28,1
0x3962fcad1b410ddb:0x96ec4da356240f4,"Indore, Madhya Pradesh, India",CITY,2026-03-11T14:07:28.637223+00:00,16,G:BVhd63Llq4c,Kele Wala,Vishal Jamune,1774230,https://www.youtube.com/watch?v=F0Y0v-EW3lY,3
0x39667381d35aea05:0xe0106b0d4e701c1e,"Madhya Pradesh, India",SUBCOUNTRY,2026-03-11T14:14:45.736962+00:00,19,G:BVhd63Llq4c,Kele Wala,Vishal Jamune,2658922,https://www.youtube.com/watch?v=F0Y0v-EW3lY,3
0x3967e56550a14411:0xdbd8c28455b868b0,"Udaipur, Rajasthan, India",CITY,2026-03-11T14:25:00.771035+00:00,4,G:YIfe2K9fm_c,Ho Jao Sant Sudharo Thaki Kaya,Ladu Gurjar,523058,https://www.youtube.com/watch?v=hJJwWISp4kU,2
0x396a3efaf7e30e37:0xb52b9b4506c088e5,"Rajasthan, India",SUBCOUNTRY,2026-03-11T14:07:22.122495+00:00,9,G:B1x4qMyAPjQ,Sikar Su Chal Luhari Jhunjhunu Aayi,"Neelam Shekhawati, Raj Nayak",3785864,https://www.youtube.com/watch?v=B-MskQFSSUc,3
0x396be6d8fcb7cd01:0xcbaf8f12eb8100ee,"Ajmer, Rajasthan, India",CITY,2026-03-11T14:25:03.070022+00:00,16,G:EExw_vP1ODk,Gurjar Lakh Rupiya Ro Maro Ghaghro,prabhu mandariya,50202,https://www.youtube.com/watch?v=PxX426bKuyg,1
0x396c4adf4c57e281:0xce1c63a0cf22e09,"Jaipur, Rajasthan, India",CITY,2026-03-11T14:07:29.173615+00:00,19,G:V7dSBh0pQH4,Chalo Dekhan Ne,Seema Mishra,1627638,https://www.youtube.com/watch?v=FTEqJkoDL3Y,1
0x396f9b30c41bb44d:0x5f5c103200045588,"Kota, Rajasthan, India",CITY,2026-03-11T14:24:54.861888+00:00,3,G:xhfDRnPaklM,Bagdawat Pacha Rol M Aagya Ch,Prem Gurjar Koli,461950,https://www.youtube.com/watch?v=pOon07nn5a4,1
0x39740d857c2f41d9:0x784aef38a9523b42,"Agra, Uttar Pradesh, India",CITY,2026-03-11T14:20:44.942478+00:00,17,G:1HuP1_Lf70U,4G Ka Jamana,"Ruchika Jangid, T.R",2254507,https://www.youtube.com/watch?v=VLPFYI45Clk,1
0x3976c5d1792291fb:0xff4fb56d65bc3adf,"Gwalior, Madhya Pradesh, India",CITY,2026-03-11T14:14:46.397347+00:00,18,G:yN6GQ3RWTjY,Zulum Kar Daalyo Sitam Kar Daalyo,Lakhbir Singh Lakha,50151,https://www.youtube.com/watch?v=gmUPxafCmz8,6
0x397c428f8fd68fbd:0x2155716d572d4f8,"Bhopal, Madhya Pradesh, India",CITY,2026-03-11T14:14:43.788254+00:00,15,G:26sDHNFA9jg,Nindiya Aaram Se,"Sanjay Verma, Keshari Sahu",627954,https://www.youtube.com/watch?v=uBhfiSN-z-I,5
0x3981ae1a0fb6a97d:0x44020616bc43e3b9,"Jabalpur, Madhya Pradesh, India",CITY,2026-03-11T14:14:43.429175+00:00,13,G:5aRbLUp-pxg,कमरिया में पीर,"Khesari Lal Yadav, Shilpi Raj, Madhukar Anand",164018,https://www.youtube.com/watch?v=dDctHCUp1T4,1
0x398534c9b20bd49f:0xa2237856ad4041a,"Prayagraj, Uttar Pradesh, India",CITY,2026-03-11T14:20:47.481703+00:00,6,G:KNSz7rhozwQ,बाज के शिकार,"Sanjay Yaduvanshi, Shilpi Raj",549495,https://www.youtube.com/watch?v=i8c6-4v8bnk,2
0x398b2386df480857:0x62c5b809eee29004,"Jharkhand, India",SUBCOUNTRY,2026-03-11T14:25:54.828734+00:00,15,G:wcr1DvsRqKk,Saree Chamakdar,"Satish Das, Savitri Karmkar",425929,https://www.youtube.com/watch?v=vmFUt4nzqLQ,1
0x398e2db76febcf4d:0x68131710853ff0b5,"Varanasi, Uttar Pradesh, India",CITY,2026-03-11T14:20:42.623428+00:00,16,G:Cu654Iuab8A,फोनवा लगावS देवरु,"Khesari Lal Yadav, Shilpi Raj",681699,https://www.youtube.com/watch?v=VXZji6E26Mg,1
0x3994fb37e078d531:0x973f22922ea702f7,"Bharatpur, Bagmati Province, Nepal",CITY,2026-03-11T14:33:14.689173+00:00,18,G:LllcyadX2C8,Ma Mare Pani,"Swar, Swapnil Sharma, Rohit Shakya",53187,https://www.youtube.com/watch?v=lsqbpw67hSs,1
0x3995937bbf0376ff:0xf6cf823b25802164,"Pokhara, Gandaki Province, Nepal",CITY,2026-03-11T14:47:12.720834+00:00,8,G:m4aP1X1s_uk,Pattako ke jhora,"Priti Ale, Pawan Rana Magar",126632,https://www.youtube.com/watch?v=2PuTQ9saDU0,1
0x3995e8c77d2e68cf:0x34a29abcd0cc86de,Nepal,COUNTRY,2026-03-11T14:54:05.223409+00:00,12,G:3kQPpYDsZvI,झलिको,"Samikshya Adhikari, Arjun Sapkota, Melina Rai",1930440,https://www.youtube.com/watch?v=UeiqkpLTOX4,3
0x39994e9f7b4a09d3:0xf6a5476d3617249d,"Uttar Pradesh, India",SUBCOUNTRY,2026-03-11T14:07:15.920667+00:00,17,G:tVoA_xKy1Wg,Jogi Ji Dheere Dheere,Jaspal Singh,8814365,https://www.youtube.com/watch?v=Kjuc6T8Isrw,3
0x399bfd991f32b16b:0x93ccba8909978be7,"Lucknow, Uttar Pradesh, India",CITY,2026-03-11T14:07:21.053064+00:00,10,G:aXojwhtv27w,Google Bata Do Khush Rehne Ki Dawai,"Sadab Ki Power, Nitesh Thakur",4380572,https://www.youtube.com/watch?v=zUmucTiDrlM,1
0x399c4770b127c46f:0x1778302a9fbe7b41,"Kanpur, Uttar Pradesh, India",CITY,2026-03-11T14:20:46.805200+00:00,15,G:tVoA_xKy1Wg,Jogi Ji Dheere Dheere,Jaspal Singh,485909,https://www.youtube.com/watch?v=Kjuc6T8Isrw,3
0x39a007334d02998d:0x5b9d44cf31ee87f,"Bareilly, Uttar Pradesh, India",CITY,2026-03-11T14:32:43.118474+00:00,15,G:tVoA_xKy1Wg,Jogi Ji Dheere Dheere,Jaspal Singh,128572,https://www.youtube.com/watch?v=Kjuc6T8Isrw,3
0x39e44114f5441dcd:0xdeb5c4702063edff,"Siliguri, West Bengal, India",CITY,2026-03-11T14:16:56.634729+00:00,15,G:ZUKA3l67kYs,Mayang Mayang,"Aditya Birua, Dandom Star",533037,https://www.youtube.com/watch?v=rsBHdR6DZxk,2
0x39eb198a307baabf:0xb5137c1bf18db1ea,"Kathmandu, Bagmati Province, Nepal",CITY,2026-03-11T14:39:19.994517+00:00,19,G:BVlXss4VTz0,Bhayankar,"Vyoma, YOUNG WAVE, Birendra Keshari",432205,https://www.youtube.com/watch?v=hBaSH1VMAOg,1
0x39ed5844f0bb6903:0x57ad3fed1bbae325,"Bihar, India",SUBCOUNTRY,2026-03-11T14:07:11.915062+00:00,20,G:jVfCTjawo4I,Satrangi Salwarwa (feat. Mahima Singh),"Pawan Singh, Shivani Singh",5208781,https://www.youtube.com/watch?v=Ubxc356R6HI,1
0x39f29937c52d4f05:0x831a0e05f607b270,"Patna, Bihar, India",CITY,2026-03-11T14:07:14.809706+00:00,3,G:zu9smjaa0Ps,पलंगिया पे कुद कुद के,"Prabhakar Yadav, Srishti Bharti",9254686,https://www.youtube.com/watch?v=51nLLnhafe4,2
0x39f4e104aa5db7dd:0xdc09d49d6899f43e,"Ranchi, Jharkhand, India",CITY,2026-03-11T14:25:46.902038+00:00,12,G:vxlVmBwuTeQ,BALAM PICHKARI,"Vishal Dadlani, Shalmali Kholgade, Pritam, Amitabh Bhattacharya",83230,https://www.youtube.com/watch?v=0WtRNGubWGA,2
0x39f5e31989f0e2b5:0xeeec8e81ce9b344,"Jamshedpur, Jharkhand, India",CITY,2026-03-11T14:25:53.722336+00:00,8,G:wgOXZ2i4K6w,A CHHODI,Chinta Devi,224958,https://www.youtube.com/watch?v=0NeFhKOO4lA,1
0x39f7710b47a89171:0x429e1bdb57e009dd,"Durgapur, West Bengal, India",CITY,2026-03-11T14:17:01.086028+00:00,16,G:BiUVHhi3rDI,Toke Banabo Hamar Rani,Sisupal Sahis,254135,https://www.youtube.com/watch?v=Ae7scwqPY-4,1
0x39f882db4908f667:0x43e330e68f6c2cbc,"Kolkata, West Bengal, India",CITY,2026-03-11T14:16:55.008650+00:00,18,G:PdHnJjZM624,Dhun,"Arijit Singh, Mithoon",884532,https://www.youtube.com/watch?v=cUmUOb7j3dc,2
0x39fa16ff1397e887:0x71543a3dc3e7a20a,"West Bengal, India",SUBCOUNTRY,2026-03-11T14:16:52.470229+00:00,11,G:6KUo7DPHI1A,Dhodhi Me 32 GB Ram Ba,Vishwajeet Vishu,3919031,https://www.youtube.com/watch?v=V1NtIg2EkBM,3
0x3a1909d2d5170aa5:0xfc580e2b68b33fa8,"Bhubaneswar, Odisha, India",CITY,2026-03-11T14:55:45.778823+00:00,13,G:oRTieveaLa0,Jaliba Mo Jui,Human Sagar,1092433,https://www.youtube.com/watch?v=Uo-cPe7s7Vs,2
0x3a190d832223af81:0x22f5fa1c913be52e,"Cuttack, Odisha, India",CITY,2026-03-11T15:25:17.684645+00:00,10,G:U_-gMXd6AIw,Megha Kadamba (From Raktagolapa),"Ashish Pradhan, Humane Sagar, Rakesh Dash",18854,https://www.youtube.com/watch?v=L8Y7LfeAUyE,2
0x3a226aece9af3bfd:0x133625caa9cea81f,"Odisha, India",SUBCOUNTRY,2026-03-11T14:55:43.878667+00:00,17,G:lomi_08lr9s,Rasa Jamudali,Sandhyarani Pattajoshi,1292850,https://www.youtube.com/watch?v=t8OnG2xj5yo,1
0x3a261f16c67a8bad:0x5c23f412fb179d95,"Chhattisgarh, India",SUBCOUNTRY,2026-03-11T15:24:34.960229+00:00,4,G:0hjYgLvnRb0,Maya Rang Dhare Hanv (Kantikartik),OP Dewangan,475552,https://www.youtube.com/watch?v=Wc4jQe-Kewk,2
0x3a28dda23be28229:0x163ee1204ff9e240,"Raipur, Chhattisgarh, India",CITY,2026-03-11T15:24:34.830849+00:00,6,G:0hjYgLvnRb0,Maya Rang Dhare Hanv (Kantikartik),OP Dewangan,233151,https://www.youtube.com/watch?v=Wc4jQe-Kewk,2
0x3a334f75c05023ed:0x2352eaaf6fe897ea,"Hanamkonda, Telangana, India",CITY,2026-03-11T14:56:01.171655+00:00,7,G:oLAIPeVKglE,Shivaratri Paata,Nalgonda Gaddar Narsanna,81056,https://www.youtube.com/watch?v=GOiT1lxmEdI,3
0x3a3350db9429ed43:0x63ef7ba741594059,"Telangana, India",SUBCOUNTRY,2026-03-11T14:56:01.015106+00:00,12,G:X6V7sXNG0Ig,Rambai Neemeeda Naku (feat. Tejaswi Rao & Akhil Uddemari),"Anurag Kulkarni, Jayasri Pallem",5715586,https://www.youtube.com/watch?v=LXaBrusqBcI,3
0x3a3546f8ae93d47f:0x33d1bbbe95adcd83,"Andhra Pradesh, India",SUBCOUNTRY,2026-03-11T14:25:30.726381+00:00,17,G:xur3CIRr0F4,Chinni Gundelo,"Mervin Solomon, Satya Yamini",2000117,https://www.youtube.com/watch?v=dsdckc1uEHE,7
0x3a35eff9482d944b:0x939b7e84ab4a0265,"Vijayawada, Andhra Pradesh, India",CITY,2026-03-11T14:25:26.320769+00:00,18,G:xur3CIRr0F4,Chinni Gundelo,"Mervin Solomon, Satya Yamini",316521,https://www.youtube.com/watch?v=dsdckc1uEHE,7
0x3a3827ddaf59b4f7:0x92f8ddb9c89a4803,"Kakinada, Andhra Pradesh, India",CITY,2026-03-11T14:25:31.358746+00:00,20,G:R8vUZmzfwlg,Peddi Reddy,Chiranjeevi,41569,https://www.youtube.com/watch?v=Uto4Dh9fiQY,1
0x3a39431389e6973f:0x92d9c20395498468,"Visakhapatnam, Andhra Pradesh, India",CITY,2026-03-11T14:25:28.496325+00:00,17,G:xur3CIRr0F4,Chinni Gundelo,"Mervin Solomon, Satya Yamini",675480,https://www.youtube.com/watch?v=dsdckc1uEHE,7
0x3a4a755cb1787785:0x9f7999dd90f1e694,"Guntur, Andhra Pradesh, India",CITY,2026-03-11T14:25:32.996686+00:00,18,G:xur3CIRr0F4,Chinni Gundelo,"Mervin Solomon, Satya Yamini",48501,https://www.youtube.com/watch?v=dsdckc1uEHE,7
0x3a4c8cca0e958771:0xd3036c2025161f55,"Nellore, Andhra Pradesh, India",CITY,2026-03-11T14:25:28.116315+00:00,20,G:xur3CIRr0F4,Chinni Gundelo,"Mervin Solomon, Satya Yamini",46767,https://www.youtube.com/watch?v=dsdckc1uEHE,7
0x3a4d4b0f88620427:0xcf4152d1daca0cac,"Tirupati, Andhra Pradesh, India",CITY,2026-03-11T14:25:29.098507+00:00,18,G:xur3CIRr0F4,Chinni Gundelo,"Mervin Solomon, Satya Yamini",144098,https://www.youtube.com/watch?v=dsdckc1uEHE,7
0x3a5265ea4f7d3361:0x6e61a70b6863d433,"Chennai, Tamil Nadu, India",CITY,2026-03-11T14:28:16.641259+00:00,17,G:_ubn0RFAOSs,Phone Na Hello,"San T, Vangal Pulla Vicky, Sabesh Solomon, Urban Thozha, KK Nagar Gana Jeeva",2282369,https://www.youtube.com/watch?v=y-OQ7tdU8kI,6
0x3a536044e5c44795:0xe810cbb20a3d49d3,"Puducherry, India",SUBCOUNTRY,2026-03-11T15:25:45.271844+00:00,20,G:9yC2vIbJovY,Nallaru Po,"Sai Abhyankkar, Tippu, Mohit Chauhan, Vivek",17766,https://www.youtube.com/watch?v=QxWoYkrgpJE,1
0x3a5361ab8e49cfcf:0xcc6bd326d2f0b04e,"Puducherry, Puducherry, India",CITY,2026-03-11T15:25:45.320207+00:00,20,G:K0loGvB3Oro,Enna Solla Pogirai,Shankar Mahadevan,15008,https://www.youtube.com/watch?v=Xt3zsCUkzHg,1
0x3ae252b449969b99:0xa7c02f96941c3026,"Western Province, Sri Lanka",SUBCOUNTRY,2026-03-11T14:27:26.544255+00:00,1,G:wldlmBKBhSw,KUDDAH,"Kevin Smokio, Adeesha Beats",4175308,https://www.youtube.com/watch?v=QIUu0qeHY1w,3
0x3ae253d10f7a7003:0x320b2e4d32d3838d,"Colombo, Western Province, Sri Lanka",CITY,2026-03-11T14:27:28.870551+00:00,20,G:h-OSdVejQ3c,Man Bolanda Wiye (Coke RED Version),Shirley Waijayantha,846668,https://www.youtube.com/watch?v=CMPtwtmdM84,2
0x3ae2593cf65a1e9d:0xe13da4b400e2d38c,Sri Lanka,COUNTRY,2026-03-11T15:26:29.267789+00:00,18,G:h-OSdVejQ3c,Man Bolanda Wiye (Coke RED Version),Shirley Waijayantha,1123161,https://www.youtube.com/watch?v=CMPtwtmdM84,2
0x3b00c582b1189633:0x559475cc463361f0,"Tamil Nadu, India",SUBCOUNTRY,2026-03-11T14:28:08.318686+00:00,17,G:_ubn0RFAOSs,Phone Na Hello,"San T, Vangal Pulla Vicky, Sabesh Solomon, Urban Thozha, KK Nagar Gana Jeeva",3800945,https://www.youtube.com/watch?v=y-OQ7tdU8kI,6
0x3b00c582b1189633:0xdc955b7264f63933,"Madurai, Tamil Nadu, India",CITY,2026-03-11T14:28:16.542945+00:00,8,G:wYjHNj2jBfk,"Kaalamaadan Gaanam (From ""Bison Kaalamaadan"")",V.M. Mahalingam,297710,https://www.youtube.com/watch?v=OZQmt6Edg8k,2
0x3b0411625053c519:0xad791b361b359a4d,"Tirunelveli, Tamil Nadu, India",CITY,2026-03-11T14:28:16.926699+00:00,15,G:wYjHNj2jBfk,"Kaalamaadan Gaanam (From ""Bison Kaalamaadan"")",V.M. Mahalingam,14493,https://www.youtube.com/watch?v=OZQmt6Edg8k,2
0x3b05bbb805bbcd47:0x15439fab5c5c81cb,"Thiruvananthapuram, Kerala, India",CITY,2026-03-11T15:24:07.512275+00:00,18,G:AL6UW987z1E,Ee Paradevanaho,KAANTHA,173673,https://www.youtube.com/watch?v=Yj7Mn5QgjbU,1
0x3b05fc5bdda9c621:0x8bf03195267372f7,"Kollam, Kerala, India",CITY,2026-03-11T15:24:07.872940+00:00,18,G:nB0HHpPAPuo,Kiliye Kiliye (Afrobeat Mix),"S. Janaki, Ilaiyaraaja, Poovachal Khader, The Independeners",20896,https://www.youtube.com/watch?v=mrCuy01ID_k,2
0x3b062ba16c6b435f:0xbe2b02f68f8dd06e,"Kottayam, Kerala, India",CITY,2026-03-11T15:24:08.154296+00:00,19,G:dYkxkFyShC4,Duppattawaali,"Justin Varghese, Sanjith Hegde, Anila Rajeev, Suhail Koya",3768,https://www.youtube.com/watch?v=rwA4N8pj1XA,1
0x3b0812ffd49cf55b:0x64bd90fbed387c99,"Kerala, India",SUBCOUNTRY,2026-03-11T15:24:06.590073+00:00,18,G:FSEkDEcQvBQ,SHERIYA,"ARJN, KDS, Ronn",1601664,https://www.youtube.com/watch?v=q8H1ikm5DvY,3
0x3ba35a4c37bf488f:0x41f1d28cd1757cd5,"Karnataka, India",SUBCOUNTRY,2026-03-11T14:13:57.715100+00:00,17,G:OPahnTULOb8,ಹುಟ್ಟಿದ ಊರಿಗೆ ಹ್ವಾದರ ಕಟ್ಟಿ ಬಡಿತಾರ,Balu Belagundi,3106383,https://www.youtube.com/watch?v=aIQpgca3EoM,2
0x3ba35a4c37bf488f:0x827bbc7a74fcfe64,"Mangaluru, Karnataka, India",CITY,2026-03-11T14:13:55.250133+00:00,19,G:qe2nTdCgz5s,ಮಾಯಾವಿ,"Sonu Nigam, Sanjith Hegde",22593,https://www.youtube.com/watch?v=TMY1g8pAktk,1
0x3ba422b9b2aca753:0x380605a11ce24f6c,"Kannur, Kerala, India",CITY,2026-03-11T14:39:16.727935+00:00,19,G:_QprPb0DzIE,Illuminati,Dabzee,1659,https://www.youtube.com/watch?v=tOM-nWPcR4U,3
0x3ba64a9be29b058f:0x23e371e0d4c30d8e,"Malappuram, Kerala, India",CITY,2026-03-11T15:24:07.677830+00:00,12,G:Ucm9PsXGlBg,La ilaaha illallahu,Sidrathul Munthaha,3930,https://www.youtube.com/watch?v=pWm_Rodr41Q,1
0x3ba7ee15ed42d1bb:0x82e45aa016ca7db,"Thrissur, Kerala, India",CITY,2026-03-11T15:24:08.152982+00:00,20,G:23yy71jGWD8,Padakkalam Thannil,Kunjatta,127332,https://www.youtube.com/watch?v=_Z-JhZs-d74,1
0x3ba859af2f971cb5:0x2fc1c81e183ed282,"Coimbatore, Tamil Nadu, India",CITY,2026-03-11T14:28:07.728394+00:00,16,G:_ubn0RFAOSs,Phone Na Hello,"San T, Vangal Pulla Vicky, Sabesh Solomon, Urban Thozha, KK Nagar Gana Jeeva",646885,https://www.youtube.com/watch?v=y-OQ7tdU8kI,6
0x3ba86dfa087d31ad:0xf542d6eb7a870a56,"Palakkad, Kerala, India",CITY,2026-03-11T15:24:07.745014+00:00,18,G:eodtOI7T5r8,Belyol,"Dabzee, Edappal Bappu, Rishi Roy",7040,https://www.youtube.com/watch?v=y1chHhSFzUI,4
0x3baaf50ff2aecdad:0x6de02c3bedbbaea6,"Tiruchirappalli, Tamil Nadu, India",CITY,2026-03-11T14:28:10.702112+00:00,14,G:YCBFT8gPLS0,Bujjima,"Abhijith Rao, C. Sathya, Viveka",47926,https://www.youtube.com/watch?v=5zH1oNWo51Q,5
0x3babf1ccf52cba0b:0xee9989007068ca47,"Salem, Tamil Nadu, India",CITY,2026-03-11T14:28:16.101097+00:00,17,G:OM9HuIEnehc,Maruthamalai Satthiyama,Pushpavanam Kuppusamy,256546,https://www.youtube.com/watch?v=7XHm3ukgPME,1
0x3bad38e61fa68ffb:0xbedda6917d262b5e,"Vellore, Tamil Nadu, India",CITY,2026-03-11T14:51:54.259562+00:00,17,G:YCBFT8gPLS0,Bujjima,"Abhijith Rao, C. Sathya, Viveka",12468,https://www.youtube.com/watch?v=5zH1oNWo51Q,5
0x3bae1670c9b44e6d:0xf8dfc3e8517e4fe0,"Bengaluru, Karnataka, India",CITY,2026-03-11T14:07:21.769096+00:00,16,G:OPahnTULOb8,ಹುಟ್ಟಿದ ಊರಿಗೆ ಹ್ವಾದರ ಕಟ್ಟಿ ಬಡಿತಾರ,Balu Belagundi,2840653,https://www.youtube.com/watch?v=aIQpgca3EoM,2
0x3baf70381d572ef9:0x2b89ece8c0f8396d,"Mysuru, Karnataka, India",CITY,2026-03-11T14:13:54.048117+00:00,16,G:_vxIyRFkUNs,Ninnaane Ninnaane,"Sadhu Kokila, Rangnath, Kunal Ganjawala",179354,https://www.youtube.com/watch?v=BfdKsRdEjDE,1
0x3bbf669f5095362f:0x7e34b31edcdefb5f,"Belagavi, Karnataka, India",CITY,2026-03-11T14:13:59.537427+00:00,18,G:AJqpSZoLl9s,Pistul Kimmat Arbi Tartana,Gaibu Gani,10635,https://www.youtube.com/watch?v=euXiSFN38ws,3
0x3bbfba106336b741:0xeaf887ff62f34092,"Goa, India",SUBCOUNTRY,2026-03-11T14:21:34.668716+00:00,14,G:CjY02R96HOw,Fuloi Re Fuloi Go,Skeletron,92511,https://www.youtube.com/watch?v=iHQfw_oC2Uc,1
0x3bbfc0a93361ccd9:0xdd98120b24e5be61,"Panaji, Goa, India",CITY,2026-03-11T14:21:39.170013+00:00,4,G:AKkFoM0Y3mo,DUKOTA,The 7 Notes Band,37290,https://www.youtube.com/watch?v=H5nMQlwX7hA,2
0x3bc1000cdec07a29:0xece8ea642952e42f,"Kolhapur, Maharashtra, India",CITY,2026-03-11T14:39:34.858017+00:00,13,G:2DJC6bAVovA,Vishwacha Vishram Re Swami Maza Ram Re,Manoj Mishra,89532,https://www.youtube.com/watch?v=--pspc_rbHI,1
0x3bc2b8377fbdeab3:0x2c4265dab1a7a0f8,"Pimpri-Chinchwad, Maharashtra, India",CITY,2026-03-11T14:13:17.679031+00:00,15,G:80N_InRs54k,Zat Pat Pata Pat,Danny Pandit,140657,https://www.youtube.com/watch?v=enYwcT6hjLQ,5
0x3bc2bf2e67461101:0x828d43bf9d9ee343,"Pune, Maharashtra, India",CITY,2026-03-11T14:13:13.324982+00:00,20,G:Gm2XDeukAuI,Bulleya,"Vishal - Shekhar, Papon",1288309,https://www.youtube.com/watch?v=a9Hxkc9YxGE,3
0x3bc5d082b54ac5d5:0x3c719de6c83710d0,"Solapur, Maharashtra, India",CITY,2026-03-11T14:13:20.241527+00:00,9,G:HtnzBpQHR9k,Kas Visarun Jau Tula Majhya Gulabachya Fula,Radha Khude,167406,https://www.youtube.com/watch?v=CGLNRyQHGRg,1
0x3bcb84ad48255d29:0x410841a999b3433,"Secunderabad, Telangana, India",CITY,2026-03-11T14:49:29.981986+00:00,20,G:ZurBqPfn23k,Hanuman Chalisaa,Maruti,98712,https://www.youtube.com/watch?v=6XcSQL9lbjo,1
0x3bcb99daeaebd2c7:0xae93b78392bafbc2,"Hyderabad, Telangana, India",CITY,2026-03-11T14:07:27.006907+00:00,11,G:X6V7sXNG0Ig,Rambai Neemeeda Naku (feat. Tejaswi Rao & Akhil Uddemari),"Anurag Kulkarni, Jayasri Pallem",5157051,https://www.youtube.com/watch?v=LXaBrusqBcI,3
0x3bcfc41e9c9cd6f9:0x1b2f22924be04fb6,"Maharashtra, India",SUBCOUNTRY,2026-03-11T14:07:16.145626+00:00,19,G:KAeEzXfKMlQ,"Aaya Re Toofan (From ""Chhaava"")","A. R. Rahman, Vaishali Samant, Irshad Kamil, Kshitij Patwardhan",4220466,https://www.youtube.com/watch?v=x2J1qbndOmU,7
0x3bd1d66bb9d31721:0x43892c180155daf1,"Nanded, Maharashtra, India",CITY,2026-03-11T14:43:24.336160+00:00,18,G:JYHpkv-01jo,VIP Rahan,Sajan Bendre,49157,https://www.youtube.com/watch?v=qMlO8lrk2oM,1
0x3bd4c0a5a31faf13:0x19b37d06d0bb3e2b,"Nagpur, Maharashtra, India",CITY,2026-03-11T14:13:15.994976+00:00,19,G:a0czWMecs3k,Shambhu Re,Amruta Fadnavis,632365,https://www.youtube.com/watch?v=UVjYBlqH5KM,1
0x3bddd290b09914b3:0xcb07845d9d28215c,"Nashik, Maharashtra, India",CITY,2026-03-11T14:13:17.976139+00:00,14,G:n671iGZXCwo,Zim Zim Pani Ma,"Bhaiya More, Megha Musale",174911,https://www.youtube.com/watch?v=ZPW4wDLTj1o,1
0x3be04e59411d1563:0xfe4558290938b042,"Surat, Gujarat, India",CITY,2026-03-11T14:22:07.908454+00:00,14,G:EewtDSY0OnA,Tari Dholi Dhajao Farke,Herry Nakum,506349,https://www.youtube.com/watch?v=l2zyC3Kpz5M,3
0x3be79442948bba51:0x28d43fde3c21dbf7,"Ulhasnagar, Maharashtra, India",CITY,2026-03-11T14:51:36.866517+00:00,17,G:Iyny-IDWj34,Om Jai Jagdish Hare,Anuradha Paudwal,20013,https://www.youtube.com/watch?v=RY1jmTTjvhI,3
0x3be7958ef72d8707:0x84bf6ab96e280b08,"Dombivli, Maharashtra, India",CITY,2026-03-11T15:25:25.743598+00:00,17,G:nGdo6lZrPKQ,Tulja Bhavani Stotra,Mayuri Kudalkar,30436,https://www.youtube.com/watch?v=T1TLeiOT-oU,1
0x3be7aa23dce7efbf:0x99bd87871748d8f4,"Virar, Maharashtra, India",CITY,2026-03-11T14:52:04.174870+00:00,13,G:utN7UiEjF5I,Vasaikar Masala,Sijoy Almeida,18264,https://www.youtube.com/watch?v=yYQe9x76do8,2
0x3be7b8fcfe76fd59:0xcf367d85f7c50283,"Thane, Maharashtra, India",CITY,2026-03-11T15:26:09.944789+00:00,19,G:jsZS6rdQkLc,Sadguru Natha Hath Jodito - Swami Samarth Song,Mandar Apte,55313,https://www.youtube.com/watch?v=7azOiZkE6_A,4
0x3be7b9f0b81f13ad:0x3c12f7681185f869,"Navi Mumbai, Maharashtra, India",CITY,2026-03-11T14:42:15.741449+00:00,20,G:uxYD9uAth1E,Masoli,"Pushpak Pardeshi, Sneha Mahadik, Tejas Padave",90410,https://www.youtube.com/watch?v=44pYCrEgfsg,3
0x3be7bd101e824aa3:0x5970a572c6d931ae,"Bhiwandi, Maharashtra, India",CITY,2026-03-11T14:33:07.576914+00:00,19,G:K4gH9s462fw,Kaali Bindi,Sanju Rathod,44816,https://www.youtube.com/watch?v=R-SmeE-0rdg,2
0x3be7c6306644edc1:0x5da4ed8f8d648c69,"Mumbai, Maharashtra, India",CITY,2026-03-11T14:13:12.552059+00:00,18,G:tyTCk2d1nug,Naal Nachna,"Shashwat Sachdev, Reble, Irshad Kamil",1030209,https://www.youtube.com/watch?v=P4UnrmPFPA4,8
0x3dd69f66a9d59bbf:0x3a064c7665b1a817,Oman,COUNTRY,2026-03-11T14:53:51.943469+00:00,19,G:j3MtoDnJ41o,بقى ليك بمبي,A.O.A,86393,https://www.youtube.com/watch?v=2CDGpTPvfk0,3
0x3e2703cef62e2ec1:0xbea4c19fe30d62d4,"Riyadh Province, Saudi Arabia",SUBCOUNTRY,2026-03-11T14:10:31.542542+00:00,11,G:C6Z3RiBedVo,يا غريبة,الوليد ال عامر,406531,https://www.youtube.com/watch?v=6XCHttCXox0,5
0x3e2f03890d489399:0xba974d1c98e79fd5,"Riyadh, Riyadh Province, Saudi Arabia",CITY,2026-03-11T14:10:32.470938+00:00,11,G:C6Z3RiBedVo,يا غريبة,الوليد ال عامر,404187,https://www.youtube.com/watch?v=6XCHttCXox0,5
0x3e361d32276b3403:0xefd901ec7a5e5676,"Dammam, Eastern Province, Saudi Arabia",CITY,2026-03-11T14:10:30.207508+00:00,11,G:KrXUNuw_3gM,احمدالساعدي شيعي و غديري,احمد الساعدي,146999,https://www.youtube.com/watch?v=229XHwGDQnk,2
0x3e4019b3e33d8685:0x6db173e402bb58a6,"Eastern Province, Saudi Arabia",SUBCOUNTRY,2026-03-11T14:10:32.353819+00:00,15,G:aw-BZKVcWxY,أول كلمة,Ahmad Al Fatlawi - أحمد الفتلاوي,166726,https://www.youtube.com/watch?v=cglUdj8mnZY,1
0x3e45c321e82b54fb:0x696ce69e66ea0a4c,"Doha Municipality, Qatar",SUBCOUNTRY,2026-03-11T15:24:55.363871+00:00,1,G:GX376ly8jnQ,HAL AL-DARيا هل الدار | ALZGIRTT x SASY x DOC,DOCTOR,115946,https://www.youtube.com/watch?v=G79BmoWoR78,3
0x3e45c534ffdce87f:0x1cfa88cf812b4032,Qatar,COUNTRY,2026-03-11T14:54:02.212051+00:00,1,G:GX376ly8jnQ,HAL AL-DARيا هل الدار | ALZGIRTT x SASY x DOC,DOCTOR,146579,https://www.youtube.com/watch?v=G79BmoWoR78,3
0x3e45c534ffdce87f:0x44d9319f78cfd4b1,"Doha, Doha Municipality, Qatar",CITY,2026-03-11T15:24:55.138739+00:00,1,G:GX376ly8jnQ,HAL AL-DARيا هل الدار | ALZGIRTT x SASY x DOC,DOCTOR,140180,https://www.youtube.com/watch?v=G79BmoWoR78,3
0x3e48524e6a47a211:0x2e9450e2dbda1046,Bahrain,COUNTRY,2026-03-11T15:26:26.566668+00:00,18,G:VSv9MfPRvWg,جانم علی,نجم الثاقب,45145,https://www.youtube.com/watch?v=6PCw3YgHijs,1
0x3e49af6ffa6093a3:0x1ea7780515deb519,"Capital Governorate, Bahrain",SUBCOUNTRY,2026-03-11T14:23:09.197329+00:00,5,G:eaTrRIL-Ips,غريبة هالحكاية,سيد سلام الحسيني,49545,https://www.youtube.com/watch?v=FdSx2jUCeWg,3
0x3e49af722776a62d:0x8b6738a6070f60c2,"Manama, Capital Governorate, Bahrain",CITY,2026-03-11T14:23:06.167568+00:00,5,G:eaTrRIL-Ips,غريبة هالحكاية,سيد سلام الحسيني,46593,https://www.youtube.com/watch?v=FdSx2jUCeWg,3
0x3e5e440f723ef2b9:0xc7cc2e9341971108,"Abu Dhabi, Abu Dhabi, United Arab Emirates",CITY,2026-03-11T14:11:35.233469+00:00,20,G:e4nLuRJ7rqg,كيفك ع فراقي,"Fadel Chaker, Mohamed Chaker",81269,https://www.youtube.com/watch?v=m5IWI6xFRms,13
0x3e5e48dfb1ab12bd:0x33d32f56c0080aa7,United Arab Emirates,COUNTRY,2026-03-11T14:11:42.628353+00:00,14,G:ptElZS_5lgw,Puthu Mazha,"Shakthisree Gopalan, Manu Manjith, Justin Prabhakaran",365576,https://www.youtube.com/watch?v=scRQR-FRfIo,16
0x3e5e663e4ddacc19:0x8bafc63b919ad904,"Abu Dhabi, United Arab Emirates",SUBCOUNTRY,2026-03-11T14:11:44.005042+00:00,16,G:ptElZS_5lgw,Puthu Mazha,"Shakthisree Gopalan, Manu Manjith, Justin Prabhakaran",105334,https://www.youtube.com/watch?v=scRQR-FRfIo,16
0x3e5f43496ad9c645:0x74ced0bf2b0029e9,"Dubai, United Arab Emirates",SUBCOUNTRY,2026-03-11T14:11:32.938560+00:00,17,G:nirW9Hrmk3w,Aaj Ki Raat,"Madhubanti Bagchi, Divya Kumar, Sachin-Jigar",166180,https://www.youtube.com/watch?v=roz9sXFkTuE,15
0x3e5f43496ad9c645:0xbde66e5084295162,"Dubai, Dubai, United Arab Emirates",CITY,2026-03-11T14:11:34.016462+00:00,17,G:nirW9Hrmk3w,Aaj Ki Raat,"Madhubanti Bagchi, Divya Kumar, Sachin-Jigar",166366,https://www.youtube.com/watch?v=roz9sXFkTuE,15
0x3e5f5764dd8fbe79:0xcda090de6445a819,"Ajman, Ajman, United Arab Emirates",CITY,2026-03-11T14:11:38.714092+00:00,16,G:ptElZS_5lgw,Puthu Mazha,"Shakthisree Gopalan, Manu Manjith, Justin Prabhakaran",16395,https://www.youtube.com/watch?v=scRQR-FRfIo,16
0x3e5f57b6eaa90c1f:0x11ad5cbb59b1b87a,"Ajman, United Arab Emirates",SUBCOUNTRY,2026-03-11T14:11:37.838793+00:00,16,G:ptElZS_5lgw,Puthu Mazha,"Shakthisree Gopalan, Manu Manjith, Justin Prabhakaran",16395,https://www.youtube.com/watch?v=scRQR-FRfIo,16
0x3e5f598e857d9ad1:0x68c76f761cb85a66,"Sharjah, United Arab Emirates",SUBCOUNTRY,2026-03-11T14:11:47.899293+00:00,14,G:SpyboFkRdxI,Vellarathaaram,"Justin Prabhakaran, Vineeth Sreenivasan, Manu Manjith",54741,https://www.youtube.com/watch?v=BVgNoVwsb6Y,10
0x3e5f5f5fede7964b:0x2a830aa19c1f6d89,"Sharjah, Sharjah, United Arab Emirates",CITY,2026-03-11T14:11:37.635867+00:00,14,G:SpyboFkRdxI,Vellarathaaram,"Justin Prabhakaran, Vineeth Sreenivasan, Manu Manjith",53801,https://www.youtube.com/watch?v=BVgNoVwsb6Y,10
0x3e8ab145cbd5a049:0xf56f8cea5bf29f7f,"Al Ain, Abu Dhabi, United Arab Emirates",CITY,2026-03-11T14:11:39.866413+00:00,12,G:YFemmy--H_g,مبهر جماله,أسعد البطحري,16454,https://www.youtube.com/watch?v=elJKckGGXiM,4
0x3e91f2abb5b662d1:0xc695b917cc496161,"Muscat Governorate, Oman",SUBCOUNTRY,2026-03-11T15:23:54.581535+00:00,12,G:YFemmy--H_g,مبهر جماله,أسعد البطحري,80375,https://www.youtube.com/watch?v=elJKckGGXiM,4
0x3e91ffa8879aafc9:0xdb53876d0d79a72c,"Muscat, Muscat Governorate, Oman",CITY,2026-03-11T15:23:54.968477+00:00,10,G:YFemmy--H_g,مبهر جماله,أسعد البطحري,70387,https://www.youtube.com/watch?v=elJKckGGXiM,4
0x3eb33e06651d4bbf:0x9cf92f44555a0c23,"Karachi, Sindh, Pakistan",CITY,2026-03-11T14:27:21.740896+00:00,19,G:j2mE0C5Buds,Main Nara-a-mastana,Abida Parveen,527883,https://www.youtube.com/watch?v=aB1CrsIWNi4,1
0x3ef4323d9028b95f:0xa6c1b11bdbb33cbc,"Fujairah, United Arab Emirates",SUBCOUNTRY,2026-03-11T14:11:44.776269+00:00,17,G:K8Fz9bBaHGE,مافي نوم (feat. LOZY),DEE PRODUCTION,3873,https://www.youtube.com/watch?v=GADnekZr0pY,1
0x3ef6710e4cd209a7:0xb99e670ca684e20f,"Ras Al Khaimah, United Arab Emirates",SUBCOUNTRY,2026-03-11T14:11:40.533664+00:00,10,G:Btvje5pYU2U,Kaattuchembakam,"Vishal Mishra, Aavani Malhar",7375,https://www.youtube.com/watch?v=kzpS-A3QJqE,22
0x3ef676ad264b24c1:0x10f6affe1a9e78a3,"Ras Al-Khaimah, Ras Al Khaimah, United Arab Emirates",CITY,2026-03-11T14:11:40.359700+00:00,18,G:7rftEjlm1m8,Shaadi Masti ,"Hanan Shaah, Sreehari K, Sharfu, Dhaliya navas",5139,https://www.youtube.com/watch?v=JrKB_4OgDS8,18
0x3ef7ec2ec16b1df1:0x40b095d39e51face,Iran,COUNTRY,2026-03-11T14:53:29.555379+00:00,12,G:GOFC4UFk9gM,Lepiej Gdy Cię Nie Ma,Ronnie Ferrari,42204,https://www.youtube.com/watch?v=8pWNuogW32o,1
0x3f8e00491ff3dcd9:0xf0b3697c567024bc,"Tehran, Tehran Province, Iran",CITY,2026-03-11T14:14:12.955148+00:00,16,G:MJEYSnUmf5I,تو من و دعوت کن به شهر چشمات,Ahange Gham,20739,https://www.youtube.com/watch?v=TfV3h7fHt0E,2
0x3f8e0184f52c957f:0x55b32674bc21ead0,"Tehran Province, Iran",SUBCOUNTRY,2026-03-11T14:14:08.328916+00:00,17,G:MJEYSnUmf5I,تو من و دعوت کن به شهر چشمات,Ahange Gham,21327,https://www.youtube.com/watch?v=TfV3h7fHt0E,2
0x3fc5363fbeea51a1:0x74726bcd92d8edd2,Kuwait,COUNTRY,2026-03-11T14:53:32.114953+00:00,20,G:9ooDKqqwHHY,Ahlfak Blmahba,Mohammed Abedaljabar,126287,https://www.youtube.com/watch?v=mrlDMNpE0HE,3
0x3fcf8dd94b5d8fbd:0xe65d23fb0a63ff36,"Al Asimah Governate, Kuwait",SUBCOUNTRY,2026-03-11T14:53:36.530524+00:00,1,G:3_MX-OYCBWE,Men Methlah?,Humood Alkhudher,390871,https://www.youtube.com/watch?v=JG8VieuoAxA,6
0x3fcf9aa15f98485d:0xb81aa2f2cec01ee1,"Al Farwaniyah Governorate, Kuwait",SUBCOUNTRY,2026-03-11T14:53:32.309169+00:00,19,G:yCJxBfSAMuk,عيديات,Various Artists,7867,https://www.youtube.com/watch?v=AhpPQVzlw6c,2
0x3fcf9c83ce455983:0xc3ebaef5af09b90e,"Kuwait City, Al Asimah Governate, Kuwait",CITY,2026-03-11T14:39:45.069846+00:00,1,G:3_MX-OYCBWE,Men Methlah?,Humood Alkhudher,12471,https://www.youtube.com/watch?v=JG8VieuoAxA,6
0x3fcf9c8ce8db396d:0x6747a130779f0bc0,"Hawally, Hawalli Governorate, Kuwait",CITY,2026-03-11T15:23:53.000585+00:00,17,G:7PrR76t-Js0,حبيبي بعيني لك دمعة,Qassem Al Sultan,9457,https://www.youtube.com/watch?v=BFvDCsy2WW0,5
0x3fcf9dccce302ef7:0xec9b9ec7bcab3546,"Hawalli Governorate, Kuwait",SUBCOUNTRY,2026-03-11T14:37:56.300831+00:00,18,G:9ooDKqqwHHY,Ahlfak Blmahba,Mohammed Abedaljabar,79978,https://www.youtube.com/watch?v=mrlDMNpE0HE,3
0x4000255b76609a61:0xcd8c30a678968368,"Sulaymaniyah Governorate, Iraq",SUBCOUNTRY,2026-03-11T14:53:30.913803+00:00,17,G:rpRtXhWekG0,سڵاو ئەی خۆشەویستی خودا,Afarin Kids TV,83790,https://www.youtube.com/watch?v=VxZ4762m8zg,1
0x40002c0536d143b1:0xf791750d4e215dea,"Sulaymaniyah, Sulaymaniyah Governorate, Iraq",CITY,2026-03-11T14:53:28.363515+00:00,17,G:tkv6IiXm3-o,Afsaneh Hasty,Hayedeh,77987,https://www.youtube.com/watch?v=U6OWWGrGx2s,1
0x4006e876b4d753fb:0xf72184d1867900d,"Erbil Governorate, Iraq",SUBCOUNTRY,2026-03-11T15:25:36.543964+00:00,6,G:YShs-IiQf_A,Dilberê Evînê,Çekdar,276705,https://www.youtube.com/watch?v=0bgGFQFP_QI,2
0x400722fe13443461:0x3e01d63391de79d1,"Erbil, Erbil Governorate, Iraq",CITY,2026-03-11T15:25:35.744960+00:00,6,G:YShs-IiQf_A,Dilberê Evînê,Çekdar,249734,https://www.youtube.com/watch?v=0bgGFQFP_QI,2
0x400b46fc6e630ad3:0x8fba52e2fe61162e,"Batman, Batman, Türkiye",CITY,2026-03-11T14:26:34.190134+00:00,20,G:wpR78VNF8ns,Şiire Gazele,Ahmet Kaya,28056,https://www.youtube.com/watch?v=3EsXqTxZou4,4
0x400b47374b766f4f:0x9924bedeb2ee9694,"Batman, Türkiye",SUBCOUNTRY,2026-03-11T14:26:33.544742+00:00,20,G:wpR78VNF8ns,Şiire Gazele,Ahmet Kaya,28667,https://www.youtube.com/watch?v=3EsXqTxZou4,4
0x4012699af06db69f:0x3d90e48a01e79b6,"Van, Türkiye",SUBCOUNTRY,2026-03-11T14:19:10.142001+00:00,16,G:i27UphwFbHY,Senden Insaf Diler Yarın,İbrahim Tatlıses,54033,https://www.youtube.com/watch?v=QJamrIqDTbw,32
0x40127078fe8f307d:0x8c905e2790e2dabb,"Van, Van, Türkiye",CITY,2026-03-11T14:19:13.937237+00:00,16,G:i27UphwFbHY,Senden Insaf Diler Yarın,İbrahim Tatlıses,48576,https://www.youtube.com/watch?v=QJamrIqDTbw,32
0x40142e7307d10ea5:0xbcd74fc07d9ab2bd,"Nakhchivan, Nakhchivan Autonomous Republic, Azerbaijan",CITY,2026-03-11T14:43:12.615952+00:00,16,G:sI8i1erxA4g,Eşq Əsiri (feat. Naibə Sabirabadli),Vusal Bilesuvarli,22835,https://www.youtube.com/watch?v=22yMokhlrZA,3
0x40155684e773bac7:0xd0b4757aeb822d23,Armenia,COUNTRY,2026-03-11T15:26:25.968137+00:00,9,G:42sUIYi67lI,Chem Uzum,"Ernest Ogannesyan, Anette Aghabekyan",1409208,https://www.youtube.com/watch?v=PgqQ4iQb6JA,3
0x4015cb8d4bad158d:0xa4ba47784569735c,"Nakhchivan Autonomous Republic, Azerbaijan",SUBCOUNTRY,2026-03-11T15:25:44.128203+00:00,16,G:sI8i1erxA4g,Eşq Əsiri (feat. Naibə Sabirabadli),Vusal Bilesuvarli,25353,https://www.youtube.com/watch?v=22yMokhlrZA,3
0x40307cd91aa21ddf:0xe6c9526b3e83cd08,Azerbaijan,COUNTRY,2026-03-11T15:26:25.371683+00:00,19,G:we8C3DuvuZI,Bəsimsən,Namiq Qasımov,1164493,https://www.youtube.com/watch?v=AK0yVCFdkmY,2
0x40307d6bd6211cf9:0x343f6b5e7ae56c6b,"Baku, Azerbaijan",CITY,2026-03-11T14:32:37.008359+00:00,20,G:5-Nfdvmxv0E,Savunmasızım,"Mehmet Elmas, EFO",691017,https://www.youtube.com/watch?v=9HpUHPCexeg,1
0x403096dcd0923f6b:0xdf4767c369322a71,"Sumqayit, Azerbaijan",CITY,2026-03-11T14:50:23.745441+00:00,19,G:9EhXEPfQO4U,Məsafələr,"Aygün Kazımova, Nəsimi Məmmədov",137203,https://www.youtube.com/watch?v=75V1xBFpUuk,3
0x403f50fd8d5a9991:0xbe3f536560c50969,"Ganja, Azerbaijan",CITY,2026-03-11T14:36:46.368156+00:00,20,G:-XfEDpgnDx8,Sarışınım,Vəfa Şərifova,110539,https://www.youtube.com/watch?v=T3lVZPhilBo,1
0x40440cd7e64f626b:0x4f907964122d4ac2,Georgia,COUNTRY,2026-03-11T15:24:46.831602+00:00,16,G:qfCoGuJ6PVc,ვინ დამწყევლა - იეთიმ გურჯი,ფლეილისტი,389616,https://www.youtube.com/watch?v=oLOZ8hjh4IA,6
0x40440cd7e64f626b:0x61d084ede2576ea3,"Tbilisi, Tbilisi, Georgia",CITY,2026-03-11T15:24:36.004996+00:00,19,G:I8zGjnOxegM,"ავადა ვარ, ავადა",ანსამბლი “ქართული ხმები”,267629,https://www.youtube.com/watch?v=x3wBhfZpRco,4
0x40440d1470ff84e3:0x7ed364508c89af48,"Tbilisi, Georgia",SUBCOUNTRY,2026-03-11T15:24:37.144266+00:00,19,G:I8zGjnOxegM,"ავადა ვარ, ავადა",ანსამბლი “ქართული ხმები”,265080,https://www.youtube.com/watch?v=x3wBhfZpRco,4
0x404d43d957c36b2f:0xa4f5323eaf6c112d,"Makhachkala, Republic of Dagestan, Russia",CITY,2026-03-11T14:40:31.289436+00:00,15,G:pR9-hw_uwMk,Shadow,Zmeex,6964,https://www.youtube.com/watch?v=ZJKpvC9hQ5o,1
0x404e6224341fbc27:0xd1d546f260bc6795,"Republic of Dagestan, Russia",SUBCOUNTRY,2026-03-11T14:10:37.522242+00:00,16,G:i2lNf3S00Wo,Салам алейкум братьям,Islam Itlyashev,19416,https://www.youtube.com/watch?v=C-V9vStmsLA,1
0x4057762a50e3030d:0x5dad6f4a0bf09184,"Pyatigorsk, Stavropol Krai, Russia",CITY,2026-03-11T15:25:46.513452+00:00,7,G:ihSAPtV0u8Y,Ягода малинка,Khabib,888,https://www.youtube.com/watch?v=Rt2zZSaOFtw,5
0x4058005955d093f9:0x4b336291caa7e0ab,"Cherkessk, Karachay-Cherkessia, Russia",CITY,2026-03-11T15:25:02.901586+00:00,18,G:x18-zxbF6yc,В душе туман,Arcadianca,123,https://www.youtube.com/watch?v=hdYy-O2M10g,1
0x405864c5716fa63b:0x102a3a583f194a0,"Karachay-Cherkessia, Russia",SUBCOUNTRY,2026-03-11T14:55:17.110626+00:00,16,G:GbQ4NZFHNq8,На грани,KhaliF,245,https://www.youtube.com/watch?v=d_Z0VrbtUvc,1
0x405a7e6d863458cf:0x22093d2cb5c01e19,"North Ossetia–Alania Republic, Russia",SUBCOUNTRY,2026-03-11T14:45:02.038187+00:00,20,G:9CLFhfPlsGY,Skill,"Эндшпиль  , Miyagi, Miyagi & Andy Panda",1231,https://www.youtube.com/watch?v=Bwh2JznK5ts,1
0x405aa4443c0a6691:0x13c56a16c945d6cf,"Vladikavkaz, North Ossetia–Alania Republic, Russia",CITY,2026-03-11T14:45:03.087429+00:00,3,G:X5K7OSVS1n4,ANABIOS,"Эндшпиль  , Miyagi, Miyagi & Andy Panda",3292,https://www.youtube.com/watch?v=kgLLE6dYr7s,7
0x405c05fb73394bb9:0xfb52e6f667f9e5cf,"Samegrelo-Zemo Svaneti, Georgia",SUBCOUNTRY,2026-03-11T14:25:17.167913+00:00,12,G:9BvZ7_qF5RQ,BEBIAS UKVARS,Revaz pipia,12102,https://www.youtube.com/watch?v=OZyINYdeOb0,2
0x405c24e8b5416e97:0x554b6500e78b56d8,"Zugdidi, Samegrelo-Zemo Svaneti, Georgia",CITY,2026-03-11T14:25:15.677518+00:00,18,G:qoHdlJkeNec,Chemo Feria,Bravo Metehi,3805,https://www.youtube.com/watch?v=5AYGzJkdMXM,1
0x405c8ce30e54af2d:0xfbec41b2d626656f,"Kutaisi, Imereti, Georgia",CITY,2026-03-11T14:23:14.925181+00:00,17,G:2SWNt49fSU8,Карусели,Ара мартиросян,11180,https://www.youtube.com/watch?v=dt5j9DjFFkU,1
0x405c95f53cd5aae7:0x909baec3349c8b19,"Imereti, Georgia",SUBCOUNTRY,2026-03-11T14:23:14.519184+00:00,13,G:Y2CQPYPvseg,ჩამჭიდე ხელი,"ნატო გელაშვილი, ჭოხოები, Ensemble Herio",24769,https://www.youtube.com/watch?v=5EgoU3XJFpc,2
0x405d5ce15388427b:0xfd1e699397ffa4e5,"Adjara, Georgia",SUBCOUNTRY,2026-03-11T15:24:37.566376+00:00,14,G:4AZNYFRl_6g,სევდიანი ჩურჩული - ახალი სიმღერა (Remix),ვაჟა და თამარი,35364,https://www.youtube.com/watch?v=y3D0phAM9KU,4
0x4062bbbf7ddbf153:0xbf0679643b74af29,"Ordu, Türkiye",SUBCOUNTRY,2026-03-11T14:19:53.112208+00:00,18,G:1nm4ZFH1ip0,Aldanırım,"Sıla Şahin, Samet Kardeşler",27794,https://www.youtube.com/watch?v=74MPLm3YcNI,32
0x406321e8831051d5:0xef59fbaab5f13cdd,"Ordu, Ordu, Türkiye",CITY,2026-03-11T14:19:56.334922+00:00,18,G:1nm4ZFH1ip0,Aldanırım,"Sıla Şahin, Samet Kardeşler",20932,https://www.youtube.com/watch?v=74MPLm3YcNI,32
0x40636c4f5f0a86c7:0x66fc2c4b0a32e107,"Giresun, Türkiye",SUBCOUNTRY,2026-03-11T15:24:46.183584+00:00,18,G:FSpckIOJoN8,DELİ OLMİŞUM DELİ,Yüksel Baltacı,18671,https://www.youtube.com/watch?v=ac-nJlba6yc,9
0x40636c6b991a79b7:0x2409f2df5be31b5f,"Giresun, Giresun, Türkiye",CITY,2026-03-11T15:24:46.511601+00:00,16,G:FSpckIOJoN8,DELİ OLMİŞUM DELİ,Yüksel Baltacı,15649,https://www.youtube.com/watch?v=ac-nJlba6yc,9
0x40643c066bf2ec89:0xc4390aca748c2b71,"Trabzon, Trabzon, Türkiye",CITY,2026-03-11T15:24:21.037419+00:00,16,G:6vrLRjywFMo,NASİL SEVDUM,Yüksel Baltacı,29731,https://www.youtube.com/watch?v=k4xwt0374rU,4
0x40643c38252c2f9b:0xa564e28fd61368d0,"Trabzon, Türkiye",SUBCOUNTRY,2026-03-11T15:24:21.287394+00:00,14,G:6vrLRjywFMo,NASİL SEVDUM,Yüksel Baltacı,47887,https://www.youtube.com/watch?v=k4xwt0374rU,4
0x40661210a8f6dc13:0x7e1cd6939738a051,"Rize, Türkiye",SUBCOUNTRY,2026-03-11T15:23:59.432575+00:00,18,G:-LFI8RS6a2k,Zaman Yanlış Yer Yanlış,Atakan Hanoğlu,19528,https://www.youtube.com/watch?v=Upvka4IagII,2
0x40667ac3f7b24237:0x15900b899fb9b54,"Rize, Rize, Türkiye",CITY,2026-03-11T15:24:01.123644+00:00,20,G:icc9gkDE8iA,İNANMAZDUM SÖZUNE,Yüksel Baltacı,12270,https://www.youtube.com/watch?v=R3fFgqrn9wM,1
0x406786304ea2d221:0x7a3053a9e12ea967,"Batumi, Adjara, Georgia",CITY,2026-03-11T15:24:37.892891+00:00,14,G:4AZNYFRl_6g,სევდიანი ჩურჩული - ახალი სიმღერა (Remix),ვაჟა და თამარი,33896,https://www.youtube.com/watch?v=y3D0phAM9KU,4
0x406983d41fa04c9b:0x6a0f629fa4036c96,"Kars, Türkiye",SUBCOUNTRY,2026-03-11T15:23:56.568399+00:00,20,G:FSpckIOJoN8,DELİ OLMİŞUM DELİ,Yüksel Baltacı,10210,https://www.youtube.com/watch?v=ac-nJlba6yc,9
0x40698ed9cd732267:0x46d5117e984d216,"Kars, Kars, Türkiye",CITY,2026-03-11T15:23:57.567435+00:00,19,G:FSpckIOJoN8,DELİ OLMİŞUM DELİ,Yüksel Baltacı,8682,https://www.youtube.com/watch?v=ac-nJlba6yc,9
0x406aa2c30147e773:0x15cd90fa4ad130f5,"Yerevan, Armenia",SUBCOUNTRY,2026-03-11T14:26:32.126982+00:00,20,G:Wr99bV8kheg,SIRUN AXJIK HAYASTANI,Arshavir Martirosyan,548974,https://www.youtube.com/watch?v=_Pc17iQnhWg,1
0x406aa2dab8fc8b5b:0x3d1479ae87da526a,"Yerevan, Yerevan, Armenia",CITY,2026-03-11T14:26:28.707289+00:00,7,G:vV7isDUgRkE,Zero,"BAGARDI, D'Litte",1066549,https://www.youtube.com/watch?v=icK7Mf96wE8,3
0x406c83d3b7fa8bc1:0x557945c7c73cae16,"Ağrı, Türkiye",SUBCOUNTRY,2026-03-11T14:24:26.947524+00:00,20,G:oSSOLxUsrt0,İki Gözümün Çiçeği,Fadıl Aydın,12497,https://www.youtube.com/watch?v=lfjMR_UbTac,15
0x406c83de56e74c4d:0xc8eefc78f21ef332,"Ağrı, Ağrı, Türkiye",CITY,2026-03-11T14:24:19.899734+00:00,20,G:oSSOLxUsrt0,İki Gözümün Çiçeği,Fadıl Aydın,10121,https://www.youtube.com/watch?v=lfjMR_UbTac,15
0x406e5f28a5eb94f1:0x10e3fd56abbfb86,"Erzurum, Erzurum, Türkiye",CITY,2026-03-11T14:21:31.673931+00:00,17,G:ZfgXOtrmwpM,Gelin Ey Âşıklar,Anatolian Psych Rock Lab,78485,https://www.youtube.com/watch?v=6aBhY2_n9m4,5
0x406e5f9f9d458f53:0x74bd7b6cd81754ff,"Erzurum, Türkiye",SUBCOUNTRY,2026-03-11T14:21:31.170166+00:00,17,G:ZfgXOtrmwpM,Gelin Ey Âşıklar,Anatolian Psych Rock Lab,83802,https://www.youtube.com/watch?v=6aBhY2_n9m4,5
0x40700cc900531deb:0x1fb8de6e1302e7a9,"Erzincan, Erzincan, Türkiye",CITY,2026-03-11T14:16:15.227300+00:00,20,G:FSpckIOJoN8,DELİ OLMİŞUM DELİ,Yüksel Baltacı,9747,https://www.youtube.com/watch?v=ac-nJlba6yc,9
0x40700cd4bf2ffb3b:0xa252fbb55d4d123e,"Erzincan, Türkiye",SUBCOUNTRY,2026-03-11T14:16:14.237799+00:00,20,G:ZfgXOtrmwpM,Gelin Ey Âşıklar,Anatolian Psych Rock Lab,10399,https://www.youtube.com/watch?v=6aBhY2_n9m4,5
0x4074edc4c6648729:0xb134d23d2eabf8f4,"Diyarbakır, Türkiye",SUBCOUNTRY,2026-03-11T14:15:29.646938+00:00,20,G:oSSOLxUsrt0,İki Gözümün Çiçeği,Fadıl Aydın,233289,https://www.youtube.com/watch?v=lfjMR_UbTac,15
0x40751fa80abac46b:0x53070c279310852c,"Diyarbakır, Diyarbakır, Türkiye",CITY,2026-03-11T14:15:29.762161+00:00,20,G:oSSOLxUsrt0,İki Gözümün Çiçeği,Fadıl Aydın,220062,https://www.youtube.com/watch?v=lfjMR_UbTac,15
0x407636bd3c77fee3:0xb4f07b511f605ac1,"Malatya, Türkiye",SUBCOUNTRY,2026-03-11T15:24:49.390075+00:00,20,G:i27UphwFbHY,Senden Insaf Diler Yarın,İbrahim Tatlıses,33074,https://www.youtube.com/watch?v=QJamrIqDTbw,32
0x407636e4923c4bad:0xa053ec48de5f481b,"Malatya, Malatya, Türkiye",CITY,2026-03-11T15:24:49.500740+00:00,20,G:i27UphwFbHY,Senden Insaf Diler Yarın,İbrahim Tatlıses,31003,https://www.youtube.com/watch?v=QJamrIqDTbw,32
0x4076b83caf68b93b:0x9075f6e23c624fc2,"Elazığ, Türkiye",SUBCOUNTRY,2026-03-11T14:20:39.462392+00:00,18,G:oSSOLxUsrt0,İki Gözümün Çiçeği,Fadıl Aydın,28678,https://www.youtube.com/watch?v=lfjMR_UbTac,15
0x4076c06c76eaf697:0x12dab4118a3d2f39,"Elâzığ, Elazığ, Türkiye",CITY,2026-03-11T14:20:39.769491+00:00,18,G:oSSOLxUsrt0,İki Gözümün Çiçeği,Fadıl Aydın,27622,https://www.youtube.com/watch?v=lfjMR_UbTac,15
0x40796757059f3eb3:0x8942c63eba882dc2,"Sivas, Türkiye",SUBCOUNTRY,2026-03-11T14:18:55.590874+00:00,17,G:ZfgXOtrmwpM,Gelin Ey Âşıklar,Anatolian Psych Rock Lab,31596,https://www.youtube.com/watch?v=6aBhY2_n9m4,5
0x407d711ab9d62635:0x2f51d12004df72b7,"Tokat, Türkiye",SUBCOUNTRY,2026-03-11T15:24:13.548494+00:00,18,G:i27UphwFbHY,Senden Insaf Diler Yarın,İbrahim Tatlıses,24403,https://www.youtube.com/watch?v=QJamrIqDTbw,32
0x407db64b082d54f1:0xfcd494e5051ec25a,"Tokat, Tokat, Türkiye",CITY,2026-03-11T15:24:13.879648+00:00,18,G:i27UphwFbHY,Senden Insaf Diler Yarın,İbrahim Tatlıses,16794,https://www.youtube.com/watch?v=QJamrIqDTbw,32
0x407eab6a6050ec65:0x83f714044652ea9b,"Sivas, Sivas, Türkiye",CITY,2026-03-11T14:18:53.391998+00:00,17,G:ZfgXOtrmwpM,Gelin Ey Âşıklar,Anatolian Psych Rock Lab,29946,https://www.youtube.com/watch?v=6aBhY2_n9m4,5
0x407fc1ba4988a7ef:0xad01470d35ac8368,"Yozgat, Türkiye",SUBCOUNTRY,2026-03-11T14:19:35.274946+00:00,19,G:oSSOLxUsrt0,İki Gözümün Çiçeği,Fadıl Aydın,17436,https://www.youtube.com/watch?v=lfjMR_UbTac,15
0x408070bcab35d055:0x2d85441338972669,"Yozgat, Yozgat, Türkiye",CITY,2026-03-11T14:19:40.431135+00:00,18,G:oSSOLxUsrt0,İki Gözümün Çiçeği,Fadıl Aydın,9946,https://www.youtube.com/watch?v=lfjMR_UbTac,15
0x4081321f0fe3a4b7:0xeabb7139db0e87f2,"Çorum, Türkiye",SUBCOUNTRY,2026-03-11T14:21:50.679103+00:00,19,G:1nm4ZFH1ip0,Aldanırım,"Sıla Şahin, Samet Kardeşler",22535,https://www.youtube.com/watch?v=74MPLm3YcNI,32
0x4081cffc3009a305:0x415e5a3aa66e17af,"Kırıkkale, Türkiye",SUBCOUNTRY,2026-03-11T14:18:25.716680+00:00,19,G:t2vibiZOWCg,Bombalanmış Şahir Gibiyim,Mesut Çelebi,14728,https://www.youtube.com/watch?v=XxgjzUnJOpc,4
0x4081df188742e1bb:0x4f1a4dd9f400e5bc,"Kırıkkale, Kırıkkale, Türkiye",CITY,2026-03-11T14:18:19.633770+00:00,19,G:t2vibiZOWCg,Bombalanmış Şahir Gibiyim,Mesut Çelebi,13804,https://www.youtube.com/watch?v=XxgjzUnJOpc,4
0x40835335ca55f4a3:0x58c149eab8f0a954,"Karabük, Karabük, Türkiye",CITY,2026-03-11T14:27:10.905803+00:00,18,G:1nm4ZFH1ip0,Aldanırım,"Sıla Şahin, Samet Kardeşler",8309,https://www.youtube.com/watch?v=74MPLm3YcNI,32
0x4083bbedde32eeb7:0x7929878318ae5e83,"Çankırı, Türkiye",SUBCOUNTRY,2026-03-11T15:24:30.521922+00:00,17,G:GzKoNFASqgk,SENUN CANUN SAĞ OLSUN,Yüksel Baltacı,7621,https://www.youtube.com/watch?v=YLUbhId3R1A,44
0x4083c36f2a9f52bf:0xf5f91d66cd94dd3a,"Çankırı, Çankırı, Türkiye",CITY,2026-03-11T15:24:31.046881+00:00,16,G:GzKoNFASqgk,SENUN CANUN SAĞ OLSUN,Yüksel Baltacı,6667,https://www.youtube.com/watch?v=YLUbhId3R1A,44
0x4084e5642d9939bd:0xb79ee0de9976d60,"Kastamonu, Türkiye",SUBCOUNTRY,2026-03-11T14:12:15.865481+00:00,19,G:GzKoNFASqgk,SENUN CANUN SAĞ OLSUN,Yüksel Baltacı,13346,https://www.youtube.com/watch?v=YLUbhId3R1A,44
0x4084fa1240163891:0xd819b0a02911d532,"Kastamonu, Kastamonu, Türkiye",CITY,2026-03-11T14:12:13.950904+00:00,19,G:1nm4ZFH1ip0,Aldanırım,"Sıla Şahin, Samet Kardeşler",11596,https://www.youtube.com/watch?v=74MPLm3YcNI,32
0x40858d520922a787:0xefafc93b3b5255c,"Sinop, Türkiye",SUBCOUNTRY,2026-03-11T14:49:49.328007+00:00,16,G:GzKoNFASqgk,SENUN CANUN SAĞ OLSUN,Yüksel Baltacı,8119,https://www.youtube.com/watch?v=YLUbhId3R1A,44
0x40870231915bad61:0xa4a67fd87315c82b,"Amasya, Türkiye",SUBCOUNTRY,2026-03-11T15:24:38.922989+00:00,17,G:GzKoNFASqgk,SENUN CANUN SAĞ OLSUN,Yüksel Baltacı,15340,https://www.youtube.com/watch?v=YLUbhId3R1A,44
0x40872a9f1a35ab71:0xa34943cf02a0f8d5,"Çorum, Çorum, Türkiye",CITY,2026-03-11T14:21:50.380835+00:00,20,G:1nm4ZFH1ip0,Aldanırım,"Sıla Şahin, Samet Kardeşler",20354,https://www.youtube.com/watch?v=74MPLm3YcNI,32
0x40876e4f7cbd9773:0x1916fc24a6992dcf,"Amasya, Amasya, Türkiye",CITY,2026-03-11T15:24:41.386951+00:00,19,G:1nm4ZFH1ip0,Aldanırım,"Sıla Şahin, Samet Kardeşler",10490,https://www.youtube.com/watch?v=74MPLm3YcNI,32
0x4087cde2ee0048fd:0x2ba1de7153afe5ee,"Samsun, Türkiye",SUBCOUNTRY,2026-03-11T15:24:08.626749+00:00,18,G:tJbB7XC3zKI,Bir Dünyasın,"Tefo, Seko",142322,https://www.youtube.com/watch?v=2j9XfINfvJQ,14
0x408877e97607d663:0xb939cc265fdeb52,"Samsun, Samsun, Türkiye",CITY,2026-03-11T15:24:08.825119+00:00,18,G:tJbB7XC3zKI,Bir Dünyasın,"Tefo, Seko",132077,https://www.youtube.com/watch?v=2j9XfINfvJQ,14
0x408f12de6b86738d:0xcfa12eddefc640fb,"Sinop, Sinop, Türkiye",CITY,2026-03-11T14:49:44.007251+00:00,20,G:xXZbUxvXcF0,Yok Başka Hayalim,Tan Taşçı,5834,https://www.youtube.com/watch?v=Ae7iePAUV14,12
0x409525ef659144f5:0xbd2da7afff4d34cc,Sevastopol,CITY,2026-03-11T14:49:34.397801+00:00,17,G:QSdavOTxaD4,Татарка,"Элвин Грей, БАХТАВАР",1093,https://www.youtube.com/watch?v=Ehg13UzgvQY,1
0x409525ef659144f5:0xcd63828340b62e9e,Sevastopol,SUBCOUNTRY,2026-03-11T14:49:38.709334+00:00,16,G:ZZbbBIJ8jss,MONTAGEM BATCHI (ULTRA SLOWED),"MXZI, Rushex",374,https://www.youtube.com/watch?v=szpocyLnrjw,1
0x409c7c43e91296e7:0x24080dea6d843794,"Zonguldak, Zonguldak, Türkiye",CITY,2026-03-11T14:29:08.111644+00:00,18,G:1nm4ZFH1ip0,Aldanırım,"Sıla Şahin, Samet Kardeşler",13050,https://www.youtube.com/watch?v=74MPLm3YcNI,32
0x409c7c6fce9e65ad:0xea70abf07a1b22e8,"Zonguldak, Türkiye",SUBCOUNTRY,2026-03-11T14:29:09.919782+00:00,18,G:1nm4ZFH1ip0,Aldanırım,"Sıla Şahin, Samet Kardeşler",29039,https://www.youtube.com/watch?v=74MPLm3YcNI,32
0x409cab786b5f2935:0x134acf175b916db8,"Karabük, Türkiye",SUBCOUNTRY,2026-03-11T14:27:11.669911+00:00,20,G:GzKoNFASqgk,SENUN CANUN SAĞ OLSUN,Yüksel Baltacı,10517,https://www.youtube.com/watch?v=YLUbhId3R1A,44
0x409d0c1c05cf1e61:0xfe3adae1e1deaaea,"Düzce, Türkiye",SUBCOUNTRY,2026-03-11T14:13:00.692417+00:00,15,G:GzKoNFASqgk,SENUN CANUN SAĞ OLSUN,Yüksel Baltacı,22973,https://www.youtube.com/watch?v=YLUbhId3R1A,44
0x409d3f11ac27964b:0xca00ed5061653eac,"Bolu, Türkiye",SUBCOUNTRY,2026-03-11T14:19:48.346158+00:00,20,G:xXZbUxvXcF0,Yok Başka Hayalim,Tan Taşçı,13933,https://www.youtube.com/watch?v=Ae7iePAUV14,12
0x409d3f16dc8406d1:0x83cc363ab54b82e9,"Bolu, Bolu, Türkiye",CITY,2026-03-11T14:19:46.040887+00:00,20,G:xXZbUxvXcF0,Yok Başka Hayalim,Tan Taşçı,12474,https://www.youtube.com/watch?v=Ae7iePAUV14,12
0x409da01b6536d421:0xe1d0a622568cf8d7,"Düzce, Düzce, Türkiye",CITY,2026-03-11T14:12:55.893988+00:00,20,G:1nm4ZFH1ip0,Aldanırım,"Sıla Şahin, Samet Kardeşler",16757,https://www.youtube.com/watch?v=74MPLm3YcNI,32
0x40a0a44786f0bae7:0x338141876e41d582,"Kırklareli, Türkiye",SUBCOUNTRY,2026-03-11T14:20:29.654048+00:00,20,G:hSFtT6h37is,Yıkamazlar Beni,Tekir,24112,https://www.youtube.com/watch?v=sxaJG9M9yH8,5
0x40a4538baaf3d7a1:0x5727941c71a58b7c,"Varna, Varna, Bulgaria",CITY,2026-03-11T14:51:51.417941+00:00,20,G:rhm0C8lkXak,TVOQTA LUBOV,"V:RGO, Lidia",62552,https://www.youtube.com/watch?v=8mqwpXumn0k,1
0x40a514cb74d9be3f:0x300a01269bf4ff0,"Dobrich Province, Bulgaria",SUBCOUNTRY,2026-03-11T15:25:25.607439+00:00,7,G:1G7pWMaTPCA,Sıçan Köçek (Съчан кючек),Simar Tornado,9525,https://www.youtube.com/watch?v=FgsPdyQUWd8,3
0x40a51687c78b7c95:0xb5ce55460f7712d4,"Dobrich, Dobrich Province, Bulgaria",CITY,2026-03-11T15:25:27.887200+00:00,11,G:1G7pWMaTPCA,Sıçan Köçek (Съчан кючек),Simar Tornado,4908,https://www.youtube.com/watch?v=FgsPdyQUWd8,3
0x40a5899fedcd08c7:0x300a01269bf4d30,"Shumen Province, Bulgaria",SUBCOUNTRY,2026-03-11T14:49:47.628377+00:00,11,G:1G7pWMaTPCA,Sıçan Köçek (Съчан кючек),Simar Tornado,9156,https://www.youtube.com/watch?v=FgsPdyQUWd8,3
0x40a58a67f395c66b:0x4eda59530fcee61b,"Shumen, Shumen Province, Bulgaria",CITY,2026-03-11T14:49:44.381788+00:00,20,G:Zm8aSxpDoBc,Катинара,SIMONA,3374,https://www.youtube.com/watch?v=W7lDPMjI_rU,33
0x40a5baafbda73e8f:0x300a01269bf4da0,"Varna, Bulgaria",SUBCOUNTRY,2026-03-11T14:51:55.104829+00:00,13,G:P2wfTpMAC1w,666,"Billy Hlapeto, Dim4ou",81656,https://www.youtube.com/watch?v=Xwuzt3sihaw,5
0x40a620c66ffa39c9:0x400a01269bf59e0,"Sliven, Sliven Province, Bulgaria",CITY,2026-03-11T14:49:46.792588+00:00,17,G:tCNkl8wNbjA,Edno Momiche,Amet,7436,https://www.youtube.com/watch?v=9WX-RqP2bYQ,2
0x40a620c688ac01cd:0x300a01269bf59e0,"Sliven Province, Bulgaria",SUBCOUNTRY,2026-03-11T14:49:53.092529+00:00,19,G:1t7xEX7yxcQ,Ти ме знаеш Господи,Group El Shaday,11060,https://www.youtube.com/watch?v=0Ay0oykqq9M,1
0x40a6342956b710b5:0xf4177c0a63985b6a,"Yambol, Jambol, Bulgaria",CITY,2026-03-11T14:52:58.228979+00:00,18,G:U9PaLpK3kUU,Българи сме още,Veselin Marinov,3919,https://www.youtube.com/watch?v=t74ZbKaRm5k,3
0x40a69266f9fc9d91:0x400a01269bf4df0,"Burgas, Burgas, Bulgaria",CITY,2026-03-11T14:34:37.250158+00:00,14,G:P2wfTpMAC1w,666,"Billy Hlapeto, Dim4ou",12561,https://www.youtube.com/watch?v=Xwuzt3sihaw,5
0x40a6eddf59963b5f:0x300a01269bf4c20,"Burgas, Bulgaria",SUBCOUNTRY,2026-03-11T14:34:49.943029+00:00,18,G:YX31Y_VXBMg,Изгаряш ме бавно,Magda,20548,https://www.youtube.com/watch?v=3V5rhED7uvI,7
0x40a7536dd7f878bd:0x2c4e9cd3b6d583a6,"Kirklareli, TR",SUBCOUNTRY,2026-03-11T14:56:30.183875+00:00,20,G:hSFtT6h37is,Yıkamazlar Beni,Tekir,7915,https://www.youtube.com/watch?v=sxaJG9M9yH8,5
0x40a7b18e01144903:0x300a01269bf4c70,"Jambol, Bulgaria",SUBCOUNTRY,2026-03-11T14:55:11.547793+00:00,17,G:U9PaLpK3kUU,Българи сме още,Veselin Marinov,6021,https://www.youtube.com/watch?v=t74ZbKaRm5k,3
0x40a801df097ac7bd:0x64187d1d61625dd5,"Dimitrovgrad, Haskovo Province, Bulgaria",CITY,2026-03-11T15:25:25.006077+00:00,18,G:qG1nZAnLMyA,Па-Па-Па,Sаsha Sandra ,1491,https://www.youtube.com/watch?v=gwsQg27p_H0,11
0x40a854039745e71f:0xe93f825ff853e53d,"Kazanluk, Stara Zagora, Bulgaria",CITY,2026-03-11T14:39:20.882446+00:00,18,G:Zm8aSxpDoBc,Катинара,SIMONA,2282,https://www.youtube.com/watch?v=W7lDPMjI_rU,33
0x40a8690b30e83935:0x74baed1462879fb1,"Stara Zagora, Stara Zagora, Bulgaria",CITY,2026-03-11T14:50:14.403270+00:00,20,G:4zwZoB0ez5A,Мале,"Robi, MONA",7756,https://www.youtube.com/watch?v=s5g_bs5tOcY,11
0x40a86a23b5d3fe6d:0x300a01269bf4d80,"Stara Zagora, Bulgaria",SUBCOUNTRY,2026-03-11T14:50:14.996560+00:00,19,G:P05Ks1LLOM4,Danoto kopay,"Emanuela, Tedi Aleksandrova",14528,https://www.youtube.com/watch?v=R3Vk7sec_2k,16
0x40a8fec1c85bf089:0xa01269bf4c10,Bulgaria,COUNTRY,2026-03-11T15:26:28.682494+00:00,20,G:jqOPR0q_SZY,Моята съпруга,Medi,623419,https://www.youtube.com/watch?v=QwEakvPAVRM,15
0x40a90fe2d6958745:0x400a01269bf5010,"Gabrovo, Gabrovo, Bulgaria",CITY,2026-03-11T14:36:41.587621+00:00,17,G:ENpG-4MQSJo,Налей,"Robi, Tino",2606,https://www.youtube.com/watch?v=N6QEl1J77tA,5
0x40a90ffca445e2f9:0x300a01269bf5010,"Gabrovo, Bulgaria",SUBCOUNTRY,2026-03-11T14:36:49.393420+00:00,20,G:hx0EToEXO5U,Трафик,Selina,3867,https://www.youtube.com/watch?v=WHRpNGrkt88,4
0x40a9214b3d9491dd:0x400a01269bf5dc0,"Veliko Tarnovo, Veliko Tarnovo Province, Bulgaria",CITY,2026-03-11T14:51:53.729905+00:00,19,G:ENpG-4MQSJo,Налей,"Robi, Tino",3831,https://www.youtube.com/watch?v=N6QEl1J77tA,5
0x40a92d629ff5d239:0x300a01269bf4dd0,"Veliko Tarnovo Province, Bulgaria",SUBCOUNTRY,2026-03-11T14:51:55.542584+00:00,20,G:hx0EToEXO5U,Трафик,Selina,15180,https://www.youtube.com/watch?v=WHRpNGrkt88,4
0x40aa8682cb317bf5:0x400a01269bf5e60,"Sofia, Sofia City Province, Bulgaria",CITY,2026-03-11T14:49:50.716646+00:00,17,G:3bnfy8Aud5U,ГОЛА,"Torino, Pashata, Tita",358958,https://www.youtube.com/watch?v=5nNm4_NLNfM,2
0x40aa868332a0a5a3:0x300a01269bf4d70,"Sofia City Province, Bulgaria",SUBCOUNTRY,2026-03-11T14:50:00.152332+00:00,17,G:WvRBJ0UkbLM,Питаш ли ме,Medi,368318,https://www.youtube.com/watch?v=7fwzdD0HjSo,2
0x40ab165d222faba7:0x400a01269bf5d40,"Vratsa, Vratsa, Bulgaria",CITY,2026-03-11T14:52:08.522834+00:00,18,G:4zwZoB0ez5A,Мале,"Robi, MONA",2942,https://www.youtube.com/watch?v=s5g_bs5tOcY,11
0x40ab34a4bddcc2e9:0x525e81c15e5a65d4,"Montana, Montana Province, Bulgaria",CITY,2026-03-11T14:26:25.810496+00:00,19,G:DiLj9EmksDI,Mandi X Klement - Diamante (Offical Video),Klement,2238,https://www.youtube.com/watch?v=duqZYQhNybs,8
0x40ab6c5c9309a44b:0x300a01269bf4dc0,"Vratsa, Bulgaria",SUBCOUNTRY,2026-03-11T14:52:08.860739+00:00,19,G:iuK1N-ba5mk,Zabravi me,N.A.S.I,9043,https://www.youtube.com/watch?v=ZWcWkbExSqY,2
0x40abf38934b400bb:0x400a01269bf5620,"Pleven, Pleven Province, Bulgaria",CITY,2026-03-11T14:46:48.116573+00:00,17,G:U577oVdIuwo,Обичам те,Aleksi Asparuhov,6004,https://www.youtube.com/watch?v=BSmMgw3lQSI,2
0x40ac757f40995373:0x300a01269bf4cf0,"Pleven Province, Bulgaria",SUBCOUNTRY,2026-03-11T14:47:25.192519+00:00,5,G:U577oVdIuwo,Обичам те,Aleksi Asparuhov,21824,https://www.youtube.com/watch?v=BSmMgw3lQSI,2
0x40ace0540600b7a5:0x43ff4e0ea216cd4b,"Caracal, Olt County, Romania",CITY,2026-03-11T14:24:37.802726+00:00,19,G:Evq89Xgt9YM,Ale ale,Babasha,5236,https://www.youtube.com/watch?v=xTqRXcstsU4,9
0x40ad0cab33c8c85b:0xa585ecd7916455d,"Teleorman, Romania",SUBCOUNTRY,2026-03-11T14:23:09.035899+00:00,20,G:e5cvv2_JzbI,Mananca gagica bio,Tzanca Uraganu,30226,https://www.youtube.com/watch?v=jqHVw--W7r0,2
0x40ad38307c82022d:0xc78ff75e3542c846,"Slatina, Olt County, Romania",CITY,2026-03-11T14:24:34.063308+00:00,17,G:Evq89Xgt9YM,Ale ale,Babasha,29936,https://www.youtube.com/watch?v=xTqRXcstsU4,9
0x40adcdc80db70cfd:0x5984c9db9c065e9d,"Alexandria, Teleorman, Romania",CITY,2026-03-11T14:23:06.641110+00:00,20,G:Evq89Xgt9YM,Ale ale,Babasha,20533,https://www.youtube.com/watch?v=xTqRXcstsU4,9
0x40ae60b47fe2a385:0xbe27db5216286802,"Ruse, Ruse, Bulgaria",CITY,2026-03-11T15:25:57.796348+00:00,19,G:4zwZoB0ez5A,Мале,"Robi, MONA",7091,https://www.youtube.com/watch?v=s5g_bs5tOcY,11
0x40ae66510f097829:0xd0bfcfa53d5ba908,"Giurgiu, Giurgiu County, Romania",CITY,2026-03-11T14:12:44.706174+00:00,19,G:5e3khtPbYdY,Inimă te pun pe modul ON,Lele,18957,https://www.youtube.com/watch?v=Lr1gMRJ5_Ck,3
0x40aef16f9c12cb53:0x300a01269bf4d10,"Ruse, Bulgaria",SUBCOUNTRY,2026-03-11T15:25:57.458047+00:00,20,G:4zw15yd1G7E,Mrasnica,Azis,9191,https://www.youtube.com/watch?v=thSQW8jDdYM,1
0x40b0510db326e779:0xa16d2d9e58a82671,"Slobozia, Ialomița County, Romania",CITY,2026-03-11T14:29:06.315897+00:00,19,G:3R_3FixRPhU,Ramai talent,Luis Gabriel,10794,https://www.youtube.com/watch?v=S-9P8G7ZC60,16
0x40b15510bd89291d:0x6bae4a9886338da2,"Râmnicu Sărat, Buzău County, Romania",CITY,2026-03-11T14:19:22.790001+00:00,19,G:5e3khtPbYdY,Inimă te pun pe modul ON,Lele,3018,https://www.youtube.com/watch?v=Lr1gMRJ5_Ck,3
0x40b15fd8fd6ff6af:0x355a02696dc48de8,"Buzău County, Romania",SUBCOUNTRY,2026-03-11T14:19:23.652891+00:00,20,G:3R_3FixRPhU,Ramai talent,Luis Gabriel,35603,https://www.youtube.com/watch?v=S-9P8G7ZC60,16
0x40b15fd8fd6ff6af:0xc32cfa9242caeca7,"Buzău, Buzău County, Romania",CITY,2026-03-11T14:19:21.486762+00:00,20,G:e5cvv2_JzbI,Mananca gagica bio,Tzanca Uraganu,29823,https://www.youtube.com/watch?v=jqHVw--W7r0,2
0x40b19c384fd11e1d:0xff6c18b034a4f607,"Ialomița County, Romania",SUBCOUNTRY,2026-03-11T14:29:09.097922+00:00,20,G:75rADgh6ZiU,Voodoo,Alex Botea,23192,https://www.youtube.com/watch?v=kpJLMrKzPic,2
0x40b1f93abf3cad4f:0xac0632e37c9ca628,"Bucharest, Bucharest, Romania",CITY,2026-03-11T14:10:09.345703+00:00,18,G:nMdtoWAssx8,Au aparut acum,Florin Salam,433824,https://www.youtube.com/watch?v=kiJX4CHBRro,17
0x40b1ff26958976c3:0x84a8cde0db016e33,"Bucharest, Romania",SUBCOUNTRY,2026-03-11T14:10:10.140403+00:00,18,G:nMdtoWAssx8,Au aparut acum,Florin Salam,432792,https://www.youtube.com/watch?v=kiJX4CHBRro,17
0x40b1ff26958976c3:0x84ef4f92a804b194,Romania,COUNTRY,2026-03-11T14:10:18.294984+00:00,19,G:tEmBC1p7OV4,Fetele de la Birou,"Luis Gabriel, Florin Salam, Mr. Juve",2084417,https://www.youtube.com/watch?v=4rOeD8DYnck,47
0x40b207a3d232ebc7:0x2400c4bcbb670e1d,"Giurgiu County, Romania",SUBCOUNTRY,2026-03-11T14:12:39.856469+00:00,18,G:5e3khtPbYdY,Inimă te pun pe modul ON,Lele,32873,https://www.youtube.com/watch?v=Lr1gMRJ5_Ck,3
0x40b249f6a8d6eff7:0xb3fe6965e659119,"Ploiești, Prahova, Romania",CITY,2026-03-11T14:10:12.067954+00:00,20,G:3R_3FixRPhU,Ramai talent,Luis Gabriel,134581,https://www.youtube.com/watch?v=S-9P8G7ZC60,16
0x40b249f6a8d6eff7:0xb83db561b0b1ed8a,"Prahova, Romania",SUBCOUNTRY,2026-03-11T14:10:17.681731+00:00,20,G:3R_3FixRPhU,Ramai talent,Luis Gabriel,152242,https://www.youtube.com/watch?v=S-9P8G7ZC60,16
0x40b2bc8be0522b5b:0x610b9249009f0ebf,"Argeș, Romania",SUBCOUNTRY,2026-03-11T15:24:58.082732+00:00,19,G:Somc5PpivSY,Ce Te-as Suna,"Bogdan DLP, Arianna",46234,https://www.youtube.com/watch?v=IgmAtN8jMes,6
0x40b2bc8be0522b5b:0xf26c37a94326f876,"Pitești, Argeș, Romania",CITY,2026-03-11T15:24:57.882701+00:00,19,G:uNuEv6eUyaI,Te-as Iubi O Saptamana,Bogdan DLP,30481,https://www.youtube.com/watch?v=NukR3CsejW8,25
0x40b2f59c07402a5f:0xb83eef81b8a0f4d3,"Dâmbovița, Romania",SUBCOUNTRY,2026-03-11T14:19:35.274259+00:00,19,G:3R_3FixRPhU,Ramai talent,Luis Gabriel,44583,https://www.youtube.com/watch?v=S-9P8G7ZC60,16
0x40b2f6bf2770f35b:0xcaaa1bbf5896e8a0,"Târgoviște, Dâmbovița, Romania",CITY,2026-03-11T14:19:39.581422+00:00,20,G:75rADgh6ZiU,Voodoo,Alex Botea,24835,https://www.youtube.com/watch?v=kpJLMrKzPic,2
0x40b3007e06e471ab:0x8d24be2ca6c16a32,"Câmpina, Prahova, Romania",CITY,2026-03-11T14:16:53.488436+00:00,17,G:0yBxmofP3iI,CATEL,MADATORRICELLI,2246,https://www.youtube.com/watch?v=KyHYmy3YJsw,2
0x40b329b90719bcb7:0xd4d45c5e5ba46dad,"Câmpulung, Argeș, Romania",CITY,2026-03-11T15:24:57.931456+00:00,17,G:j6kHIae7_M4,Perdoname,"Dani Mocanu, Florin Cercel",6037,https://www.youtube.com/watch?v=vZsfZfRo5yo,18
0x40b35b862aa214f1:0x6cf5f2ef54391e0f,"Brașov, Brașov, Romania",CITY,2026-03-11T14:10:20.317858+00:00,20,G:nNDkFVsEIcY,As arunca supararea,Elys,70917,https://www.youtube.com/watch?v=6q6RjQmZZ8M,22
0x40b35b862aa214f1:0xec4b61a6e3f9d8ab,"Brașov, Romania",SUBCOUNTRY,2026-03-11T14:10:20.469914+00:00,20,G:nNDkFVsEIcY,As arunca supararea,Elys,78792,https://www.youtube.com/watch?v=6q6RjQmZZ8M,22
0x40b418a3872196a3:0x78a9ff91284d232,"Focșani, Vrancea, Romania",CITY,2026-03-11T14:18:46.298273+00:00,19,G:3R_3FixRPhU,Ramai talent,Luis Gabriel,16467,https://www.youtube.com/watch?v=S-9P8G7ZC60,16
0x40b42209fdcaefad:0xa8ba0287991a9703,"Vrancea, Romania",SUBCOUNTRY,2026-03-11T14:18:46.398038+00:00,20,G:3R_3FixRPhU,Ramai talent,Luis Gabriel,20376,https://www.youtube.com/watch?v=S-9P8G7ZC60,16
0x40b4283938df3013:0xe228bfc253c4022f,"Tecuci, Galați, Romania",CITY,2026-03-11T15:24:08.643306+00:00,20,G:3R_3FixRPhU,Ramai talent,Luis Gabriel,8073,https://www.youtube.com/watch?v=S-9P8G7ZC60,16
0x40b4a4be8c5e8aeb:0xaf63eed88e8253ee,"Sfântu Gheorghe, Covasna County, Romania",CITY,2026-03-11T14:19:38.633903+00:00,10,G:-TWMJGnTilE,Elmondom nektek,Oszi,5912,https://www.youtube.com/watch?v=ccYel9Vk_rM,2
0x40b506fa53a5247f:0x3155be2d4343248d,"Onești, Bacău County, Romania",CITY,2026-03-11T14:29:26.539530+00:00,16,G:bA8V_CH7wC8,A venit poliția,Theo Rose,3957,https://www.youtube.com/watch?v=BnG6AXPNbco,25
0x40b570183882e30b:0x2659d504aae13301,"Bacău, Bacău County, Romania",CITY,2026-03-11T14:29:23.285072+00:00,19,G:jEznEXycQg0,Ce te-ai face tu,Rares,18868,https://www.youtube.com/watch?v=0CCZnNg-bas,41
0x40b570183882e30b:0xf73277a66c61aeb4,"Bacău County, Romania",SUBCOUNTRY,2026-03-11T14:29:28.251000+00:00,20,G:tEmBC1p7OV4,Fetele de la Birou,"Luis Gabriel, Florin Salam, Mr. Juve",34994,https://www.youtube.com/watch?v=4rOeD8DYnck,47
0x40b5dd613e6bf583:0xe93b835203ee1a4f,"Bârlad, Vaslui County, Romania",CITY,2026-03-11T14:15:07.114807+00:00,20,G:Evq89Xgt9YM,Ale ale,Babasha,10859,https://www.youtube.com/watch?v=xTqRXcstsU4,9
0x40b6d62ac5c69441:0x688e3ee9bf757c9e,"Brăila, Brăila, Romania",CITY,2026-03-11T14:27:39.855541+00:00,20,G:3R_3FixRPhU,Ramai talent,Luis Gabriel,23034,https://www.youtube.com/watch?v=S-9P8G7ZC60,16
0x40b6d62ac5c69441:0x8d43c48403b996b5,"Brăila, Romania",SUBCOUNTRY,2026-03-11T14:27:31.211772+00:00,20,G:3R_3FixRPhU,Ramai talent,Luis Gabriel,24495,https://www.youtube.com/watch?v=S-9P8G7ZC60,16
0x40b6dee589f2c4b5:0x3e4ca73eb3054f8d,"Galați, Romania",SUBCOUNTRY,2026-03-11T15:24:08.058037+00:00,17,G:tEmBC1p7OV4,Fetele de la Birou,"Luis Gabriel, Florin Salam, Mr. Juve",38099,https://www.youtube.com/watch?v=4rOeD8DYnck,47
0x40b6dee589f2c4b5:0x53d7342f252d702b,"Galați, Galați, Romania",CITY,2026-03-11T15:24:08.183291+00:00,17,G:jEznEXycQg0,Ce te-ai face tu,Rares,20309,https://www.youtube.com/watch?v=0CCZnNg-bas,41
0x40b75948b811aab5:0xa16c50a0d8a6e42a,"Tulcea, Tulcea, Romania",CITY,2026-03-11T14:17:53.965509+00:00,17,G:tEmBC1p7OV4,Fetele de la Birou,"Luis Gabriel, Florin Salam, Mr. Juve",8889,https://www.youtube.com/watch?v=4rOeD8DYnck,47
0x40ba03e1146f7e5b:0xf4da0c55c27ff61,"Tulcea, Romania",SUBCOUNTRY,2026-03-11T14:17:52.354052+00:00,20,G:bA8V_CH7wC8,A venit poliția,Theo Rose,11406,https://www.youtube.com/watch?v=BnG6AXPNbco,25
0x40ba918fec22582d:0x51c8ed11038a5699,"Medgidia, Constanța, Romania",CITY,2026-03-11T14:15:10.047162+00:00,19,G:3R_3FixRPhU,Ramai talent,Luis Gabriel,4591,https://www.youtube.com/watch?v=S-9P8G7ZC60,16
0x40bae125c62265c7:0x5994c4b26cf518d,"Constanța, Romania",SUBCOUNTRY,2026-03-11T14:15:18.870140+00:00,20,G:uNuEv6eUyaI,Te-as Iubi O Saptamana,Bogdan DLP,69039,https://www.youtube.com/watch?v=NukR3CsejW8,25
0x40bae54a64345229:0x637be1cd3e654850,"Constanța, Constanța, Romania",CITY,2026-03-11T14:15:10.411261+00:00,17,G:uNuEv6eUyaI,Te-as Iubi O Saptamana,Bogdan DLP,51113,https://www.youtube.com/watch?v=NukR3CsejW8,25
0x40baf5c3f293c595:0x1ba5a05a7a9c29a,"Năvodari, Constanța, Romania",CITY,2026-03-11T14:15:12.521922+00:00,14,G:bA8V_CH7wC8,A venit poliția,Theo Rose,2365,https://www.youtube.com/watch?v=BnG6AXPNbco,25
0x40bb29441c3b3feb:0xf30111bdc89d109f,"Mangalia, Constanța, Romania",CITY,2026-03-11T14:15:22.782872+00:00,19,G:3R_3FixRPhU,Ramai talent,Luis Gabriel,3212,https://www.youtube.com/watch?v=S-9P8G7ZC60,16
0x40c391434eef5487:0x101068488f64140,"Kherson Oblast, Ukraine",SUBCOUNTRY,2026-03-11T14:39:27.171022+00:00,4,G:hzZMoKeCG94,Волошки,GROSU,9405,https://www.youtube.com/watch?v=URcD0-U8SLU,6
0x40c41aa25d9bf967:0xf3a5478c8e3121fe,"Kherson, Kherson Oblast, Ukraine",CITY,2026-03-11T14:39:26.769749+00:00,4,G:hzZMoKeCG94,Волошки,GROSU,6333,https://www.youtube.com/watch?v=URcD0-U8SLU,6
0x40c59abab155d4c9:0x9382d10df151ad2e,"Mykolaiv Oblast, Ukraine",SUBCOUNTRY,2026-03-11T14:42:38.259953+00:00,19,G:xvWuQvlCt8Q,Тебе Це Не Стосується,paashee,27754,https://www.youtube.com/watch?v=sk8IgTBdM8k,12
0x40c5cb89fb7213d5:0x970e39fab9e05680,"Mykolaiv, Mykolaiv Oblast, Ukraine",CITY,2026-03-11T14:42:29.189546+00:00,20,G:xvWuQvlCt8Q,Тебе Це Не Стосується,paashee,13996,https://www.youtube.com/watch?v=sk8IgTBdM8k,12
0x40c631819a8e1469:0x1f6bf068b57ed7c5,"Odesa Oblast, Ukraine",SUBCOUNTRY,2026-03-11T14:11:25.078025+00:00,20,G:UY3IuZ9zMo8,Пляшка Фраголіно,Uran Yopa,138374,https://www.youtube.com/watch?v=5nbJrviR4hc,8
0x40c6318a0b864c43:0x129f8fe28cf2176c,"Odesa, Odesa Oblast, Ukraine",CITY,2026-03-11T14:11:25.306079+00:00,20,G:lEofn05z_Os,Real Love (ECHOVIBE REMIX),ECHOVIBE,111631,https://www.youtube.com/watch?v=YZ-SUfJcLok,7
0x40c902e8fd3f4cbf:0xfffe2ce60be34818,"Tiraspol, Administrative-Territorial Units of the Left Bank of the Dniester, Moldova",CITY,2026-03-11T15:23:58.421384+00:00,20,G:--9vn46jC7I,Oglinda Oglinjoara,YNY Sebi,12693,https://www.youtube.com/watch?v=kv_bBYa6gWI,1
0x40c951a8b54bb0cf:0x77b4bd5d6cd0ce46,"Administrative-Territorial Units of the Left Bank of the Dniester, Moldova",SUBCOUNTRY,2026-03-11T14:53:45.718933+00:00,16,G:2jG3eu76i6w,SAMUDARIPEN: Strigătul celor 500.000 de suflete pierdute,Damian Drăghici,18678,https://www.youtube.com/watch?v=i-esoTL1FGk,1
0x40c97c3628b769a1:0x258119acdf53accb,Moldova,COUNTRY,2026-03-11T14:53:50.718587+00:00,11,G:ZD7vq4alCFw,Tic Tac,Ximena Cocarlea,243475,https://www.youtube.com/watch?v=RaK4yKUqoyY,1
0x40c97c3628b769a1:0x37d1d6305749dd3c,"Chișinău, Chisinau, Moldova",CITY,2026-03-11T14:18:50.567912+00:00,11,G:DngnccBrXA8,"Больше, чем ближе",NAVAI  ,127965,https://www.youtube.com/watch?v=Sjtmtd_DEKQ,2
0x40c97c6ea5a2233d:0x49cefa709873baf7,"Chisinau, Moldova",SUBCOUNTRY,2026-03-11T14:18:57.446991+00:00,11,G:DngnccBrXA8,"Больше, чем ближе",NAVAI  ,132667,https://www.youtube.com/watch?v=Sjtmtd_DEKQ,2
0x40ca10eccd50e139:0x95c99775019809d1,"Vaslui County, Romania",SUBCOUNTRY,2026-03-11T14:15:05.069505+00:00,20,G:3R_3FixRPhU,Ramai talent,Luis Gabriel,23510,https://www.youtube.com/watch?v=S-9P8G7ZC60,16
0x40ca7370f3bf8b01:0x53cdb7409616b286,"Vaslui, Vaslui County, Romania",CITY,2026-03-11T14:15:13.035128+00:00,19,G:Somc5PpivSY,Ce Te-as Suna,"Bogdan DLP, Arianna",6947,https://www.youtube.com/watch?v=IgmAtN8jMes,6
0x40cabcd6d448900b:0x65991ff51b7be35b,"Roman, Neamț County, Romania",CITY,2026-03-11T15:24:24.506336+00:00,17,G:eXyfLDNYQVc,Reggaeton,"MADATORRICELLI, Maria Brasil",7379,https://www.youtube.com/watch?v=n2foTUszA8Q,1
0x40cafb7cf639ddbb:0x5b9905ccdaa09ca4,"Iași County, Romania",SUBCOUNTRY,2026-03-11T14:10:19.462228+00:00,17,G:jEznEXycQg0,Ce te-ai face tu,Rares,119227,https://www.youtube.com/watch?v=0CCZnNg-bas,41
0x40cafb7cf639ddbb:0x7ccb80da5426f53c,"Iași, Iași County, Romania",CITY,2026-03-11T14:10:15.532941+00:00,17,G:jEznEXycQg0,Ce te-ai face tu,Rares,107393,https://www.youtube.com/watch?v=0CCZnNg-bas,41
0x40cb60be4a67ad4b:0x959d21b68e6fed02,"Balti, Moldova",SUBCOUNTRY,2026-03-11T14:27:18.669809+00:00,20,G:5ZEAtGmZpB4,Верю в тебя,ANNA ASTI,6348,https://www.youtube.com/watch?v=SIMDuiMlKNs,2
0x40cb673a731f2613:0x75ffb7a54ede02d9,"Bălți, Balti, Moldova",CITY,2026-03-11T14:27:23.770339+00:00,19,G:5ZEAtGmZpB4,Верю в тебя,ANNA ASTI,6348,https://www.youtube.com/watch?v=SIMDuiMlKNs,2
0x40cd54fe0cad2e8b:0x101068488f640b0,"Vinnytsia Oblast, Ukraine",SUBCOUNTRY,2026-03-11T14:52:04.246114+00:00,18,G:LKnheWpY-ZI,"Тук-тук-тук, а серце б'ється","DIANAMusic, MusicLand",67020,https://www.youtube.com/watch?v=YXTwviVK0bM,8
0x40d042af80ef8efd:0xd8a7c535140d1994,"Kirovohrad Oblast, Ukraine",SUBCOUNTRY,2026-03-11T14:39:32.098000+00:00,18,G:xvWuQvlCt8Q,Тебе Це Не Стосується,paashee,28499,https://www.youtube.com/watch?v=sk8IgTBdM8k,12
0x40d0432708441b67:0xe828c54149a0e8d8,"Kropyvnytskyi, Kirovohrad Oblast, Ukraine",CITY,2026-03-11T14:39:31.251416+00:00,16,G:i4Xqw4XtmAk,Тьотя,Шугар,12396,https://www.youtube.com/watch?v=DFGO4OuvVM0,13
0x40d14b763aa56e83:0x28471b89b680ef8a,"Cherkasy Oblast, Ukraine",SUBCOUNTRY,2026-03-11T15:25:03.121869+00:00,19,G:xvWuQvlCt8Q,Тебе Це Не Стосується,paashee,42348,https://www.youtube.com/watch?v=sk8IgTBdM8k,12
0x40d14b866064977f:0xf8dce723a9cbb5d8,"Cherkasy, Cherkasy Oblast, Ukraine",CITY,2026-03-11T15:25:02.329948+00:00,18,G:i4Xqw4XtmAk,Тьотя,Шугар,14175,https://www.youtube.com/watch?v=DFGO4OuvVM0,13
0x40d1d9c154700e8f:0x1068488f64010,Ukraine,COUNTRY,2026-03-11T14:11:19.182374+00:00,20,G:UY3IuZ9zMo8,Пляшка Фраголіно,Uran Yopa,1964641,https://www.youtube.com/watch?v=5nbJrviR4hc,8
0x40d3423e37227b9d:0x84e311f8582cc6e8,"Bila Tserkva, Kyiv Oblast, Ukraine",CITY,2026-03-11T14:33:17.489749+00:00,16,G:i4Xqw4XtmAk,Тьотя,Шугар,13646,https://www.youtube.com/watch?v=DFGO4OuvVM0,13
0x40d4ce5dfc458af7:0xa6e00aaf7b205d07,"Kyiv Oblast, Ukraine",SUBCOUNTRY,2026-03-11T14:11:28.172205+00:00,20,G:-_LfPtTLA9E,Нагадай,Domiy,98119,https://www.youtube.com/watch?v=BWK7veYhX0k,5
0x40d4cf4ee15a4505:0x5f251d1397901804,"Kyiv city, Ukraine",SUBCOUNTRY,2026-03-11T14:11:18.019716+00:00,17,G:6v5rHI9hRgg,boy,Кажанна,452643,https://www.youtube.com/watch?v=QZXoM9yAcqg,5
0x40d4cf4ee15a4505:0x764931d2170146fe,"Kyiv, Ukraine",CITY,2026-03-11T14:11:18.468054+00:00,17,G:6v5rHI9hRgg,boy,Кажанна,459046,https://www.youtube.com/watch?v=QZXoM9yAcqg,5
0x40d753ab9b0218df:0x49204e009e9c5b1c,"Kremenchuk, Poltava Oblast, Ukraine",CITY,2026-03-11T14:39:41.552110+00:00,19,G:g2LIrE2NFVc,Генгста,Drevo,9618,https://www.youtube.com/watch?v=ES057A0yRjM,2
0x40d77538166ac7e5:0x101068488f64170,"Poltava Oblast, Ukraine",SUBCOUNTRY,2026-03-11T15:25:44.148666+00:00,18,G:xvWuQvlCt8Q,Тебе Це Не Стосується,paashee,71660,https://www.youtube.com/watch?v=sk8IgTBdM8k,12
0x40d825e425e6ba6b:0xcf3e6bdfb9e4ca82,"Poltava, Poltava Oblast, Ukraine",CITY,2026-03-11T14:47:52.883721+00:00,13,G:jk0BKaFSr7g,Mafia Style,TRAP MAFIA HOUSE,44648,https://www.youtube.com/watch?v=AmBBSd6CWcs,8
0x40dadfe03154ab7b:0xb0fa3a177d6b186e,"Kryvyi Rih, Dnipropetrovsk Oblast, Ukraine",CITY,2026-03-11T14:11:29.159610+00:00,13,G:jk0BKaFSr7g,Mafia Style,TRAP MAFIA HOUSE,77266,https://www.youtube.com/watch?v=AmBBSd6CWcs,8
0x40dbda360ea4dfed:0xd0e3b9284b2885f8,"Kamianske, Dnipropetrovsk Oblast, Ukraine",CITY,2026-03-11T15:25:25.033558+00:00,14,G:M8CgPhGRhEs,"Сыпь, гармоника!",СДП,11988,https://www.youtube.com/watch?v=JsZhtUjeQAE,37
0x40dbdc5f62e8eba1:0x59cec337be011897,"Dnipropetrovsk Oblast, Ukraine",SUBCOUNTRY,2026-03-11T14:11:37.090624+00:00,17,G:jk0BKaFSr7g,Mafia Style,TRAP MAFIA HOUSE,262775,https://www.youtube.com/watch?v=AmBBSd6CWcs,8
0x40dbe303fd08468f:0xa1cf3d5f2c11aba,"Dnipro, Dnipropetrovsk Oblast, Ukraine",CITY,2026-03-11T14:11:26.237806+00:00,14,G:jk0BKaFSr7g,Mafia Style,TRAP MAFIA HOUSE,158009,https://www.youtube.com/watch?v=AmBBSd6CWcs,8
0x40dc67152c234fd1:0xe1878ebf93796a8c,"Zaporizhia Oblast, Ukraine",SUBCOUNTRY,2026-03-11T15:26:21.620868+00:00,19,G:FnJmGqb7XFc,Колишній,Max Barskih,23973,https://www.youtube.com/watch?v=ufgl6vr1ndg,26
0x40dc673dfa85bb03:0x7e675cd9074d3f4a,"Zaporizhzhia, Zaporizhia Oblast, Ukraine",CITY,2026-03-11T15:26:21.818032+00:00,19,G:-_LfPtTLA9E,Нагадай,Domiy,22202,https://www.youtube.com/watch?v=BWK7veYhX0k,5
0x40df9b18a23dd57b:0xba4f260a04a24c24,"Donetsk Oblast, Ukraine",SUBCOUNTRY,2026-03-11T15:25:26.690627+00:00,20,G:-_LfPtTLA9E,Нагадай,Domiy,6330,https://www.youtube.com/watch?v=BWK7veYhX0k,5
0x40e0909500919a2d:0x36335efdc5856f84,"Donetsk, Donetsk Oblast, Ukraine",CITY,2026-03-11T15:25:26.779797+00:00,12,G:TDmUD-2GxZI,Целовала,Bakhtin,451,https://www.youtube.com/watch?v=3KQGqWYd_-g,1
0x40e1578d09bb748d:0x111e11a86812b325,"Taganrog, Rostov Oblast, Russia",CITY,2026-03-11T14:50:58.519857+00:00,15,G:aGNPWRMInjA,Лопаю Лайки,"Марьяна Локель, SteshOK, Вау Вероника, Макар Давыдов",4264,https://www.youtube.com/watch?v=udtYom0VMnc,13
0x40e3c777c3b4b6ef:0x8248b451e48b4d04,"Rostov-on-Don, Rostov Oblast, Russia",CITY,2026-03-11T14:55:48.190526+00:00,20,G:iOP1w0k3oUU,Сигма Бой,"Betsy, Мария Янковская",6083,https://www.youtube.com/watch?v=ueNY30Cs8Lk,60
0x40e6e6a7bee7582b:0xa5d118300a75b5ce,"Mariupol, Donetsk Oblast, Ukraine",CITY,2026-03-11T15:25:26.591973+00:00,8,G:XxDHnJ63i34,Назавжди,Julik,177,https://www.youtube.com/watch?v=VighPZ0nQtk,1
0x40ea51e9edc7fa91:0xf6b10a07a2689492,"Avtonomna Respublika Krym, UA",SUBCOUNTRY,2026-03-11T14:56:29.775526+00:00,20,G:4Z5VzI4hNFo,,,4460,,1
0x40eadddedf991cc5:0x9c29422fbc780b40,Simferopol,CITY,2026-03-11T14:49:42.064699+00:00,19,G:Wwn6PMaxmUY,Montagem Supersonic,"KHAOS, Jmilton, Mc Jajá",1054,https://www.youtube.com/watch?v=lM4v4sq8ypo,2
0x40f042b97786893b:0x102a3a583f19580,"Krasnodar Krai, Russia",SUBCOUNTRY,2026-03-11T14:10:27.048601+00:00,18,G:PvD6qUy8w2w,Одного,Татьяна Куртукова,43869,https://www.youtube.com/watch?v=BiF6j9UzRkk,14
0x40f04564714535b3:0xf720794f56c4beb6,"Krasnodar, Krasnodar Krai, Russia",CITY,2026-03-11T14:10:24.899039+00:00,18,G:IlSTRmoS_j0,Zhurek (Isko Alvarez remix),Adam,18583,https://www.youtube.com/watch?v=N3onZdIIPh0,12
0x40f4316f84f58977:0x5481b11086c8bb33,"Bolshoy Sochi, Krasnodar Krai, Russia",CITY,2026-03-11T14:39:40.391185+00:00,20,G:Kn3h67qc4DI,Я же любила тебя,Arcadianca,2206,https://www.youtube.com/watch?v=B_YMzbvv_N4,5
0x40f8a7c3c772a543:0x56125644e20644ea,"Stavropol Krai, Russia",SUBCOUNTRY,2026-03-11T14:55:56.366696+00:00,20,G:_2fxVyjapro,Не люби меня,"CHEPIKK, Холла",4886,https://www.youtube.com/watch?v=wSGwmjxzDak,50
0x40f9a9d63fd5d9f7:0x29c820a41bb5bcf2,"Stavropol, Stavropol Krai, Russia",CITY,2026-03-11T14:55:58.567040+00:00,18,G:_2fxVyjapro,Не люби меня,"CHEPIKK, Холла",2682,https://www.youtube.com/watch?v=wSGwmjxzDak,50
0x41053375b85b7667:0x880d179cce57da41,"Volgograd, Volgograd Oblast, Russia",CITY,2026-03-11T14:52:07.108389+00:00,16,G:7O-yX5XVu74,Под Новый Год,"Betsy, Ded M",7111,https://www.youtube.com/watch?v=eiyp-jm_psc,5
0x41077801cc72673b:0x23b760a47d6f0cef,"Astrakhan Oblast, Russia",SUBCOUNTRY,2026-03-11T14:32:25.363919+00:00,10,G:7HdnfBq__dU,Aldyň aryňy,Resool,3111,https://www.youtube.com/watch?v=JjY0y-iLZ4g,2
0x41107ee3167b079b:0x66e98197989ec968,"Volgograd Oblast, Russia",SUBCOUNTRY,2026-03-11T14:52:07.197110+00:00,16,G:7O-yX5XVu74,Под Новый Год,"Betsy, Ded M",8210,https://www.youtube.com/watch?v=eiyp-jm_psc,5
0x41135695a8c08ba5:0xebaafe4a4c5aa72d,"Saratov Oblast, Russia",SUBCOUNTRY,2026-03-11T14:49:31.531718+00:00,19,G:R6eJwQUZPJo,ループザルーム (feat. Hatsune Miku),rusino,3646,https://www.youtube.com/watch?v=icBDYkfxpMs,44
0x4114c709059bbc41:0x1c685156439035f6,"Saratov, Saratov Oblast, Russia",CITY,2026-03-11T14:49:17.468167+00:00,20,G:5YElWCDPbOA,СВЕТЛАНА!,NEXTIME,2752,https://www.youtube.com/watch?v=KLbkyunVsnY,67
0x411ab2bf22a2389b:0xe66380a6f53c1448,"Volzhskiy, Volgograd Oblast, Russia",CITY,2026-03-11T14:52:07.151030+00:00,8,G:NZi4cXbUGiw,MONTAGEM LIMITADO (Ultra Slowed),heapper,546,https://www.youtube.com/watch?v=Uf9WcG7GyaU,1
0x411dba305deaf721:0x102a3a583f197e0,"Rostov Oblast, Russia",SUBCOUNTRY,2026-03-11T14:55:45.227295+00:00,20,G:PvD6qUy8w2w,Одного,Татьяна Куртукова,14267,https://www.youtube.com/watch?v=BiF6j9UzRkk,14
0x412329ca62b37593:0x102a3a583f19650,"Voronezh Oblast, Russia",SUBCOUNTRY,2026-03-11T14:52:12.545767+00:00,18,G:2RTjpP3tVoQ,LUA NA PRAÇA,"Dj Samir, DJ Zarek, Dj Duda, LUNxdiE",4325,https://www.youtube.com/watch?v=iLfVnU23E34,11
0x41266af42d5c5863:0xc4cfd2138d424649,"Belgorod, Belgorod Oblast, Russia",CITY,2026-03-11T14:33:00.051866+00:00,16,G:hG0MWQuWvkY,Wrong Side Out,CG5,1352,https://www.youtube.com/watch?v=lsndkQuEwaM,31
0x412680e852aeb931:0x102a3a583f19600,"Belgorod Oblast, Russia",SUBCOUNTRY,2026-03-11T14:33:06.139720+00:00,20,G:yqMRCYC4bI8,КУПЕР,SQWOZ BAB,2084,https://www.youtube.com/watch?v=s5Et7q6oK5Y,26
0x412758eb2e5ef601:0x101068488f641a0,"Kharkiv Oblast, Ukraine",SUBCOUNTRY,2026-03-11T14:11:28.102715+00:00,14,G:M8CgPhGRhEs,"Сыпь, гармоника!",СДП,87309,https://www.youtube.com/watch?v=JsZhtUjeQAE,37
0x4127a09f63ab0f8b:0x2d4c18681aa4be0a,"Kharkiv, Kharkiv Oblast, Ukraine",CITY,2026-03-11T14:11:29.607706+00:00,19,G:FnJmGqb7XFc,Колишній,Max Barskih,53365,https://www.youtube.com/watch?v=ufgl6vr1ndg,26
0x41290220fc73a461:0x5037728c8c1aa5d0,"Sumy Oblast, Ukraine",SUBCOUNTRY,2026-03-11T15:26:05.811508+00:00,18,G:xvWuQvlCt8Q,Тебе Це Не Стосується,paashee,24635,https://www.youtube.com/watch?v=sk8IgTBdM8k,12
0x41290220fc73a461:0xdb74f6366b836c28,"Sumy, Sumy Oblast, Ukraine",CITY,2026-03-11T14:50:44.951573+00:00,19,G:xvWuQvlCt8Q,Тебе Це Не Стосується,paashee,11386,https://www.youtube.com/watch?v=sk8IgTBdM8k,12
0x412ac0602f86b44f:0x101068488f64130,"Chernihiv Oblast, Ukraine",SUBCOUNTRY,2026-03-11T15:25:02.698339+00:00,20,G:xvWuQvlCt8Q,Тебе Це Не Стосується,paashee,22998,https://www.youtube.com/watch?v=sk8IgTBdM8k,12
0x412f0375da12791b:0x9788ae489cd5e746,"Kursk, Kursk Oblast, Russia",CITY,2026-03-11T14:39:49.503421+00:00,18,G:XoPggZjv5eA,8 миля,"madk1d, Villian",1079,https://www.youtube.com/watch?v=N9ZjkSrsZRA,16
0x412f0579d6594437:0xad02dfc2bf4338a8,"Kursk Oblast, Russia",SUBCOUNTRY,2026-03-11T14:39:43.458597+00:00,20,G:HOZ4HdExXAQ,Банкомат,Dead Blonde,1288,https://www.youtube.com/watch?v=m80jEPGrr7o,14
0x4132a78d14da3a05:0x6ad84109759a19a0,"Bryansk, Bryansk Oblast, Russia",CITY,2026-03-11T14:34:30.017570+00:00,17,G:XoPggZjv5eA,8 миля,"madk1d, Villian",1166,https://www.youtube.com/watch?v=N9ZjkSrsZRA,16
0x4134092c463fb773:0xa0d5c6e80e661c4b,"Tula Oblast, Russia",SUBCOUNTRY,2026-03-11T14:51:55.175638+00:00,20,G:IzgCPqFNQ0k,MONTAGEM DOMER (Ultra Slowed),"Paizo, DJ LXILL, DJ Fallthox",2707,https://www.youtube.com/watch?v=pJmHtFtvkY0,9
0x41343f84ed31c1fd:0xa3a7e25d4ca39145,"Tula, Tula Oblast, Russia",CITY,2026-03-11T15:26:17.267560+00:00,20,G:hG0MWQuWvkY,Wrong Side Out,CG5,1851,https://www.youtube.com/watch?v=lsndkQuEwaM,31
0x4134b9fc78b93039:0xcb584437cde02e42,"Kaluga, Kaluga Oblast, Russia",CITY,2026-03-11T14:39:15.899494+00:00,20,G:mAC-wMjb5os,Силуэт,"Ваня Дмитриенко, Аня Пересильд",1144,https://www.youtube.com/watch?v=MlCw0E_dXiU,11
0x4139143b9cfe011d:0x84dab8189e36a7ff,"Tambov, Tambov Oblast, Russia",CITY,2026-03-11T14:51:02.879319+00:00,17,G:7fdcVgfzp4I,MONTAGEM XONADA,"MXZI, Dj Samir, DJ Javi26",964,https://www.youtube.com/watch?v=pUklUX8ITeo,2
0x41393d95cfe93c2b:0x4a8b989bc26320e7,"Tambov Oblast, Russia",SUBCOUNTRY,2026-03-11T15:26:05.230795+00:00,18,G:7fdcVgfzp4I,MONTAGEM XONADA,"MXZI, Dj Samir, DJ Javi26",1202,https://www.youtube.com/watch?v=pUklUX8ITeo,2
0x413a0ae76c129325:0xffa2891b7835686f,"Lipetsk Oblast, Russia",SUBCOUNTRY,2026-03-11T14:40:12.211092+00:00,16,G:HOZ4HdExXAQ,Банкомат,Dead Blonde,1504,https://www.youtube.com/watch?v=m80jEPGrr7o,14
0x413a148c254aa519:0x59f5f4f6bdea4dca,"Lipetsk, Lipetsk Oblast, Russia",CITY,2026-03-11T14:40:12.828716+00:00,16,G:HOZ4HdExXAQ,Банкомат,Dead Blonde,1366,https://www.youtube.com/watch?v=m80jEPGrr7o,14
0x413b2f5ce874e813:0x48d94c0efba762bd,"Voronezh, Voronezh Oblast, Russia",CITY,2026-03-11T14:52:08.828821+00:00,18,G:2RTjpP3tVoQ,LUA NA PRAÇA,"Dj Samir, DJ Zarek, Dj Duda, LUNxdiE",3637,https://www.youtube.com/watch?v=iLfVnU23E34,11
0x4140e5425fb3fe87:0x102a3a583f197b0,"Penza Oblast, Russia",SUBCOUNTRY,2026-03-11T14:45:47.654941+00:00,18,G:yqMRCYC4bI8,КУПЕР,SQWOZ BAB,1617,https://www.youtube.com/watch?v=s5Et7q6oK5Y,26
0x41410062a40af0d1:0xbaed6ceca1cba901,"Penza, Penza Oblast, Russia",CITY,2026-03-11T14:45:46.294290+00:00,20,G:yqMRCYC4bI8,КУПЕР,SQWOZ BAB,1462,https://www.youtube.com/watch?v=s5Et7q6oK5Y,26
0x41429c334d5602b9:0x102a3a583f198a0,"Ulyanovsk Oblast, Russia",SUBCOUNTRY,2026-03-11T14:51:48.984689+00:00,19,G:yqMRCYC4bI8,КУПЕР,SQWOZ BAB,1645,https://www.youtube.com/watch?v=s5Et7q6oK5Y,26
0x4144080b567650ad:0x69a0cfaaa1416941,"Saransk, Mordovia Republic, Russia",CITY,2026-03-11T14:49:07.761202+00:00,15,G:XoPggZjv5eA,8 миля,"madk1d, Villian",861,https://www.youtube.com/watch?v=N9ZjkSrsZRA,16
0x414425f55e1022f3:0x102a3a583f194e0,"Mordovia Republic, Russia",SUBCOUNTRY,2026-03-11T14:55:33.040286+00:00,15,G:XoPggZjv5eA,8 миля,"madk1d, Villian",861,https://www.youtube.com/watch?v=N9ZjkSrsZRA,16
0x414aa84ee4fedc35:0x1461371650e8e0bd,"Podolsk, Moscow Oblast, Russia",CITY,2026-03-11T14:47:11.171308+00:00,11,G:aGNPWRMInjA,Лопаю Лайки,"Марьяна Локель, SteshOK, Вау Вероника, Макар Давыдов",1255,https://www.youtube.com/watch?v=udtYom0VMnc,13
0x414ab231b0c3c5d9:0x910cb3c03bdef242,"Moscow Oblast, Russia",SUBCOUNTRY,2026-03-11T14:10:24.097681+00:00,15,G:MARYfOdLzYU,Quralay,G'aybulla Tursunov,89826,https://www.youtube.com/watch?v=CRM13i0dEQo,13
0x414ab6250b151c5d:0xcf1852429fc5dd65,"Lyubertsy, Moscow Oblast, Russia",CITY,2026-03-11T14:40:28.876333+00:00,15,G:X5K7OSVS1n4,ANABIOS,"Эндшпиль  , Miyagi, Miyagi & Andy Panda",166,https://www.youtube.com/watch?v=kgLLE6dYr7s,7
0x414ac82c9958e7af:0xb57a3f488cfc4ca,"Moscow, Russia",SUBCOUNTRY,2026-03-11T14:10:24.568615+00:00,16,G:7cPoAJ_M-SI,Уйду,Xcho,315096,https://www.youtube.com/watch?v=wR4k6fzCj2s,2
0x414acc71afc70c31:0x26a24d6ca774c494,"Balashikha, Moscow Oblast, Russia",CITY,2026-03-11T14:32:38.790034+00:00,18,G:7ZAs1XKCZ8w,С неба,"ELMAN, TRIDA",1249,https://www.youtube.com/watch?v=7bZFYu41fsw,63
0x414b1c7e8e89e903:0x2489581359276ac7,"Orekhovo-Zuyevo, Moscow Oblast, Russia",CITY,2026-03-11T14:44:54.575049+00:00,17,G:pA9AtgNFx4o,SAD! (FUNK),"MEMPHX, SEKIMANE",73,https://www.youtube.com/watch?v=t7AhhwLZVzQ,1
0x414c751453a066cf:0xfa08b38c4f7905fa,"Vladimir Oblast, Russia",SUBCOUNTRY,2026-03-11T14:52:05.797702+00:00,19,G:2RTjpP3tVoQ,LUA NA PRAÇA,"Dj Samir, DJ Zarek, Dj Duda, LUNxdiE",2289,https://www.youtube.com/watch?v=iLfVnU23E34,11
0x414c796abd574431:0xa5192737744ddb02,"Vladimir, Vladimir Oblast, Russia",CITY,2026-03-11T14:52:05.793257+00:00,17,G:2RTjpP3tVoQ,LUA NA PRAÇA,"Dj Samir, DJ Zarek, Dj Duda, LUNxdiE",1142,https://www.youtube.com/watch?v=iLfVnU23E34,11
0x414d1423afe9a7c3:0xe25ab9c4547ae2e,"Ivanovo, Ivanovo Oblast, Russia",CITY,2026-03-11T14:39:08.495829+00:00,19,G:9K1vWzqATPc,TIKI TIKI (Slowed),QMIIR,1906,https://www.youtube.com/watch?v=ScMkywEH5JM,16
0x414d6dfcb9d0d42f:0x102a3a583f19660,"Ivanovo Oblast, Russia",SUBCOUNTRY,2026-03-11T14:39:06.460506+00:00,10,G:7ZAs1XKCZ8w,С неба,"ELMAN, TRIDA",3027,https://www.youtube.com/watch?v=7bZFYu41fsw,63
0x415493903ed101ed:0x17d248d01abb5d7b,"Kostroma Oblast, Russia",SUBCOUNTRY,2026-03-11T14:39:39.250151+00:00,20,G:l2xrumgF6P4,MONTAGEM TENTANA - Ultra Slowed,"OTVphonk, ZERTAL",676,https://www.youtube.com/watch?v=qm641jl4gOY,3
0x4159948137c08cb1:0x102a3a583f194d0,"Mari El Republic, Russia",SUBCOUNTRY,2026-03-11T14:55:30.505448+00:00,10,G:BpxlqlBCvYw,speed,dabbackwood,1191,https://www.youtube.com/watch?v=PwEj4Iq1Kzg,12
0x415994cee334e033:0xdaebce5764135883,"Yoshkar-Ola, Mari El Republic, Russia",CITY,2026-03-11T15:26:19.548902+00:00,19,G:lyOGvDvPX8c,днями и ночами,"Bushido Zho, Scally Milano, Полка",893,https://www.youtube.com/watch?v=9QyPtQfTpB4,1
0x415a37f37d16e915:0x7174067761ec11d9,"Cheboksary, Chuvashia Republic, Russia",CITY,2026-03-11T15:25:00.988176+00:00,18,G:9K1vWzqATPc,TIKI TIKI (Slowed),QMIIR,1522,https://www.youtube.com/watch?v=ScMkywEH5JM,16
0x415b0d14030665ff:0x102a3a583f19560,"Chuvashia Republic, Russia",SUBCOUNTRY,2026-03-11T14:54:59.128859+00:00,19,G:ma5fD_LxvUg,Homay,AY YOLA,1762,https://www.youtube.com/watch?v=V88rmlzIp5k,42
0x415d365f8f42b3f5:0x2152ff0847091be4,"Ulyanovsk, Ulyanovsk Oblast, Russia",CITY,2026-03-11T14:51:40.081511+00:00,19,G:yqMRCYC4bI8,КУПЕР,SQWOZ BAB,1537,https://www.youtube.com/watch?v=s5Et7q6oK5Y,26
0x415e44478b90ff69:0x129e2a779de68b68,"Republic of Tatarstan, Russia",SUBCOUNTRY,2026-03-11T14:55:46.582407+00:00,10,G:ma5fD_LxvUg,Homay,AY YOLA,10519,https://www.youtube.com/watch?v=V88rmlzIp5k,42
0x415ead2b7caccd99:0x7fcb77b9b5ad8c65,"Kazan, Republic of Tatarstan, Russia",CITY,2026-03-11T14:39:22.667075+00:00,8,G:ma5fD_LxvUg,Homay,AY YOLA,7692,https://www.youtube.com/watch?v=V88rmlzIp5k,42
0x41605c5672d84245:0xc5e4cdd6efdd5177,"Almetyevsk, Republic of Tatarstan, Russia",CITY,2026-03-11T14:31:55.305751+00:00,15,G:kLq85xSuGpU,ค่ำคืนที่รอแสงสว่าง (Midnight Light) (เพลงประกอบซีรีส์ REVAMP THE UNDEAD STORY),Boun Noppanut,365,https://www.youtube.com/watch?v=xjqUTTal5bY,1
0x416618e22bd879d3:0xba95cda9bb3a030b,"Samara, Samara Oblast, Russia",CITY,2026-03-11T15:26:01.718629+00:00,19,G:9K1vWzqATPc,TIKI TIKI (Slowed),QMIIR,5100,https://www.youtube.com/watch?v=ScMkywEH5JM,16
0x4166195fcf54adbb:0x72ace821464d4d98,"Samara Oblast, Russia",SUBCOUNTRY,2026-03-11T15:26:01.692469+00:00,17,G:ma5fD_LxvUg,Homay,AY YOLA,8704,https://www.youtube.com/watch?v=V88rmlzIp5k,42
0x416878e800ccce15:0xf556927b10d096a,"Tolyatti, Samara Oblast, Russia",CITY,2026-03-11T15:26:01.350368+00:00,19,G:BpxlqlBCvYw,speed,dabbackwood,1362,https://www.youtube.com/watch?v=PwEj4Iq1Kzg,12
0x417bf7b0995fd495:0xdbd8a07200d6a3,"Orenburg, Orenburg Oblast, Russia",CITY,2026-03-11T14:45:01.706257+00:00,13,G:BpxlqlBCvYw,speed,dabbackwood,2267,https://www.youtube.com/watch?v=PwEj4Iq1Kzg,12
0x417dba4c4c15b833:0x104a7ef9dd9fd9c7,"Orenburg Oblast, Russia",SUBCOUNTRY,2026-03-11T14:45:03.882414+00:00,14,G:BpxlqlBCvYw,speed,dabbackwood,3549,https://www.youtube.com/watch?v=PwEj4Iq1Kzg,12
0x4182214bb81c89f9:0xffe03f81724c7c2d,"Aktobe, Aktobe Region, Kazakhstan",CITY,2026-03-11T14:53:36.346250+00:00,19,G:rjZlhZM7KwE,Қарап қоямын,Мұхтар Ханзада,113958,https://www.youtube.com/watch?v=XDgHRhRKsXY,2
0x41849c4b89eefaa3:0x54b8453d4152eef8,"Aktobe Region, Kazakhstan",SUBCOUNTRY,2026-03-11T14:53:34.227724+00:00,19,G:rjZlhZM7KwE,Қарап қоямын,Мұхтар Ханзада,114709,https://www.youtube.com/watch?v=XDgHRhRKsXY,2
0x41a175d6e7253941:0x70e73d63c114004d,"Atyrau Region, Kazakhstan",SUBCOUNTRY,2026-03-11T14:32:29.035159+00:00,20,G:pvsQ79fZ8qE,Umyttyń Ba? (feat. Turar),akimmmich,89846,https://www.youtube.com/watch?v=fHzaJNkwmx4,4
0x41a3ea26f5b2dd0d:0x3e4a125c0e268d2d,"Atyrau, Atyrau Region, Kazakhstan",CITY,2026-03-11T14:32:21.410173+00:00,19,G:pvsQ79fZ8qE,Umyttyń Ba? (feat. Turar),akimmmich,86827,https://www.youtube.com/watch?v=fHzaJNkwmx4,4
0x41a90584a786c9ed:0x5a2144fabe5dcac2,"Astrakhan, Astrakhan Oblast, Russia",CITY,2026-03-11T14:32:19.283051+00:00,10,G:7HdnfBq__dU,Aldyň aryňy,Resool,3111,https://www.youtube.com/watch?v=JjY0y-iLZ4g,2
0x41b197e4b456f43d:0xb6bbc976b4257e4c,"Mangystau Region, Kazakhstan",SUBCOUNTRY,2026-03-11T14:55:26.824018+00:00,20,G:QsjJ4mvI0io,La la,BAYANSULU,80957,https://www.youtube.com/watch?v=cNDhpfVBO8k,2
0x41b42c15ecb548bd:0x923f906f97276ef6,"Mangystau o., KZ",SUBCOUNTRY,2026-03-11T14:56:41.469133+00:00,15,G:QsjJ4mvI0io,La la,BAYANSULU,1908,https://www.youtube.com/watch?v=cNDhpfVBO8k,2
0x41b4321732bc75d7:0x7614e1e6630a7769,"Aktau, Mangystau Region, Kazakhstan",CITY,2026-03-11T14:31:55.019644+00:00,16,G:5BXp0JIEFec,Melodrama,Sadraddin,67377,https://www.youtube.com/watch?v=4GMma91oyXk,5
0x41f1f02897471fd3:0x453d2ed54025be6d,"Kyzylorda Region, Kazakhstan",SUBCOUNTRY,2026-03-11T14:39:46.656022+00:00,19,G:AAyEhkdV2VI,Әтір,MYNBAY,68988,https://www.youtube.com/watch?v=Lc9-sa-8Q70,2
0x41f7fde03751d779:0x8f2323e48cb1e04b,"Kyzylorda, Kyzylorda Region, Kazakhstan",CITY,2026-03-11T14:39:47.645518+00:00,18,G:AAyEhkdV2VI,Әтір,MYNBAY,62682,https://www.youtube.com/watch?v=Lc9-sa-8Q70,2
0x4200d435a82afb6d:0xd067851a142534da,"Turkistan Region, Kazakhstan",SUBCOUNTRY,2026-03-11T14:53:45.334168+00:00,19,G:pvsQ79fZ8qE,Umyttyń Ba? (feat. Turar),akimmmich,74447,https://www.youtube.com/watch?v=fHzaJNkwmx4,4
0x42326a0c7be5d78b:0x34d1271861a19c1a,"Kostanay Region, Kazakhstan",SUBCOUNTRY,2026-03-11T14:39:42.660127+00:00,18,G:6hjp34Lnt_A,Жизнь игра,EMIN,32111,https://www.youtube.com/watch?v=fVayEkeYMG4,4
0x4243465ad22d0559:0xa90b6be0d244d433,"Karaganda, Karaganda Region, Kazakhstan",CITY,2026-03-11T14:53:37.640854+00:00,20,G:tyIMLQRmDAE,Сен 18 едің,Nurbullin,56026,https://www.youtube.com/watch?v=qr3Tbynrpgc,4
0x42434f28965d32cf:0x52a687a1d47002ef,"Karaganda Region, Kazakhstan",SUBCOUNTRY,2026-03-11T14:53:36.081560+00:00,19,G:G5duEyDOCY4,Әдемі,AI Әнші,72215,https://www.youtube.com/watch?v=ATF_901FOAk,11
0x424580c47db54609:0x97f9148dddb19228,"Astana, Kazakhstan",CITY,2026-03-11T14:32:25.949528+00:00,15,G:G5duEyDOCY4,Әдемі,AI Әнші,216135,https://www.youtube.com/watch?v=ATF_901FOAk,11
0x424939faf7b8e311:0xf1cb4f93d7b5ad2e,"Akmola Region, Kazakhstan",SUBCOUNTRY,2026-03-11T14:54:40.584659+00:00,14,G:6hjp34Lnt_A,Жизнь игра,EMIN,57190,https://www.youtube.com/watch?v=fVayEkeYMG4,4
0x424c94603f492e57:0x881922d6d7545413,"Kokshetau, Akmola Region, Kazakhstan",CITY,2026-03-11T14:39:34.460774+00:00,14,G:6hjp34Lnt_A,Жизнь игра,EMIN,12246,https://www.youtube.com/watch?v=fVayEkeYMG4,4
0x427effd42561334f:0xcb08c6315b959430,"Taldykorgan, Jetisu Region, Kazakhstan",CITY,2026-03-11T14:51:04.475238+00:00,17,G:5BXp0JIEFec,Melodrama,Sadraddin,13043,https://www.youtube.com/watch?v=4GMma91oyXk,5
0x428b7dd9c5c1437f:0xa0cc1abeed6830d8,"Shygys Kazakstan o., KZ",SUBCOUNTRY,2026-03-11T14:56:26.589984+00:00,20,G:tyIMLQRmDAE,Сен 18 едің,Nurbullin,43129,https://www.youtube.com/watch?v=qr3Tbynrpgc,4
0x42d0a8b3c19b937d:0x3b6dba6a186a1407,"Prokopyevsk, Kemerovo Oblast, Russia",CITY,2026-03-11T14:39:23.156302+00:00,20,G:GSNnJCCVUw4,Само Собой,Artur Pirozhkov,1126,https://www.youtube.com/watch?v=c-eBWR_Mzbo,1
0x42d0c05757229ee5:0x230e697c7a7cd940,"Novokuznetsk, Kemerovo Oblast, Russia",CITY,2026-03-11T14:39:24.427657+00:00,19,G:aGNPWRMInjA,Лопаю Лайки,"Марьяна Локель, SteshOK, Вау Вероника, Макар Давыдов",3070,https://www.youtube.com/watch?v=udtYom0VMnc,13
0x42d2d5da21f419a9:0x4f8c945548759b27,"Republic of Khakassia, Russia",SUBCOUNTRY,2026-03-11T14:55:43.737174+00:00,20,G:hG0MWQuWvkY,Wrong Side Out,CG5,826,https://www.youtube.com/watch?v=lsndkQuEwaM,31
0x42d76c659d1998bb:0x55069fa8ccee62f8,"Kemerovo Oblast, Russia",SUBCOUNTRY,2026-03-11T14:10:24.182530+00:00,16,G:7O-yX5XVu74,Под Новый Год,"Betsy, Ded M",19638,https://www.youtube.com/watch?v=eiyp-jm_psc,5
0x42d80bb9c031ef8f:0xbf65b4b18a71364e,"Kemerovo, Kemerovo Oblast, Russia",CITY,2026-03-11T14:39:23.574934+00:00,16,G:7O-yX5XVu74,Под Новый Год,"Betsy, Ded M",8335,https://www.youtube.com/watch?v=eiyp-jm_psc,5
0x42dda1e8c72eeeab:0xb0e7bbef8d87b503,"Barnaul, Altai Krai, Russia",CITY,2026-03-11T14:32:45.457981+00:00,20,G:-kH5Tf0SrKI,Mono (feat. Skaiwater),i-dle,2919,https://www.youtube.com/watch?v=DYgE3SGPEqk,16
0x42dfe5e190cc4d97:0x9b3a0673e1d3e985,"Novosibirsk, Novosibirsk Oblast, Russia",CITY,2026-03-11T14:10:28.681762+00:00,18,G:unB6rY3Q3B4,Взгляни на небо,Galibri & Mavik,11329,https://www.youtube.com/watch?v=Sxwc6vxA4BY,27
0x42e7d4873e2241ff:0xee7f02708d6c3bd5,"Altai Krai, Russia",SUBCOUNTRY,2026-03-11T14:54:49.790350+00:00,19,G:_2fxVyjapro,Не люби меня,"CHEPIKK, Холла",4297,https://www.youtube.com/watch?v=wSGwmjxzDak,50
0x42f2648e149b7d9f:0x1e5a1db29895c3cf,"Semey, Abai Region, Kazakhstan",CITY,2026-03-11T14:49:34.002904+00:00,13,G:r57vRmvWmYM,Жүрек неге жылайды,Aikerim Kalaubaeva,19824,https://www.youtube.com/watch?v=oQxkazcPLCo,20
0x42f8053bf36d32d9:0xb6ff483494de5aa7,"Pavlodar Region, Kazakhstan",SUBCOUNTRY,2026-03-11T14:45:45.553701+00:00,13,G:EKdeQjuAqtE,Чегери,SHAMO,48455,https://www.youtube.com/watch?v=aatJMcuGdpg,12
0x42f9cad6074f811d:0x480e9e038c41819b,"Pavlodar, Pavlodar Region, Kazakhstan",CITY,2026-03-11T14:45:39.833212+00:00,13,G:EKdeQjuAqtE,Чегери,SHAMO,42939,https://www.youtube.com/watch?v=aatJMcuGdpg,12
0x431d8d815369f773:0xdf986d768906533c,"Novosibirsk Oblast, Russia",SUBCOUNTRY,2026-03-11T14:44:27.090895+00:00,20,G:unB6rY3Q3B4,Взгляни на небо,Galibri & Mavik,12349,https://www.youtube.com/watch?v=Sxwc6vxA4BY,27
0x432693b2b65d4c1b:0xcf0bf11d988ae72f,"Tomsk, Tomsk Oblast, Russia",CITY,2026-03-11T15:26:12.234612+00:00,15,G:R6eJwQUZPJo,ループザルーム (feat. Hatsune Miku),rusino,2392,https://www.youtube.com/watch?v=icBDYkfxpMs,44
0x433d46529a5f5ffd:0x9e79072c2d04c318,"Tomsk Oblast, Russia",SUBCOUNTRY,2026-03-11T15:26:12.288527+00:00,18,G:XoPggZjv5eA,8 миля,"madk1d, Villian",2458,https://www.youtube.com/watch?v=N9ZjkSrsZRA,16
0x436d3ea933d05687:0xd611216bd7fa542d,"Nizhnevartovsk, Khanty-Mansi Autonomous Okrug, Russia",CITY,2026-03-11T14:43:57.036614+00:00,18,G:l2xrumgF6P4,MONTAGEM TENTANA - Ultra Slowed,"OTVphonk, ZERTAL",858,https://www.youtube.com/watch?v=qm641jl4gOY,3
0x436fa2ce334363b7:0xff8a2e7f814d6722,"Noyabrsk, Yamalo-Nenets Autonomous Okrug, Russia",CITY,2026-03-11T14:44:15.247726+00:00,13,G:81kwS9KsMus,"Don’t Let Me Fade (Aemeath ""Wuthering Waves"")",Rapto Co,144,https://www.youtube.com/watch?v=2krFWoJifqc,1
0x4371384985557f1f:0x3692f8559c8ad8d,"Khanty-Mansi Autonomous Okrug, Russia",SUBCOUNTRY,2026-03-11T14:55:18.057162+00:00,17,G:hG0MWQuWvkY,Wrong Side Out,CG5,4669,https://www.youtube.com/watch?v=lsndkQuEwaM,31
0x43739773194f954d:0x231da0789201f147,"Surgut, Khanty-Mansi Autonomous Okrug, Russia",CITY,2026-03-11T14:50:39.804132+00:00,18,G:hG0MWQuWvkY,Wrong Side Out,CG5,2053,https://www.youtube.com/watch?v=lsndkQuEwaM,31
0x43746534b31d6c19:0xc0beed20f0c0c930,"Nefteyugansk, Khanty-Mansi Autonomous Okrug, Russia",CITY,2026-03-11T14:43:22.978507+00:00,12,G:eiQ7_9CsxI8,На своей волне,Netsignala,289,https://www.youtube.com/watch?v=E-jwXogFx0Y,1
0x4394fdcb9c882475:0x9318513e528e7938,"Sverdlovsk Oblast, Russia",SUBCOUNTRY,2026-03-11T14:55:57.723139+00:00,18,G:ma5fD_LxvUg,Homay,AY YOLA,13555,https://www.youtube.com/watch?v=V88rmlzIp5k,42
0x43a432784a5fd837:0x103c6af52459890,"Tyumen Oblast, Russia",SUBCOUNTRY,2026-03-11T14:51:53.165610+00:00,20,G:R6eJwQUZPJo,ループザルーム (feat. Hatsune Miku),rusino,4630,https://www.youtube.com/watch?v=icBDYkfxpMs,44
0x43a9ed1acf4f5be9:0x80dcec7becf3329,"Omsk Oblast, Russia",SUBCOUNTRY,2026-03-11T14:45:00.500761+00:00,20,G:7ZAs1XKCZ8w,С неба,"ELMAN, TRIDA",4351,https://www.youtube.com/watch?v=7bZFYu41fsw,63
0x43aafde2f601090b:0x5eefc33861a69b1a,"Omsk, Omsk Oblast, Russia",CITY,2026-03-11T14:44:52.970666+00:00,20,G:7ZAs1XKCZ8w,С неба,"ELMAN, TRIDA",4178,https://www.youtube.com/watch?v=7bZFYu41fsw,63
0x43b23a383d9aa3dd:0x5349226c95938f6f,"Petropavl, North Kazakhstan Region, Kazakhstan",CITY,2026-03-11T14:45:55.848796+00:00,9,G:TjoFN2b3n8A,Цыганка нагадала,Artem Smile,18252,https://www.youtube.com/watch?v=H4VEldZvrKM,2
0x43b3976f45d5b29b:0x961e3e41d1ae13f5,"North Kazakhstan Region, Kazakhstan",SUBCOUNTRY,2026-03-11T14:55:36.372217+00:00,12,G:TjoFN2b3n8A,Цыганка нагадала,Artem Smile,19426,https://www.youtube.com/watch?v=H4VEldZvrKM,2
0x43b797e8d129f80d:0x7a4dc3deb1b1c62b,"Kurgan Oblast, Russia",SUBCOUNTRY,2026-03-11T14:39:49.566520+00:00,8,G:BpxlqlBCvYw,speed,dabbackwood,1037,https://www.youtube.com/watch?v=PwEj4Iq1Kzg,12
0x43b7bea17987e3d5:0xd7081878372ea422,"Kurgan, Kurgan Oblast, Russia",CITY,2026-03-11T14:39:43.573821+00:00,18,G:Qe1cGVmsJ4I,1-800 (feat. Ironmouse),"​bbno$, Ironmouse",698,https://www.youtube.com/watch?v=6Ro7NubzE9A,2
0x43bbe15d51a3b8c7:0x9b137b6a2aa36793,"Tyumen, Tyumen Oblast, Russia",CITY,2026-03-11T14:51:31.798892+00:00,19,G:R6eJwQUZPJo,ループザルーム (feat. Hatsune Miku),rusino,4225,https://www.youtube.com/watch?v=icBDYkfxpMs,44
0x43c165eaa062db4b:0xd50243d7f7567f20,"Yekaterinburg, Sverdlovsk Oblast, Russia",CITY,2026-03-11T14:10:32.642068+00:00,11,G:ma5fD_LxvUg,Homay,AY YOLA,9929,https://www.youtube.com/watch?v=V88rmlzIp5k,42
0x43c592cb104a3a8d:0xef224a2a6d1711bf,"Chelyabinsk, Chelyabinsk Oblast, Russia",CITY,2026-03-11T15:25:01.007440+00:00,15,G:ma5fD_LxvUg,Homay,AY YOLA,6592,https://www.youtube.com/watch?v=V88rmlzIp5k,42
0x43cc8a662ee7f78f:0xa4dfac1400644b03,"Kostanay, Kostanay Region, Kazakhstan",CITY,2026-03-11T14:39:39.075716+00:00,15,G:IlSTRmoS_j0,Zhurek (Isko Alvarez remix),Adam,26500,https://www.youtube.com/watch?v=N3onZdIIPh0,12
0x43d02378ed7f2e79:0x103c6af524598b0,"Chelyabinsk Oblast, Russia",SUBCOUNTRY,2026-03-11T15:25:01.130309+00:00,16,G:ma5fD_LxvUg,Homay,AY YOLA,9081,https://www.youtube.com/watch?v=V88rmlzIp5k,42
0x43d12593a4f92e4f:0xdcb8574965828068,"Magnitogorsk, Chelyabinsk Oblast, Russia",CITY,2026-03-11T15:25:01.229041+00:00,19,G:ma5fD_LxvUg,Homay,AY YOLA,778,https://www.youtube.com/watch?v=V88rmlzIp5k,42
0x43d81034af987c9b:0x21a735497b8fc4c2,"Sterlitamak, Republic of Bashkortostan, Russia",CITY,2026-03-11T14:50:11.287767+00:00,20,G:ijSnAGEAL8M,MONTAGEM ECLIPSE,DJ FKU,534,https://www.youtube.com/watch?v=lGTDl6gmj1Y,1
0x43d93a259216bce1:0xaceec0921eda92cc,"Ufa, Republic of Bashkortostan, Russia",CITY,2026-03-11T14:51:34.794111+00:00,8,G:ma5fD_LxvUg,Homay,AY YOLA,8628,https://www.youtube.com/watch?v=V88rmlzIp5k,42
0x43d9b405559447fd:0x703c8a5a54345434,"Republic of Bashkortostan, Russia",SUBCOUNTRY,2026-03-11T14:55:47.417670+00:00,8,G:ma5fD_LxvUg,Homay,AY YOLA,12224,https://www.youtube.com/watch?v=V88rmlzIp5k,42
0x43e01e3e87f7dc75:0xa03e7192c4e35810,"Naberezhnye Chelny, Republic of Tatarstan, Russia",CITY,2026-03-11T14:42:34.555986+00:00,15,G:5YElWCDPbOA,СВЕТЛАНА!,NEXTIME,1170,https://www.youtube.com/watch?v=KLbkyunVsnY,67
0x43e13920148e2bb1:0xa7e1eb248097e152,"Izhevsk, Udmurt Republic, Russia",CITY,2026-03-11T14:39:04.430695+00:00,15,G:XoPggZjv5eA,8 миля,"madk1d, Villian",2456,https://www.youtube.com/watch?v=N9ZjkSrsZRA,16
0x43e3e2af724d4051:0x102a3a583f19530,"Udmurt Republic, Russia",SUBCOUNTRY,2026-03-11T14:56:00.227470+00:00,11,G:-kH5Tf0SrKI,Mono (feat. Skaiwater),i-dle,3286,https://www.youtube.com/watch?v=DYgE3SGPEqk,16
0x43e8c6e1d886f20b:0x9b4aca02b87a8a0e,"Perm, Perm Krai, Russia",CITY,2026-03-11T14:45:42.857042+00:00,12,G:-kH5Tf0SrKI,Mono (feat. Skaiwater),i-dle,5605,https://www.youtube.com/watch?v=DYgE3SGPEqk,16
0x43ea64ba1a37ebe7:0xc9f97dc521381f32,"Nizhny Tagil, Sverdlovsk Oblast, Russia",CITY,2026-03-11T14:55:58.164382+00:00,15,G:2RTjpP3tVoQ,LUA NA PRAÇA,"Dj Samir, DJ Zarek, Dj Duda, LUNxdiE",913,https://www.youtube.com/watch?v=iLfVnU23E34,11
0x43ef01d77b58acd5:0x102a3a583f197c0,"Perm Krai, Russia",SUBCOUNTRY,2026-03-11T14:45:47.851088+00:00,9,G:-kH5Tf0SrKI,Mono (feat. Skaiwater),i-dle,7805,https://www.youtube.com/watch?v=DYgE3SGPEqk,16
0x43fc9244e1a0d639:0xe7b4f591f6cea88a,"Kirov Oblast, Russia",SUBCOUNTRY,2026-03-11T14:39:33.021199+00:00,13,G:XoPggZjv5eA,8 миля,"madk1d, Villian",1848,https://www.youtube.com/watch?v=N9ZjkSrsZRA,16
0x43fcf680a90e78c1:0x6b282355c23fe067,"Kirov, Kirov Oblast, Russia",CITY,2026-03-11T14:39:32.607368+00:00,16,G:R1ygCUbusfE,Гикаю,Платина,1363,https://www.youtube.com/watch?v=Fy4MmxxLFnI,3
0x4409d5869da690ff:0x587b38d534ce298a,"Syktyvkar, Komi Republic, Russia",CITY,2026-03-11T14:50:45.494074+00:00,1,G:YxyMY-6JTZk,Valhalla Calling (feat. Peyton Parrish),Miracle of Sound,7217,https://www.youtube.com/watch?v=tG7fk_DUz5g,2
0x441833f755c232e1:0x403eec437ac89a31,"Arkhangelsk, Arkhangelsk Oblast, Russia",CITY,2026-03-11T14:32:13.256387+00:00,14,G:HOZ4HdExXAQ,Банкомат,Dead Blonde,903,https://www.youtube.com/watch?v=m80jEPGrr7o,14
0x441a6049e61899b1:0x102a3a583f195e0,"Arkhangelsk Oblast, Russia",SUBCOUNTRY,2026-03-11T14:32:23.064829+00:00,18,G:IzgCPqFNQ0k,MONTAGEM DOMER (Ultra Slowed),"Paizo, DJ LXILL, DJ Fallthox",1499,https://www.youtube.com/watch?v=pJmHtFtvkY0,9
0x4420bc810d4b716d:0x102a3a583f194b0,"Republic of Karelia, Russia",SUBCOUNTRY,2026-03-11T14:55:51.304178+00:00,18,G:HOZ4HdExXAQ,Банкомат,Dead Blonde,924,https://www.youtube.com/watch?v=m80jEPGrr7o,14
0x4430c49e993ad601:0x102a3a583f19740,"Murmansk Oblast, Russia",SUBCOUNTRY,2026-03-11T14:42:32.075022+00:00,20,G:vj9NGkV3YrY,Можно я с тобой,AP$ENT,1276,https://www.youtube.com/watch?v=DJPekxRZ7UQ,8
0x44341030ed0c22d5:0x98c6ba30cbc321a5,"Murmansk, Murmansk Oblast, Russia",CITY,2026-03-11T14:42:21.926016+00:00,19,G:vj9NGkV3YrY,Можно я с тобой,AP$ENT,806,https://www.youtube.com/watch?v=DJPekxRZ7UQ,8
0x4474d645a80dbab7:0x282e62d179490286,"Ukhta, Komi Republic, Russia",CITY,2026-03-11T14:51:35.429750+00:00,3,G:hUsNCixJSss,Hundred Miles,"Yall, Gabriela Richardson",422,https://www.youtube.com/watch?v=9hmd7of42DM,1
0x4475b8cd9d17ae4b:0x102a3a583f194c0,"Komi Republic, Russia",SUBCOUNTRY,2026-03-11T14:55:18.632920+00:00,1,G:YxyMY-6JTZk,Valhalla Calling (feat. Peyton Parrish),Miracle of Sound,7540,https://www.youtube.com/watch?v=tG7fk_DUz5g,2
0x449ea73ebebdb1db:0x103c6af524599a0,"Yamalo-Nenets Autonomous Okrug, Russia",SUBCOUNTRY,2026-03-11T14:56:09.524807+00:00,16,G:rYRYQQFOzTM,stalk ur socials,s0rrow,1135,https://www.youtube.com/watch?v=Cj6CYmRnZ_E,3
0x44e18982d998e6f5:0x7207a2f27b8ce110,"Norrbotten County, Sweden",SUBCOUNTRY,2026-03-11T14:55:34.572154+00:00,17,G:WWXQdfkT4yY,Banan Melon Kiwi & Citron,Hooja,2017,https://www.youtube.com/watch?v=LI5P5qTpX0E,6
0x453c569a896724fb:0x1409fdf86611f613,Russia,COUNTRY,2026-03-11T14:10:22.935784+00:00,20,G:9K1vWzqATPc,TIKI TIKI (Slowed),QMIIR,733164,https://www.youtube.com/watch?v=ScMkywEH5JM,16
0x45d8078a3498ab3d:0xb36b42b5a1c0fcfa,"Stockholm County, Sweden",SUBCOUNTRY,2026-03-11T14:10:57.326902+00:00,19,G:FH-6Wcm6u0k,Waka Waka (This Time for Africa) (feat. Freshlyground),Shakira,54503,https://www.youtube.com/watch?v=pRpeEdMmmQ0,28
0x4611541dd7c6c259:0x9e44539d45c7635a,"Møre og Romsdal, Norway",SUBCOUNTRY,2026-03-11T14:09:30.024926+00:00,7,G:aT0VkUGwQFs,Friskis,"Kjartan Lauritzen, Astrid S",4751,https://www.youtube.com/watch?v=dLSXt6DmrLc,4
0x461268458f4de5bf:0xa1b03b9db864d02b,Norway,COUNTRY,2026-03-11T14:09:31.499959+00:00,13,G:aT0VkUGwQFs,Friskis,"Kjartan Lauritzen, Astrid S",88195,https://www.youtube.com/watch?v=dLSXt6DmrLc,4
0x463a353f2adcd70b:0xe0061cba0b0cc0bc,"Rogaland, Norway",SUBCOUNTRY,2026-03-11T14:09:30.536211+00:00,15,G:fwr-Z2sKLks,Hånd i hånd,Tobias Sten,7504,https://www.youtube.com/watch?v=iTIO96WVOKs,1
0x464080c70c68c07b:0x301772628b31c70,"Buskerud, Norway",SUBCOUNTRY,2026-03-11T14:09:26.543489+00:00,15,G:aT0VkUGwQFs,Friskis,"Kjartan Lauritzen, Astrid S",3820,https://www.youtube.com/watch?v=dLSXt6DmrLc,4
0x46416dc2990812bd:0x106cea03b8540a79,"Oslo, Norway",SUBCOUNTRY,2026-03-11T14:09:25.524040+00:00,19,G:S09mmFXlWfE,scared,"Fred again.., Young Thug",17346,https://www.youtube.com/watch?v=1vVq73py_u8,1
0x46416e61f267f039:0x7e92605fd3231e9a,"Oslo, Oslo, Norway",CITY,2026-03-11T14:09:27.615251+00:00,3,G:srr8ubVPtYg,Badebussen (feat. Kjartan Lauritzen),DJ MøMø,3631,https://www.youtube.com/watch?v=5ChxDvI9Sbk,6
0x46417e96a59b1529:0x300e5a141891c30,"Akershus, Norway",SUBCOUNTRY,2026-03-11T14:09:29.903546+00:00,8,G:bx_htFsjhAs,Superhelten Bjørnis,Brannbamsen Bjørnis,11400,https://www.youtube.com/watch?v=vZsGQQPwOrU,6
0x4643127077d49d87:0x79eb650ba2435149,"Varmland County, Sweden",SUBCOUNTRY,2026-03-11T14:56:03.467977+00:00,19,G:vgBXcnRJEZ8,Timber,"Pitbull, Kesha",2226,https://www.youtube.com/watch?v=hHUbLv4ThOo,8
0x4643e36f4f903e25:0x7c1823d7a7705b38,"Østfold, Norway",SUBCOUNTRY,2026-03-11T14:09:25.546048+00:00,19,G:MARYfOdLzYU,Quralay,G'aybulla Tursunov,7309,https://www.youtube.com/watch?v=CRM13i0dEQo,13
0x4645337b51fe1295:0x3019078290e8b70,"Västra Götaland County, Sweden",SUBCOUNTRY,2026-03-11T14:10:58.794759+00:00,19,G:OtMEbStWENQ,Lights Burn Dimmer,"Fred again.., Jamie T",23628,https://www.youtube.com/watch?v=uc5NSUrnF70,15
0x4645ce8e45728423:0x7e7e3f7424b77fad,"Örebro County, Sweden",SUBCOUNTRY,2026-03-11T14:18:35.799349+00:00,19,G:vgBXcnRJEZ8,Timber,"Pitbull, Kesha",2761,https://www.youtube.com/watch?v=hHUbLv4ThOo,8
0x464925be9433a175:0x300afc9aca85420,"North Denmark Region, Denmark",SUBCOUNTRY,2026-03-11T14:05:07.885512+00:00,19,G:Hg8UTXe67pc,Det Modsatte,Mumle,6183,https://www.youtube.com/watch?v=mjUGJPkumhQ,2
0x464933b25fdf3d0d:0x4eb1b46a2eec26c3,"Aalborg, North Denmark Region, Denmark",CITY,2026-03-11T15:23:38.897621+00:00,19,G:FhMsSCO27_k,Hele Vejen (feat. Mumle),Omar,1713,https://www.youtube.com/watch?v=1U-T0gj8kA0,16
0x464b20a619e30ce9:0xdde847ab4e4ae9d1,"Esbjerg, Region of Southern Denmark, Denmark",CITY,2026-03-11T15:23:37.683038+00:00,20,G:Hg8UTXe67pc,Det Modsatte,Mumle,1120,https://www.youtube.com/watch?v=mjUGJPkumhQ,2
0x464b27b6ee945ffb:0x528743d0c3e092cd,Denmark,COUNTRY,2026-03-11T14:05:07.903582+00:00,14,G:FhMsSCO27_k,Hele Vejen (feat. Mumle),Omar,113289,https://www.youtube.com/watch?v=1U-T0gj8kA0,16
0x464b8b31851a884f:0x301ff15a89742d9,"Silkeborg, Central Denmark Region, Denmark",CITY,2026-03-11T14:49:41.963165+00:00,11,G:OpR4OAlXKMQ,(Tak For I Dag),The Minds of 99,1149,https://www.youtube.com/watch?v=Ui9wenSZB6I,1
0x464bbc714b8023fd:0xf28a7b6f870ac86a,"Herning, Central Denmark Region, Denmark",CITY,2026-03-11T14:38:02.530895+00:00,20,G:O6C0Y-ocy0M,Vi Vil Ikk’ Ha’ Mobning,"Nathaniel, MGP",707,https://www.youtube.com/watch?v=niDq9yz8cvo,1
0x464c032473598d31:0x3ff34e9f198c9753,"Randers, Central Denmark Region, Denmark",CITY,2026-03-11T14:05:07.799201+00:00,11,G:RFnie7aFyhQ,Gol Gol,Mista Baaz,1371,https://www.youtube.com/watch?v=yixlw6ZhB3I,7
0x464c0f667b950075:0x300afc9aca85430,"Central Denmark Region, Denmark",SUBCOUNTRY,2026-03-11T15:23:37.872551+00:00,18,G:DUs5ejQP3ic,Skyklapper,Rosa,26245,https://www.youtube.com/watch?v=G_pNkUpiDys,5
0x464c4cb15397788b:0x8c4dd7d9912ea2af,"Aarhus, Central Denmark Region, Denmark",CITY,2026-03-11T15:23:35.378652+00:00,14,G:jKPQc1smpZU,igen & igen (feat. One Two),Gobs,10252,https://www.youtube.com/watch?v=NWtPc0I0rsc,2
0x464c6057ec156aad:0xf53d639a8ddcf9c6,"Horsens, Central Denmark Region, Denmark",CITY,2026-03-11T14:38:14.143534+00:00,8,G:RFnie7aFyhQ,Gol Gol,Mista Baaz,1386,https://www.youtube.com/watch?v=yixlw6ZhB3I,7
0x464c825188b5ada1:0xcc294fc2313d5510,"Vejle, Region of Southern Denmark, Denmark",CITY,2026-03-11T15:24:56.081304+00:00,9,G:RFnie7aFyhQ,Gol Gol,Mista Baaz,1157,https://www.youtube.com/watch?v=yixlw6ZhB3I,7
0x464c9a751a58136b:0xc981ee88c9488cd3,"Fredericia, Region of Southern Denmark, Denmark",CITY,2026-03-11T15:24:56.005446+00:00,8,G:1uGTiJhDzUo,Enter Sandman,Metallica,1257,https://www.youtube.com/watch?v=CD-E-LDc384,1
0x464ca02a01dd95a9:0xea8de3fa6eefccfd,"Kolding, Region of Southern Denmark, Denmark",CITY,2026-03-11T15:24:55.097609+00:00,15,G:bCm3ax6MnHg,En drøm om et menneske,Aphaca,851,https://www.youtube.com/watch?v=Ol4lvIWBFT8,17
0x464ca5ab01974717:0x300afc9aca85440,"Region of Southern Denmark, Denmark",SUBCOUNTRY,2026-03-11T15:23:36.583955+00:00,20,G:DUs5ejQP3ic,Skyklapper,Rosa,15275,https://www.youtube.com/watch?v=G_pNkUpiDys,5
0x464cd935429724c1:0x3b1e34d53b2ff5ec,"Odense, Region of Southern Denmark, Denmark",CITY,2026-03-11T15:23:38.100696+00:00,19,G:jKPQc1smpZU,igen & igen (feat. One Two),Gobs,4518,https://www.youtube.com/watch?v=NWtPc0I0rsc,2
0x464d783fe43b503f:0xbd47a217e2b7f0e1,"Skåne County, Sweden",SUBCOUNTRY,2026-03-11T14:11:02.251217+00:00,19,G:8YfRpEMBKoo,Rakt in i elden,Brandsta City Släckers,20635,https://www.youtube.com/watch?v=2q1h-8hkwBA,17
0x464f8e67966c073f:0x4019078290e7c40,"Gothenburg, Västra Götaland County, Sweden",CITY,2026-03-11T14:11:00.416914+00:00,18,G:OtMEbStWENQ,Lights Burn Dimmer,"Fred again.., Jamie T",15000,https://www.youtube.com/watch?v=uc5NSUrnF70,15
0x464fe8a14483f32b:0x6a4a338fc839c84b,"Halland County, Sweden",SUBCOUNTRY,2026-03-11T14:55:06.176852+00:00,20,G:dOe4aESQ7ek,Que Sera,Medina,2596,https://www.youtube.com/watch?v=03PFiB-esyE,2
0x465105d7635db347:0x6dbef716017039f8,"Halmstad, Halland County, Sweden",CITY,2026-03-11T14:37:22.692058+00:00,17,G:4GTwi2clWMI,Annan Galax,Asme,1021,https://www.youtube.com/watch?v=cg98qdkymys,1
0x46522d7a50a22925:0x4019078290e7a90,"Helsingborg, Skåne County, Sweden",CITY,2026-03-11T14:30:42.448226+00:00,20,G:FH-6Wcm6u0k,Waka Waka (This Time for Africa) (feat. Freshlyground),Shakira,2169,https://www.youtube.com/watch?v=pRpeEdMmmQ0,28
0x4652533c5c803d23:0x4dd7edde69467b8,"Copenhagen, Capital Region of Denmark, Denmark",CITY,2026-03-11T14:05:22.919429+00:00,10,G:FhMsSCO27_k,Hele Vejen (feat. Mumle),Omar,40082,https://www.youtube.com/watch?v=1U-T0gj8kA0,16
0x465253b929c649ed:0xbd1fdce84f817e82,"Frederiksberg, Capital Region of Denmark, Denmark",CITY,2026-03-11T14:36:35.614568+00:00,17,G:RFnie7aFyhQ,Gol Gol,Mista Baaz,696,https://www.youtube.com/watch?v=yixlw6ZhB3I,7
0x46525421805867bd:0x46039cea76ad3621,"Hvidovre, Capital Region of Denmark, Denmark",CITY,2026-03-11T14:38:31.164871+00:00,11,G:RFnie7aFyhQ,Gol Gol,Mista Baaz,815,https://www.youtube.com/watch?v=yixlw6ZhB3I,7
0x46525fc995012f29:0xa00afcc1d507710,"Roskilde, Region Zealand, Denmark",CITY,2026-03-11T15:25:55.294605+00:00,13,G:X7st1r0XDo0,Babydoll,Dominic Fike,759,https://www.youtube.com/watch?v=UnuEzP1rDLY,3
0x4652962a9e3392a5:0x300afc9aca85460,"Region Zealand, Denmark",SUBCOUNTRY,2026-03-11T14:05:08.337822+00:00,18,G:FhMsSCO27_k,Hele Vejen (feat. Mumle),Omar,10524,https://www.youtube.com/watch?v=1U-T0gj8kA0,16
0x4652b971c98cdea1:0x9eabd8ae4dedc6f2,"Næstved, Region Zealand, Denmark",CITY,2026-03-11T14:42:38.032055+00:00,18,G:FhMsSCO27_k,Hele Vejen (feat. Mumle),Omar,786,https://www.youtube.com/watch?v=1U-T0gj8kA0,16
0x4652f7e2b1572ab3:0xfcfc8cf3ee88b568,"Greve Strand, Region Zealand, Denmark",CITY,2026-03-11T14:37:07.078635+00:00,18,G:RFnie7aFyhQ,Gol Gol,Mista Baaz,427,https://www.youtube.com/watch?v=yixlw6ZhB3I,7
0x465305a574c491ff:0xd3a905dfbd4888e5,"Malmö, Skåne County, Sweden",CITY,2026-03-11T14:10:59.879916+00:00,18,G:8YfRpEMBKoo,Rakt in i elden,Brandsta City Släckers,9931,https://www.youtube.com/watch?v=2q1h-8hkwBA,17
0x465386a5e163ca6f:0x300afc9aca85450,"Capital Region of Denmark, Denmark",SUBCOUNTRY,2026-03-11T14:05:06.141933+00:00,12,G:FhMsSCO27_k,Hele Vejen (feat. Mumle),Omar,49376,https://www.youtube.com/watch?v=1U-T0gj8kA0,16
0x4653907c03e75a3b:0x4019078290e7a70,"Lund, Skåne County, Sweden",CITY,2026-03-11T14:30:41.756971+00:00,6,G:6H6cnwzCfv8,The Lazy Song,Bruno Mars,2561,https://www.youtube.com/watch?v=fLexgOxsZu0,2
0x4654034d24249807:0x4019078290e7ae0,"Kristianstad, Skåne County, Sweden",CITY,2026-03-11T14:30:43.576933+00:00,16,G:FO46uYRR-BE,Hate You So Much,Saga Ludvigsson,1037,https://www.youtube.com/watch?v=RrJQztdljQM,1
0x46572396cf98e76f:0xf0a481aa975c3b7b,"Kronobergs, SE",SUBCOUNTRY,2026-03-11T14:56:42.260136+00:00,16,G:AbRYZgwR3lo,Kom och ta mig,Brandsta City Släckers,1977,https://www.youtube.com/watch?v=b7AvWsUgGqU,1
0x4658588310c36ed3:0x4dc84134523c24dc,"Östergötland County, Sweden",SUBCOUNTRY,2026-03-11T14:11:02.977253+00:00,19,G:8YfRpEMBKoo,Rakt in i elden,Brandsta City Släckers,4237,https://www.youtube.com/watch?v=2q1h-8hkwBA,17
0x465aa0b04bdcfeed:0x7c327e8fc1abfa59,"Borås, Västra Götaland County, Sweden",CITY,2026-03-11T14:33:47.346941+00:00,20,G:stKOGREcQRQ,Elektrisk (feat. Katastrofe),Marcus & Martinus,1402,https://www.youtube.com/watch?v=ri5_fzndMBg,13
0x465c017f144aff39:0xcfe3b0bad018c93e,"Örebro, Örebro County, Sweden",CITY,2026-03-11T14:18:31.282234+00:00,20,G:stKOGREcQRQ,Elektrisk (feat. Katastrofe),Marcus & Martinus,1889,https://www.youtube.com/watch?v=ri5_fzndMBg,13
0x465cb2396d35f0f1:0x22b8eba28dad6f62,Sweden,COUNTRY,2026-03-11T14:10:58.844072+00:00,20,G:OtMEbStWENQ,Lights Burn Dimmer,"Fred again.., Jamie T",138395,https://www.youtube.com/watch?v=uc5NSUrnF70,15
0x465cb3d8e8ebe6f5:0xb8159334bc4aadd,"Karlstad, Varmland County, Sweden",CITY,2026-03-11T14:39:18.351534+00:00,19,G:Sy92GfDilFw,Hollow,Smash Into Pieces,1168,https://www.youtube.com/watch?v=8c3wNJPaYoc,5
0x465e1058b83237ef:0xe43e3da2ac90c7a1,"Uppsala County, Sweden",SUBCOUNTRY,2026-03-11T15:23:57.976272+00:00,18,G:vgBXcnRJEZ8,Timber,"Pitbull, Kesha",3362,https://www.youtube.com/watch?v=hHUbLv4ThOo,8
0x465e6130f2c715cd:0x797079cafd32e397,"Vastmanlands, SE",SUBCOUNTRY,2026-03-11T14:56:41.347126+00:00,20,G:OtMEbStWENQ,Lights Burn Dimmer,"Fred again.., Jamie T",2638,https://www.youtube.com/watch?v=uc5NSUrnF70,15
0x465e93b30aa1e85f:0x400fef341e48dd0,"Eskilstuna, Södermanland County, Sweden",CITY,2026-03-11T15:25:36.325049+00:00,10,G:FH-6Wcm6u0k,Waka Waka (This Time for Africa) (feat. Freshlyground),Shakira,1631,https://www.youtube.com/watch?v=pRpeEdMmmQ0,28
0x465ed834436269a7:0x300fef341e48af0,"Södermanland County, Sweden",SUBCOUNTRY,2026-03-11T14:55:59.694581+00:00,17,G:FH-6Wcm6u0k,Waka Waka (This Time for Africa) (feat. Freshlyground),Shakira,3238,https://www.youtube.com/watch?v=pRpeEdMmmQ0,28
0x465f129654e2e8ef:0x7cdd1e291856146c,"Södertälje, Stockholm County, Sweden",CITY,2026-03-11T14:49:55.853780+00:00,7,G:dizEqb86X40,Ya Donia,Nassif Zeytoun,2478,https://www.youtube.com/watch?v=BFIWY_Hyfks,2
0x465f2d9e655efa45:0xf7911af5634d4b8,"Nyköping, Södermanland County, Sweden",CITY,2026-03-11T14:56:01.807244+00:00,15,G:5ol_YyTVZwQ,گلو بند,Erfan Tahmasbi,741,https://www.youtube.com/watch?v=0uZOV6rMPRQ,1
0x465f6b83600f28cf:0xe7a921176b0f88f1,"Botkyrka, Stockholm County, Sweden",CITY,2026-03-11T14:50:13.372128+00:00,17,G:OtMEbStWENQ,Lights Burn Dimmer,"Fred again.., Jamie T",1760,https://www.youtube.com/watch?v=uc5NSUrnF70,15
0x465f70fbb9c047f7:0x88eec5e5ad2b59fb,"Huddinge, Stockholm County, Sweden",CITY,2026-03-11T14:11:02.579643+00:00,18,G:OtMEbStWENQ,Lights Burn Dimmer,"Fred again.., Jamie T",4733,https://www.youtube.com/watch?v=uc5NSUrnF70,15
0x465f763119640bcb:0xa80d27d3679d7766,"Stockholm, Stockholm County, Sweden",CITY,2026-03-11T14:10:58.911816+00:00,3,G:H9aOqI92h1A,My System,FELICIA,43001,https://www.youtube.com/watch?v=JXLRzNLoOb4,40
0x465f98cd789e64b9:0x400fef341e48c60,"Sollentuna, Stockholm County, Sweden",CITY,2026-03-11T14:11:01.177942+00:00,10,G:dizEqb86X40,Ya Donia,Nassif Zeytoun,23132,https://www.youtube.com/watch?v=BFIWY_Hyfks,2
0x465f9bc95a595371:0xd08471de02f81b4,"Täby, Stockholm County, Sweden",CITY,2026-03-11T14:51:07.378409+00:00,18,G:stKOGREcQRQ,Elektrisk (feat. Katastrofe),Marcus & Martinus,983,https://www.youtube.com/watch?v=ri5_fzndMBg,13
0x465f9c2553ff3b0b:0xc8d605cd031ade54,"Solna, Stockholm County, Sweden",CITY,2026-03-11T14:50:13.854160+00:00,16,G:OtMEbStWENQ,Lights Burn Dimmer,"Fred again.., Jamie T",1377,https://www.youtube.com/watch?v=uc5NSUrnF70,15
0x465fcbfb8532ab8d:0xaa4fe90a85820807,"Uppsala, Uppsala County, Sweden",CITY,2026-03-11T15:23:58.863928+00:00,20,G:vgBXcnRJEZ8,Timber,"Pitbull, Kesha",2169,https://www.youtube.com/watch?v=hHUbLv4ThOo,8
0x4660c68566f4d8df:0x180b7a05d44f8f0b,"Gavleborg County, Sweden",SUBCOUNTRY,2026-03-11T14:11:01.790085+00:00,20,G:Sy92GfDilFw,Hollow,Smash Into Pieces,3364,https://www.youtube.com/watch?v=8c3wNJPaYoc,5
0x4664674c9dc6761f:0x683f9bac9f166120,"Sundsvall, Västernorrland County, Sweden",CITY,2026-03-11T14:28:58.553680+00:00,8,G:KGfnM7gnZnY,Careless Whisper,George Michael,1687,https://www.youtube.com/watch?v=izGwDsrQ1eQ,1
0x4664d9a754aa8fd5:0x3034506de8c8a70,"Västernorrland County, Sweden",SUBCOUNTRY,2026-03-11T14:29:01.175687+00:00,17,G:WWXQdfkT4yY,Banan Melon Kiwi & Citron,Hooja,2276,https://www.youtube.com/watch?v=LI5P5qTpX0E,6
0x46677c2bb1581a89:0xfe3e60e13e164c99,"Borlänge, Dalarna County, Sweden",CITY,2026-03-11T14:33:43.703303+00:00,2,G:Wru3X20r-b8,Joe le taxi,Vanessa Paradis,1814,https://www.youtube.com/watch?v=Ulay2FvUEd8,1
0x4667d90f946ad8a7:0x3034506de8c8a90,"Dalarna County, Sweden",SUBCOUNTRY,2026-03-11T14:54:54.572313+00:00,18,G:OtMEbStWENQ,Lights Burn Dimmer,"Fred again.., Jamie T",2596,https://www.youtube.com/watch?v=uc5NSUrnF70,15
0x466fb846d4f93091:0x4adec23d33cfdcde,"Östersund, Jamtland County, Sweden",CITY,2026-03-11T14:44:37.115750+00:00,20,G:Sy92GfDilFw,Hollow,Smash Into Pieces,845,https://www.youtube.com/watch?v=8c3wNJPaYoc,5
0x466fb846d4f93091:0x9239a0f9e4fb6c77,"Jamtland County, Sweden",SUBCOUNTRY,2026-03-11T14:55:16.991347+00:00,18,G:WWXQdfkT4yY,Banan Melon Kiwi & Citron,Hooja,1024,https://www.youtube.com/watch?v=LI5P5qTpX0E,6
0x467940535dcf0633:0xb4db7863582da0f,"Västerbotten County, Sweden",SUBCOUNTRY,2026-03-11T14:11:04.791361+00:00,14,G:Sy92GfDilFw,Hollow,Smash Into Pieces,3931,https://www.youtube.com/watch?v=8c3wNJPaYoc,5
0x467c4e1b68add7f9:0x4034506de8c8560,"Umeå, Västerbotten County, Sweden",CITY,2026-03-11T14:11:05.783809+00:00,17,G:D5Vn1ed9KvA,Doomed,Bring Me the Horizon,2488,https://www.youtube.com/watch?v=5Oc0ja19_GU,1
0x467f6314d2e8b867:0x4034506de8c8620,"Luleå, Norrbotten County, Sweden",CITY,2026-03-11T14:40:27.025229+00:00,16,G:OtMEbStWENQ,Lights Burn Dimmer,"Fred again.., Jamie T",834,https://www.youtube.com/watch?v=uc5NSUrnF70,15
0x4681cadf4b32f6dd:0x146d63c75a810,Finland,COUNTRY,2026-03-11T14:06:09.009791+00:00,19,G:FWTOaDfg5lc,Ysärin lapsi,"DJ Oku Luukkainen, Konsta Hietanen, Pasi ja Anssi",109828,https://www.youtube.com/watch?v=Z1UBpeZkAgk,4
0x4681e124118165bd:0xbd1094638336ec7e,"North Ostrobothnia, Finland",SUBCOUNTRY,2026-03-11T14:05:48.313728+00:00,20,G:kGu3N4Kiaj8,Sä et ole yksin,Portion Boys,6687,https://www.youtube.com/watch?v=wFnv122fN0Y,1
0x4684a19d7b96ec8b:0x6ad94d1feac80191,"North Savo, Finland",SUBCOUNTRY,2026-03-11T14:05:44.830356+00:00,16,G:lom1YNaU_l4,Pohjola,Olli Halonen,1535,https://www.youtube.com/watch?v=O__sg36ElQ8,2
0x4685bba5ce5fc56b:0x13244773cd84866e,"Central Finland, Finland",SUBCOUNTRY,2026-03-11T14:05:41.557765+00:00,11,G:q7oI61agVDY,Syvä pääty (feat. Cledos),Gettomasa,2520,https://www.youtube.com/watch?v=Otrv--ibl_A,1
0x468c7ec5f891b751:0x689d540ab66d5914,"Southwest Finland, Finland",SUBCOUNTRY,2026-03-11T14:06:09.810753+00:00,11,G:_Q1zIYciW4k,Kaivurikuormaaja,Suomalaisia Lastenlauluja,5240,https://www.youtube.com/watch?v=k066ev46xX4,2
0x468df3c3c77f1c8f:0x97a6c490d9edf4a0,"Uusimaa, Finland",SUBCOUNTRY,2026-03-11T14:05:23.945902+00:00,20,G:zSyAFgvvfWg,Tunnista tuntiin,"Ege Zulu, BEHM",68686,https://www.youtube.com/watch?v=ShTKNTQNCls,1
0x468f302338a99dd5:0x52f7c582c1836763,"Pirkanmaa, Finland",SUBCOUNTRY,2026-03-11T14:05:24.844676+00:00,20,G:lom1YNaU_l4,Pohjola,Olli Halonen,11172,https://www.youtube.com/watch?v=O__sg36ElQ8,2
0x46929499df5616bf:0x400b36d18fc6270,"Tallinn, Harju County, Estonia",CITY,2026-03-11T14:05:19.623569+00:00,14,G:QIhVQZG11T8,TÄHTEDE POOLE,Starboy Bob,51921,https://www.youtube.com/watch?v=3ZT_gbTSk44,5
0x4692949c82a04bfd:0x40ea9fba4fb425c3,Estonia,COUNTRY,2026-03-11T14:05:18.984445+00:00,19,G:QIhVQZG11T8,TÄHTEDE POOLE,Starboy Bob,66654,https://www.youtube.com/watch?v=3ZT_gbTSk44,5
0x4692ea406631ac91:0x300b36d18fc6020,"Harju County, Estonia",SUBCOUNTRY,2026-03-11T15:23:44.322432+00:00,14,G:QIhVQZG11T8,TÄHTEDE POOLE,Starboy Bob,53901,https://www.youtube.com/watch?v=3ZT_gbTSk44,5
0x469375d2d183e92b:0x400b36d18fc6760,"Rakvere, Lääne-Viru County, Estonia",CITY,2026-03-11T14:05:22.827253+00:00,20,G:AKhw180qO7U,Ebapopulaarne,Kermo Murel,919,https://www.youtube.com/watch?v=1U0yUuZqQG8,1
0x469375d6eb183cd3:0x300b36d18fc6080,"Lääne-Viru County, Estonia",SUBCOUNTRY,2026-03-11T14:05:21.238797+00:00,20,G:RJYF-KWA73A,külm,An-Marlen,1526,https://www.youtube.com/watch?v=t6T00K2Ax_M,4
0x469460438fd25d7b:0x300b36d18fc6040,"Ida-Viru County, Estonia",SUBCOUNTRY,2026-03-11T14:05:21.296394+00:00,3,G:Yfu8wtzDRYI,Ristuvad Teed (feat. Uudo Sepp),Renate,4056,https://www.youtube.com/watch?v=pjUfhhNINOE,1
0x4696378cc74a65ed:0x6dc7673fab848eff,"Saint Petersburg, Russia",CITY,2026-03-11T14:10:25.440788+00:00,20,G:MARYfOdLzYU,Quralay,G'aybulla Tursunov,54120,https://www.youtube.com/watch?v=CRM13i0dEQo,13
0x4696378cc74a6f9d:0xfa47ca5a4725c9e4,"Saint Petersburg, Russia",SUBCOUNTRY,2026-03-11T14:10:26.219916+00:00,20,G:MARYfOdLzYU,Quralay,G'aybulla Tursunov,53742,https://www.youtube.com/watch?v=CRM13i0dEQo,13
0x46a1ec3dd7bf1fe7:0xe49db0d89a0485d4,"Petrozavodsk, Republic of Karelia, Russia",CITY,2026-03-11T14:45:51.861807+00:00,19,G:R1ygCUbusfE,Гикаю,Платина,720,https://www.youtube.com/watch?v=Fy4MmxxLFnI,3
0x46a90ce03efaa0cf:0x102a3a583f19640,"Vologda Oblast, Russia",SUBCOUNTRY,2026-03-11T14:52:14.469115+00:00,20,G:hG0MWQuWvkY,Wrong Side Out,CG5,1565,https://www.youtube.com/watch?v=lsndkQuEwaM,31
0x46ad4ff11964c7bb:0xe547e104bd9b4c6e,"Kostroma, Kostroma Oblast, Russia",CITY,2026-03-11T14:39:39.124348+00:00,17,G:2RTjpP3tVoQ,LUA NA PRAÇA,"Dj Samir, DJ Zarek, Dj Duda, LUNxdiE",624,https://www.youtube.com/watch?v=iLfVnU23E34,11
0x46ae9822674da109:0x6dbb1a40acc55b31,"Vologda, Vologda Oblast, Russia",CITY,2026-03-11T14:52:07.565050+00:00,19,G:sl3XRktgDEY,Придет весна. Три Богатыри и наследница престола,Три богатыря,547,https://www.youtube.com/watch?v=K-oZ4FsLIPM,1
0x46afb638c10b742d:0xb9c61faf8991226,"Cherepovets, Vologda Oblast, Russia",CITY,2026-03-11T15:25:02.005926+00:00,20,G:l2xrumgF6P4,MONTAGEM TENTANA - Ultra Slowed,"OTVphonk, ZERTAL",728,https://www.youtube.com/watch?v=qm641jl4gOY,3
0x46b260a652c3275f:0x4f4c621a92980f24,"Yaroslavl Oblast, Russia",SUBCOUNTRY,2026-03-11T15:26:18.146479+00:00,16,G:aGNPWRMInjA,Лопаю Лайки,"Марьяна Локель, SteshOK, Вау Вероника, Макар Давыдов",4307,https://www.youtube.com/watch?v=udtYom0VMnc,13
0x46b291a051ecb939:0x59c9e61644948545,"Yaroslavl, Yaroslavl Oblast, Russia",CITY,2026-03-11T15:26:18.338709+00:00,18,G:vj9NGkV3YrY,Можно я с тобой,AP$ENT,1806,https://www.youtube.com/watch?v=DJPekxRZ7UQ,8
0x46b52d8cea784673:0x6d7dc3b16fb62c63,"Korolyov, Moscow Oblast, Russia",CITY,2026-03-11T14:39:35.799198+00:00,16,G:Qe1cGVmsJ4I,1-800 (feat. Ironmouse),"​bbno$, Ironmouse",508,https://www.youtube.com/watch?v=6Ro7NubzE9A,2
0x46b531bd72afcefd:0xa39146299e2cb988,"Mytishchi, Moscow Oblast, Russia",CITY,2026-03-11T14:42:23.872887+00:00,14,G:xqMmu0nrHUo,MENTE MÁ,"Nakama, Mc Staff",744,https://www.youtube.com/watch?v=cXDOHqa_QgY,1
0x46b53f22183e9dc1:0x6085448e92a5b6dd,"Khimki, Moscow Oblast, Russia",CITY,2026-03-11T14:10:25.353808+00:00,20,G:MARYfOdLzYU,Quralay,G'aybulla Tursunov,9289,https://www.youtube.com/watch?v=CRM13i0dEQo,13
0x46b54afc73d4b0c9:0x3d44d6cc5757cf4c,"Moscow, Russia",CITY,2026-03-11T14:10:15.259672+00:00,16,G:7cPoAJ_M-SI,Уйду,Xcho,373811,https://www.youtube.com/watch?v=wR4k6fzCj2s,2
0x46b550502b34ef23:0x58c4a53a129da3fe,"Odintsovo, Moscow Oblast, Russia",CITY,2026-03-11T14:44:33.899615+00:00,11,G:hG0MWQuWvkY,Wrong Side Out,CG5,386,https://www.youtube.com/watch?v=lsndkQuEwaM,31
0x46b687ab1d6c94f3:0xf42b3a95f433bc9c,"Tver, Tver Oblast, Russia",CITY,2026-03-11T14:51:34.160653+00:00,18,G:2RTjpP3tVoQ,LUA NA PRAÇA,"Dj Samir, DJ Zarek, Dj Duda, LUNxdiE",1435,https://www.youtube.com/watch?v=iLfVnU23E34,11
0x46b70a02ba322e01:0x1659c3dbf7d9318b,"Tver Oblast, Russia",SUBCOUNTRY,2026-03-11T14:51:55.229482+00:00,20,G:2RTjpP3tVoQ,LUA NA PRAÇA,"Dj Samir, DJ Zarek, Dj Duda, LUNxdiE",2296,https://www.youtube.com/watch?v=iLfVnU23E34,11
0x46c29430ff01c9db:0x300cfcd68f2fc80,"Daugavpils, Latvia",SUBCOUNTRY,2026-03-11T15:25:19.892201+00:00,20,G:v7WG2e1hkcI,Царица,ANNA ASTI,1600,https://www.youtube.com/watch?v=d8-3ffuTTZ8,3
0x46c29430ff01c9db:0x400cfcd68f307f0,"Daugavpils, Latvia",CITY,2026-03-11T15:25:20.067904+00:00,20,G:v7WG2e1hkcI,Царица,ANNA ASTI,1600,https://www.youtube.com/watch?v=d8-3ffuTTZ8,3
0x46c573e3fc7c7be7:0x430637d0624afff4,"Vitebsk, Vitebsk Region, Belarus",CITY,2026-03-11T14:52:06.289264+00:00,17,G:M3Js2gu9Yv4,Вернись,Алиса Морозова,25703,https://www.youtube.com/watch?v=w5q7-4dcPUg,3
0x46cc275e29868ac1:0x102a3a583f19840,"Smolensk Oblast, Russia",SUBCOUNTRY,2026-03-11T14:50:01.508979+00:00,17,G:vj9NGkV3YrY,Можно я с тобой,AP$ENT,1379,https://www.youtube.com/watch?v=DJPekxRZ7UQ,8
0x46ccb26053ecbb5b:0xb74d19a75266027d,"Kaluga Oblast, Russia",SUBCOUNTRY,2026-03-11T14:39:16.774677+00:00,20,G:aGNPWRMInjA,Лопаю Лайки,"Марьяна Локель, SteshOK, Вау Вероника, Макар Давыдов",2995,https://www.youtube.com/watch?v=udtYom0VMnc,13
0x46ce543c05e6573b:0xdb294e72f01cc4bd,"Smolensk, Smolensk Oblast, Russia",CITY,2026-03-11T14:49:48.737322+00:00,19,G:vj9NGkV3YrY,Можно я с тобой,AP$ENT,900,https://www.youtube.com/watch?v=DJPekxRZ7UQ,8
0x46cfe22609aad6e7:0xe7c1aace7a85d88e,"Vitebsk Region, Belarus",SUBCOUNTRY,2026-03-11T14:52:09.871371+00:00,20,G:5dfKDCensUk,Танцпол везде,Анна Немченко,28018,https://www.youtube.com/watch?v=5LIBHvGE64o,8
0x46d0521c52844571:0xcf85d14239bb73b6,"Mogilev, Mogilev Region, Belarus",CITY,2026-03-11T15:26:28.633109+00:00,20,G:M3Js2gu9Yv4,Вернись,Алиса Морозова,23583,https://www.youtube.com/watch?v=w5q7-4dcPUg,3
0x46d2d14dcf496edf:0x102a3a583f19610,"Bryansk Oblast, Russia",SUBCOUNTRY,2026-03-11T14:34:35.200749+00:00,20,G:HOZ4HdExXAQ,Банкомат,Dead Blonde,1395,https://www.youtube.com/watch?v=m80jEPGrr7o,14
0x46d469756ef605b3:0x6929407e3f156e5e,"Gomel Region, Belarus",SUBCOUNTRY,2026-03-11T14:37:12.000632+00:00,11,G:guyNSbpSKwc,Шчасце,Pesnyary,53299,https://www.youtube.com/watch?v=N1frmprDJ9I,11
0x46d4699b50faf1a5:0x5ecca30fd2361396,"Homieĺ, Gomel Region, Belarus",CITY,2026-03-11T14:36:57.178332+00:00,11,G:guyNSbpSKwc,Шчасце,Pesnyary,47890,https://www.youtube.com/watch?v=N1frmprDJ9I,11
0x46d5488971ee3597:0x2a2348d3e76038b5,"Chernihiv, Chernihiv Oblast, Ukraine",CITY,2026-03-11T15:25:02.722490+00:00,19,G:i4Xqw4XtmAk,Тьотя,Шугар,9617,https://www.youtube.com/watch?v=DFGO4OuvVM0,13
0x46d731bc7d2807dd:0x339bc98aa56419bd,"Mogilev Region, Belarus",SUBCOUNTRY,2026-03-11T15:26:28.749730+00:00,19,G:M3Js2gu9Yv4,Вернись,Алиса Морозова,28650,https://www.youtube.com/watch?v=w5q7-4dcPUg,3
0x46da2584e2ad4881:0xa1d181ec8c10,Belarus,COUNTRY,2026-03-11T15:26:28.425530+00:00,19,G:8V_YySi0X2M,Шёлк,Ваня Дмитриенко,275376,https://www.youtube.com/watch?v=3W9oasdtC1k,6
0x46dbcfd35b1e6ad3:0xb61b853ddb570d9,"Minsk, Minsk Region, Belarus",CITY,2026-03-11T14:41:38.765079+00:00,14,G:8V_YySi0X2M,Шёлк,Ваня Дмитриенко,76470,https://www.youtube.com/watch?v=3W9oasdtC1k,6
0x46dd93fb5c6408f5:0x400d18c70e9dc40,"Vilnius, Vilnius County, Lithuania",CITY,2026-03-11T14:52:01.805679+00:00,18,G:Y71-ecOf5lg,"Mergina, kuriai nereikia gėlių",ZYGGA MUSIC,99963,https://www.youtube.com/watch?v=VOi2aokxbB8,3
0x46dd94140f33be13:0xf30a54d3a55dbab9,Lithuania,COUNTRY,2026-03-11T14:53:41.332585+00:00,19,G:9vesIdIQl9U,Contact!,SHWR,187002,https://www.youtube.com/watch?v=kHC43gJkOJ0,5
0x46dda20290a4821f:0x300d18c70e9d8b0,"Vilnius County, Lithuania",SUBCOUNTRY,2026-03-11T14:52:10.793754+00:00,18,G:Y71-ecOf5lg,"Mergina, kuriai nereikia gėlių",ZYGGA MUSIC,102257,https://www.youtube.com/watch?v=VOi2aokxbB8,3
0x46dfd63ab21c96bb:0xb7a402ac780f02b4,"Hrodna Region, Belarus",SUBCOUNTRY,2026-03-11T14:38:59.614544+00:00,18,G:8V_YySi0X2M,Шёлк,Ваня Дмитриенко,34872,https://www.youtube.com/watch?v=3W9oasdtC1k,6
0x46dfd64beac55d1d:0xf013fd26569718c0,"Hrodna, Hrodna Region, Belarus",CITY,2026-03-11T14:38:19.456234+00:00,20,G:Gsw_eGUvuSU,По барам,ANNA ASTI,28214,https://www.youtube.com/watch?v=Cf2ASJCa_Iw,1
0x46e0212c55cc9845:0xc853b83444adf1cb,"Podlaskie Voivodeship, Poland",SUBCOUNTRY,2026-03-11T14:20:38.471251+00:00,20,G:cIGbdfn3wrs,Róże (feat. CrackHouse),QINGA,46348,https://www.youtube.com/watch?v=eIcFTsuE3ao,22
0x46e0a425ef4c2f25:0x300d18c70e9d820,"Alytus County, Lithuania",SUBCOUNTRY,2026-03-11T14:32:18.287103+00:00,20,G:X8RS7bRngu8,Kaip Man Atmylėt Tave,GJan,3012,https://www.youtube.com/watch?v=rCdnXaz9ajI,4
0x46e0ad96296a4661:0x82972fadf01455e6,"Alytus, Alytus County, Lithuania",CITY,2026-03-11T14:32:06.998632+00:00,18,G:EYmQn8czrHo,Aš gyvenu,Natalija Bunkė,2046,https://www.youtube.com/watch?v=Z0-dNkubyAQ,1
0x46e0d186b069aae3:0x71b3f20f19b0c9a7,"Marijampolė, Marijampolė County, Lithuania",CITY,2026-03-11T15:25:43.821522+00:00,20,G:HrD1n5mILa8,Ant Debesų,Martynas Kavaliauskas,1577,https://www.youtube.com/watch?v=RuHKj0PQ7Kg,6
0x46e10239cf478e5b:0x922ff8bdc4a99ea0,"Suwałki, Podlaskie Voivodeship, Poland",CITY,2026-03-11T14:20:39.849128+00:00,20,G:HCqP-8ZJ0ns,Bailando (Lose Control Remix),"Bajorson, Dawid Obserwator, Dj Killer, David Tango",2403,https://www.youtube.com/watch?v=jTtrwPzEm7g,15
0x46e187df0f40bd0f:0x42c485029fd2848c,"Giżycko, Warmian-Masurian Voivodeship, Poland",CITY,2026-03-11T14:56:04.507489+00:00,20,G:JIXcxjVAyiE,FIKU MIKU,Bungee,625,https://www.youtube.com/watch?v=I0ESn6cL_8Q,18
0x46e1b97f3761e307:0x5341066a14824162,"Ełk, Warmian-Masurian Voivodeship, Poland",CITY,2026-03-11T15:25:34.750816+00:00,19,G:8H0oOn2H7mc,FRISBEE,"Sentino, BNP",1840,https://www.youtube.com/watch?v=afG4TG7LlEU,2
0x46e20d3eacc5ae17:0x1020e32ad0ec0f0,"Warmian-Masurian Voivodeship, Poland",SUBCOUNTRY,2026-03-11T14:56:11.347332+00:00,20,G:-NIg8vQ5OTI,AUTOBANA,"Bungee, Skolim, CrackHouse",48720,https://www.youtube.com/watch?v=qHZAp6ANIvY,28
0x46e2792d071419c7:0x106a8126cf54c20f,"Olsztyn, Warmian-Masurian Voivodeship, Poland",CITY,2026-03-11T14:44:47.697434+00:00,19,G:-NIg8vQ5OTI,AUTOBANA,"Bungee, Skolim, CrackHouse",26640,https://www.youtube.com/watch?v=qHZAp6ANIvY,28
0x46e33d8d4b7c21a9:0x5050960016126ed3,"Kaliningrad, Kaliningrad Oblast, Russia",CITY,2026-03-11T14:39:15.701613+00:00,17,G:ma5fD_LxvUg,Homay,AY YOLA,3020,https://www.youtube.com/watch?v=V88rmlzIp5k,42
0x46e39c45442e0be3:0x1e2558c4d03a027b,"Kaliningrad Oblast, Russia",SUBCOUNTRY,2026-03-11T14:39:17.244177+00:00,18,G:ma5fD_LxvUg,Homay,AY YOLA,3377,https://www.youtube.com/watch?v=V88rmlzIp5k,42
0x46e4dbfae447448b:0x80acbc67146d87a1,"Klaipeda, Klaipėda County, Lithuania",CITY,2026-03-11T14:39:32.060902+00:00,20,G:OrixTDEy_lA,MILIJONAS NAKTŲ,"bielskis, Tautvydas Burauskas",17671,https://www.youtube.com/watch?v=uTzAuSvNni4,6
0x46e51e6f3841c5df:0x300d18c70e9d840,"Klaipėda County, Lithuania",SUBCOUNTRY,2026-03-11T14:39:32.443558+00:00,20,G:ODnzsm3kvos,Aš Tau Linkiu,Rokas Yan,21435,https://www.youtube.com/watch?v=aLb8Wi8Kylg,8
0x46e5752edb916213:0x300d18c70e9d890,"Telšiai County, Lithuania",SUBCOUNTRY,2026-03-11T14:53:41.623856+00:00,20,G:HrD1n5mILa8,Ant Debesų,Martynas Kavaliauskas,3621,https://www.youtube.com/watch?v=RuHKj0PQ7Kg,6
0x46e57e697ed057ed:0xab0422d970073f87,"Mažeikiai, Telšiai County, Lithuania",CITY,2026-03-11T14:41:25.153769+00:00,17,G:HrD1n5mILa8,Ant Debesų,Martynas Kavaliauskas,1594,https://www.youtube.com/watch?v=RuHKj0PQ7Kg,6
0x46e5e25c49ce7c89:0x400d18c70e9db00,"Šiauliai, Šiauliai County, Lithuania",CITY,2026-03-11T14:49:42.681594+00:00,15,G:HrD1n5mILa8,Ant Debesų,Martynas Kavaliauskas,6615,https://www.youtube.com/watch?v=RuHKj0PQ7Kg,6
0x46e5e3200ecd86e9:0x300d18c70e9d870,"Šiauliai County, Lithuania",SUBCOUNTRY,2026-03-11T14:49:51.973759+00:00,16,G:HrD1n5mILa8,Ant Debesų,Martynas Kavaliauskas,9735,https://www.youtube.com/watch?v=RuHKj0PQ7Kg,6
0x46e6318b530fb14f:0x400d18c70e9da80,"Panevėžys, Panevėžys County, Lithuania",CITY,2026-03-11T14:45:16.174084+00:00,18,G:X8RS7bRngu8,Kaip Man Atmylėt Tave,GJan,3669,https://www.youtube.com/watch?v=rCdnXaz9ajI,4
0x46e655b0899a5f3b:0x4b3f0540bb2cc6f,"Kėdainiai, Kaunas County, Lithuania",CITY,2026-03-11T14:39:19.768001+00:00,20,G:9lZOdjZU8kE,Ko Tau Reikia,Adrina,1178,https://www.youtube.com/watch?v=_3PHDsaRtT0,1
0x46e6cd552f0b98b3:0x300d18c70e9d850,"Marijampolė County, Lithuania",SUBCOUNTRY,2026-03-11T15:25:43.271599+00:00,15,G:Y71-ecOf5lg,"Mergina, kuriai nereikia gėlių",ZYGGA MUSIC,3161,https://www.youtube.com/watch?v=VOi2aokxbB8,3
0x46e6e17625b310ed:0x300d18c70e9d830,"Kaunas County, Lithuania",SUBCOUNTRY,2026-03-11T14:39:20.579434+00:00,16,G:9vesIdIQl9U,Contact!,SHWR,39607,https://www.youtube.com/watch?v=kHC43gJkOJ0,5
0x46e70922f0d9bbcb:0x400d18c70e9d930,"Jonava, Kaunas County, Lithuania",CITY,2026-03-11T14:39:19.935558+00:00,17,G:S0UcrcV5zX0,STRANGE FUNK,"dearukia, FXRCE, Scythermane",1112,https://www.youtube.com/watch?v=n2WovC19Wh4,1
0x46e72270b167d343:0x614bd1e0c7378bbc,"Kaunas, Kaunas County, Lithuania",CITY,2026-03-11T14:39:20.747821+00:00,20,G:fQvT2A-I9Fg,Įkliuvau,Evgenya Redko,31654,https://www.youtube.com/watch?v=tjktVYZlqlQ,1
0x46e87a3a9450a5ed:0x300d18c70e9d860,"Panevėžys County, Lithuania",SUBCOUNTRY,2026-03-11T14:45:27.014193+00:00,19,G:X8RS7bRngu8,Kaip Man Atmylėt Tave,GJan,5045,https://www.youtube.com/watch?v=rCdnXaz9ajI,4
0x46e914291bbaf8b5:0x300cfcd68f300c0,"Ogre Municipality, Latvia",SUBCOUNTRY,2026-03-11T14:53:39.080806+00:00,17,G:4dPN9-q-QGQ,Freona meitene,Bermudu Divstūris,882,https://www.youtube.com/watch?v=u0hgl13LkUg,1
0x46e930677b8a9afd:0xcfcd68f2fc10,Latvia,COUNTRY,2026-03-11T14:53:46.757617+00:00,17,G:fXcyWII8jX8,FLAMINGO (feat. DJ Guano),Bermudu Divstūris,75644,https://www.youtube.com/watch?v=OGrFVTTbpQ4,10
0x46eb36ad3dde6005:0x300b36d18fc60d0,"Tartu County, Estonia",SUBCOUNTRY,2026-03-11T14:05:19.914191+00:00,20,G:z4RZji6I8wA,Days Like This,NOËP,5471,https://www.youtube.com/watch?v=Ki5lmZDtzgs,2
0x46eb36d8d55d3df7:0x400b36d18fc6d10,"Tartu, Tartu County, Estonia",CITY,2026-03-11T15:23:44.745073+00:00,18,G:z4RZji6I8wA,Days Like This,NOËP,4145,https://www.youtube.com/watch?v=Ki5lmZDtzgs,2
0x46eb8bb45a3f420f:0x300cfcd68f2fe20,"Valmiera Municipality, Latvia",SUBCOUNTRY,2026-03-11T14:53:38.472331+00:00,18,G:MMwpWA5AzwU,Ballējam neguļam (feat. Koris Maska / Choir Maska),Žoržs Siksna,697,https://www.youtube.com/watch?v=DbFTuvV5kUk,1
0x46ebee832598c807:0x400cfcd68f30400,"Valmiera, Valmiera Municipality, Latvia",CITY,2026-03-11T14:53:40.024207+00:00,15,G:LZsjTerX2xk,TEST DRIVE,Bermudu Divstūris,658,https://www.youtube.com/watch?v=KISOMQ62aro,3
0x46ec9923da41e31d:0x300b36d18fc60f0,"Viljandi County, Estonia",SUBCOUNTRY,2026-03-11T14:05:21.419509+00:00,17,G:g6eRaWwplXk,hugo toom,triibupasta,1067,https://www.youtube.com/watch?v=3exhQI3cjEI,1
0x46ecfcde022724a1:0x400b36d18fc6990,"Pärnu, Pärnu County, Estonia",CITY,2026-03-11T15:23:45.085370+00:00,19,G:RJYF-KWA73A,külm,An-Marlen,1704,https://www.youtube.com/watch?v=t6T00K2Ax_M,4
0x46ecfe867ceb89a5:0x300b36d18fc60a0,"Pärnu County, Estonia",SUBCOUNTRY,2026-03-11T14:05:20.957566+00:00,19,G:RJYF-KWA73A,külm,An-Marlen,2297,https://www.youtube.com/watch?v=t6T00K2Ax_M,4
0x46eecfb0e5073ded:0x400cfcd68f2fe30,"Riga, Latvia",CITY,2026-03-11T15:25:51.992509+00:00,2,G:oMFtcOPxkyY,Vējiem Līdzi,Gacho,126772,https://www.youtube.com/watch?v=VSSEDDTD4fA,12
0x46eecfb0e5073ded:0xb4eab70f2dc8ac45,"Riga, Latvia",SUBCOUNTRY,2026-03-11T15:25:51.736827+00:00,2,G:oMFtcOPxkyY,Vējiem Līdzi,Gacho,127001,https://www.youtube.com/watch?v=VSSEDDTD4fA,12
0x46ef254b6eed168f:0x300cfcd68f2fcb0,"Jelgava, Latvia",SUBCOUNTRY,2026-03-11T14:39:12.366638+00:00,19,G:sFdq4wWplAM,Uz Tukumu pēc smukuma,Edvards Strazdiņš,1188,https://www.youtube.com/watch?v=8TKxiIt4qbA,3
0x46ef254b6eed168f:0x400cfcd68f31c60,"Jelgava, Latvia",CITY,2026-03-11T14:39:11.561039+00:00,19,G:sFdq4wWplAM,Uz Tukumu pēc smukuma,Edvards Strazdiņš,1188,https://www.youtube.com/watch?v=8TKxiIt4qbA,3
0x46f1c896664248d9:0x400cfcd68f2fea0,"Ventspils, Latvia",CITY,2026-03-11T14:51:55.499292+00:00,18,G:v0HizRsrqss,MUUD - Nepieradināma,MUUD,534,https://www.youtube.com/watch?v=ZuoFlmUDFsY,6
0x46f1c896664248d9:0x4c8dfb4726a82ec4,"Ventspils, Latvia",SUBCOUNTRY,2026-03-11T14:51:55.872024+00:00,18,G:v0HizRsrqss,MUUD - Nepieradināma,MUUD,534,https://www.youtube.com/watch?v=ZuoFlmUDFsY,6
0x46faa7d278ba642d:0x400cfcd68f2fe80,"Liepāja, Latvia",CITY,2026-03-11T14:40:08.853972+00:00,20,G:yx0jopquzR4,Es Aiziet Nevaru,Miks Galvanovskis,1499,https://www.youtube.com/watch?v=HYl6VJdkjEk,2
0x46faa7d278ba6435:0x300cfcd68f2fd30,"City of Liepāja, Latvia",SUBCOUNTRY,2026-03-11T14:40:08.820504+00:00,20,G:yx0jopquzR4,Es Aiziet Nevaru,Miks Galvanovskis,1499,https://www.youtube.com/watch?v=HYl6VJdkjEk,2
0x46fd4b9fa5df0e85:0x5a7f3b09b895c3a9,"Elbląg, Warmian-Masurian Voivodeship, Poland",CITY,2026-03-11T15:25:33.390396+00:00,20,G:npb1IloocwY,kyoto,"Kuban, Favst, Zalia",2975,https://www.youtube.com/watch?v=wWvQNGPXmnc,30
0x46fd60d09a3ab06f:0x89ea2c6348da9695,"Tczew, Pomeranian Voivodeship, Poland",CITY,2026-03-11T15:26:07.810818+00:00,19,G:L1UIDb40b7E,SKOLIM - Życie Jest Jedno 2025,Skolim,2190,https://www.youtube.com/watch?v=ytTMiCGBZiQ,16
0x46fd731c14d4fa6f:0x9bb9fbf163b7be8d,"Gdańsk, Pomeranian Voivodeship, Poland",CITY,2026-03-11T14:09:59.834536+00:00,20,G:3HNAtuVPufw,Dom Nad Wodą,"Pezet, Auer",123376,https://www.youtube.com/watch?v=vAxJ6J-bk0U,7
0x46fd86da8c6e05a3:0x1020e32ad0ec0c0,"Pomeranian Voivodeship, Poland",SUBCOUNTRY,2026-03-11T14:09:59.766910+00:00,17,G:RQxCbHBz9io,PUPAJEJ,eXy,190330,https://www.youtube.com/watch?v=mbbBrpDihXw,31
0x46fda145071ed789:0xdee2f99989236636,"Gdynia, Pomeranian Voivodeship, Poland",CITY,2026-03-11T14:36:43.460898+00:00,19,G:xNDDRJjGmoE,KAMIKAZE,"Mata, Skolim, Khaid",9222,https://www.youtube.com/watch?v=gBtbTl8r18U,84
0x46fdba295e757655:0x27fe1a3923cf6cc7,"Wejherowo, Pomeranian Voivodeship, Poland",CITY,2026-03-11T14:52:13.727868+00:00,20,G:7llLiRsljLQ,Czy Ty wiesz że ja Cię Kocham,Melodies Golden,1553,https://www.youtube.com/watch?v=VbedRHNmF5M,11
0x46fe1a0a2a9b51eb:0xd53110a6cfb1811f,"Słupsk, Pomeranian Voivodeship, Poland",CITY,2026-03-11T14:49:47.484594+00:00,20,G:L1UIDb40b7E,SKOLIM - Życie Jest Jedno 2025,Skolim,2849,https://www.youtube.com/watch?v=ytTMiCGBZiQ,16
0x47009964a4640bbb:0x97573ca49cc55ea,Poland,COUNTRY,2026-03-11T14:10:03.486903+00:00,15,G:RQxCbHBz9io,PUPAJEJ,eXy,2761698,https://www.youtube.com/watch?v=mbbBrpDihXw,31
0x4700b762cc75ecc7:0x3a565157bc0a7327,"Stargard, West Pomeranian Voivodeship, Poland",CITY,2026-03-11T14:50:12.280682+00:00,20,G:npb1IloocwY,kyoto,"Kuban, Favst, Zalia",2334,https://www.youtube.com/watch?v=wWvQNGPXmnc,30
0x4700e5366f382f2f:0x1020e32ad0ec110,"West Pomeranian Voivodeship, Poland",SUBCOUNTRY,2026-03-11T14:56:07.135792+00:00,20,G:npb1IloocwY,kyoto,"Kuban, Favst, Zalia",54718,https://www.youtube.com/watch?v=wWvQNGPXmnc,30
0x47018482b986d09d:0x6b6f8969f9b9fd7a,"Szczecinek, West Pomeranian Voivodeship, Poland",CITY,2026-03-11T14:50:49.081351+00:00,17,G:npb1IloocwY,kyoto,"Kuban, Favst, Zalia",1202,https://www.youtube.com/watch?v=wWvQNGPXmnc,30
0x4701cd1a2d7e8dd5:0x6835c93c1ea25cd0,"Koszalin, West Pomeranian Voivodeship, Poland",CITY,2026-03-11T14:39:40.213973+00:00,20,G:npb1IloocwY,kyoto,"Kuban, Favst, Zalia",3631,https://www.youtube.com/watch?v=wWvQNGPXmnc,30
0x4702cfc2feb84ba9:0x36402c2cf9a694ec,"Grudziądz, Kuyavian-Pomeranian Voivodeship, Poland",CITY,2026-03-11T14:37:16.712809+00:00,20,G:HCqP-8ZJ0ns,Bailando (Lose Control Remix),"Bajorson, Dawid Obserwator, Dj Killer, David Tango",3616,https://www.youtube.com/watch?v=jTtrwPzEm7g,15
0x47031386764ebd6f:0xe49ee48c4b65f30e,"Bydgoszcz, Kuyavian-Pomeranian Voivodeship, Poland",CITY,2026-03-11T14:34:56.542396+00:00,17,G:RQxCbHBz9io,PUPAJEJ,eXy,42364,https://www.youtube.com/watch?v=mbbBrpDihXw,31
0x470334e1d994ec19:0x744a729a586a89c4,"Toruń, Kuyavian-Pomeranian Voivodeship, Poland",CITY,2026-03-11T15:26:13.845986+00:00,20,G:npb1IloocwY,kyoto,"Kuban, Favst, Zalia",11991,https://www.youtube.com/watch?v=wWvQNGPXmnc,30
0x470336c41a438713:0x1020e32ad0ec030,"Kuyavian-Pomeranian Voivodeship, Poland",SUBCOUNTRY,2026-03-11T14:55:27.054780+00:00,20,G:HCqP-8ZJ0ns,Bailando (Lose Control Remix),"Bajorson, Dawid Obserwator, Dj Killer, David Tango",83688,https://www.youtube.com/watch?v=jTtrwPzEm7g,15
0x47035092d74aca59:0x9c944410dbfdd37e,"Inowrocław, Kuyavian-Pomeranian Voivodeship, Poland",CITY,2026-03-11T14:38:45.544155+00:00,17,G:L1UIDb40b7E,SKOLIM - Życie Jest Jedno 2025,Skolim,2638,https://www.youtube.com/watch?v=ytTMiCGBZiQ,16
0x4703e43e19ce785d:0x64dc72cbc93a28bd,"Piła, Greater Poland Voivodeship, Poland",CITY,2026-03-11T14:46:13.189812+00:00,19,G:L1UIDb40b7E,SKOLIM - Życie Jest Jedno 2025,Skolim,3064,https://www.youtube.com/watch?v=ytTMiCGBZiQ,16
0x470444d2ece10ab7:0xa4ea31980334bfd1,"Poznań, Greater Poland Voivodeship, Poland",CITY,2026-03-11T14:09:59.817910+00:00,17,G:RQxCbHBz9io,PUPAJEJ,eXy,122519,https://www.youtube.com/watch?v=mbbBrpDihXw,31
0x4704911512d87b73:0xf68138bc94628172,"Gniezno, Greater Poland Voivodeship, Poland",CITY,2026-03-11T14:36:54.962994+00:00,20,G:JIXcxjVAyiE,FIKU MIKU,Bungee,6119,https://www.youtube.com/watch?v=I0ESn6cL_8Q,18
0x4704ed938eb71145:0xb7b1c1f94d742c50,"Greater Poland Voivodeship, Poland",SUBCOUNTRY,2026-03-11T14:10:02.067642+00:00,20,G:JIXcxjVAyiE,FIKU MIKU,Bungee,198582,https://www.youtube.com/watch?v=I0ESn6cL_8Q,18
0x47059826914dc4d3:0x1b48d36e91c7a321,"Leszno, Greater Poland Voivodeship, Poland",CITY,2026-03-11T14:40:07.282219+00:00,19,G:uzP44zv6uZE,och i ach,Sylwia Grzeszczak,2791,https://www.youtube.com/watch?v=Uho7xyVcG5c,8
0x4705f419786aeb81:0xdece0165881545a5,"Glogow, Lower Silesian Voivodeship, Poland",CITY,2026-03-11T14:36:57.203789+00:00,20,G:npb1IloocwY,kyoto,"Kuban, Favst, Zalia",1821,https://www.youtube.com/watch?v=wWvQNGPXmnc,30
0x470613d95c7424c9:0xd459243a658363d,"Zielona Góra, Lubusz Voivodeship, Poland",CITY,2026-03-11T15:26:22.857114+00:00,20,G:3HNAtuVPufw,Dom Nad Wodą,"Pezet, Auer",10765,https://www.youtube.com/watch?v=vAxJ6J-bk0U,7
0x47065da0f461ed97:0x1020e32ad0ec050,"Lubusz Voivodeship, Poland",SUBCOUNTRY,2026-03-11T14:55:28.435685+00:00,20,G:npb1IloocwY,kyoto,"Kuban, Favst, Zalia",38004,https://www.youtube.com/watch?v=wWvQNGPXmnc,30
0x47071f0a5a4118b7:0x5dd10df3cb5799dd,"Gorzów Wielkopolski, Lubusz Voivodeship, Poland",CITY,2026-03-11T14:36:58.841454+00:00,17,G:3HNAtuVPufw,Dom Nad Wodą,"Pezet, Auer",13284,https://www.youtube.com/watch?v=vAxJ6J-bk0U,7
0x4709352cd59dc255:0x400af0f66152270,"Jablonec nad Nisou, Liberec Region, Czechia",CITY,2026-03-11T14:39:06.538792+00:00,17,G:UUFOwWcrfUA,NÁS NEZASTAVÍ (feat. Hard Rico),13Many,1023,https://www.youtube.com/watch?v=JStKc63oxaY,35
0x470936999212df43:0x400af0f66155990,"Liberec, Liberec Region, Czechia",CITY,2026-03-11T14:05:02.628233+00:00,20,G:A4hSXHtmt-o,SI JE*LA,Hard Rico,2411,https://www.youtube.com/watch?v=b-LHigM5Lqg,43
0x470937ad776f6dc3:0x100af0f6614a880,"Liberec Region, Czechia",SUBCOUNTRY,2026-03-11T14:40:11.020984+00:00,20,G:7-9vHRELFdk,Vlajka,Ben Cristovao,9161,https://www.youtube.com/watch?v=rEkK84W3b68,15
0x470955b7f465cb9f:0x400af0f661576a0,"Mlada Boleslav, Central Bohemian Region, Czechia",CITY,2026-03-11T14:41:47.564268+00:00,18,G:8YMz7MX7PlA,Letná,"Rohony, Manene",1281,https://www.youtube.com/watch?v=q3kSXfvN1CU,13
0x47096958b2c1e64d:0x400af0f6614de20,"Ceska Lipa, Liberec Region, Czechia",CITY,2026-03-11T14:40:08.938501+00:00,12,G:R8rl9kD3bQc,Vodka není voda,"Lboy Bsc, Dorian, Freez247",1192,https://www.youtube.com/watch?v=N60BR3PW-cc,11
0x470984a714d02511:0x400af0f66160e00,"Ústí nad Labem, Ústí nad Labem Region, Czechia",CITY,2026-03-11T14:51:41.515698+00:00,12,G:Nq5quXbOyjQ,ZACHYCENEJ V PASTI (feat. Lucie Bikarová & Tomáš Botló),Bobby Blaze,3202,https://www.youtube.com/watch?v=b_bRt6PhXD4,4
0x470989a04f88abc9:0x100af0f6614a870,"Ústí nad Labem Region, Czechia",SUBCOUNTRY,2026-03-11T14:04:54.643892+00:00,18,G:0ZnPVCqdOpE,Talk2me,"Sara Rikas, Yzomandias",21362,https://www.youtube.com/watch?v=FgvbXkZtGCQ,7
0x47098e8931327f39:0x400af0f6615fc50,"Teplice, Ústí nad Labem Region, Czechia",CITY,2026-03-11T15:26:08.947070+00:00,17,G:Nq5quXbOyjQ,ZACHYCENEJ V PASTI (feat. Lucie Bikarová & Tomáš Botló),Bobby Blaze,1589,https://www.youtube.com/watch?v=b_bRt6PhXD4,4
0x47099fa8fb88ce13:0x400af0f6614eed0,"Děčín, Ústí nad Labem Region, Czechia",CITY,2026-03-11T15:25:21.233430+00:00,18,G:0ZnPVCqdOpE,Talk2me,"Sara Rikas, Yzomandias",1503,https://www.youtube.com/watch?v=FgvbXkZtGCQ,7
0x4709cf29101ad6a9:0x421b1cb4288feb0,"Dresden, Saxony, Germany",CITY,2026-03-11T15:25:28.813347+00:00,20,G:8ZQSxgWaFmA,Thank You (Not So Bad),"Dimitri Vegas & Like Mike, Tiësto, Dido, W&W",13314,https://www.youtube.com/watch?v=fQWNeIiFf_s,3
0x4709de729bae4247:0x121b1cb428879b0,"Saxony, Germany",SUBCOUNTRY,2026-03-11T14:55:55.463797+00:00,18,G:KA_7x5xv4v8,tau mich auf,Zartmann,66875,https://www.youtube.com/watch?v=M0_z5WmMV-c,7
0x470a1b0fa8ba72c7:0x5bacbc1a9ba5d888,"Chomutov, Ústí nad Labem Region, Czechia",CITY,2026-03-11T15:25:05.969653+00:00,18,G:yrHPLRULhd4,KSN,"Yzomandias, P T K",1492,https://www.youtube.com/watch?v=ONDwh8M3OyI,2
0x470a1f9bdefaee05:0x400af0f66157c50,"Most, Ústí nad Labem Region, Czechia",CITY,2026-03-11T14:42:09.569115+00:00,17,G:77QfdGgQ1tg,Bouřka,Lboy Bsc,2561,https://www.youtube.com/watch?v=cC48zOWj3Qc,3
0x470abf4bb3db6569:0x100af0f6614a850,"Plzeň Region, Czechia",SUBCOUNTRY,2026-03-11T14:55:42.518939+00:00,20,G:A8J6GTLyS0o,Písnička (feat. Pokáč),Pavel Callta,12254,https://www.youtube.com/watch?v=VMt0LBvHPI8,8
0x470af1e5133d11b7:0x31b9406e3fc10b83,"Plzeň, Plzeň Region, Czechia",CITY,2026-03-11T14:05:02.844967+00:00,19,G:7-9vHRELFdk,Vlajka,Ben Cristovao,4302,https://www.youtube.com/watch?v=rEkK84W3b68,15
0x470b35f5345636ff:0x535c50ff8e700220,"Strakonice, South Bohemian Region, Czechia",CITY,2026-03-11T14:56:00.510435+00:00,19,G:Sa6lB1ekEVU,Usínáš,František Zeman,680,https://www.youtube.com/watch?v=7sbO_xPP85o,1
0x470b4ff36511c063:0x1a52a1a5ac4980f0,"Pisek, South Bohemian Region, Czechia",CITY,2026-03-11T14:55:53.113762+00:00,11,G:8YMz7MX7PlA,Letná,"Rohony, Manene",1005,https://www.youtube.com/watch?v=q3kSXfvN1CU,13
0x470b939c0970798b:0x100af0f6614a820,"Prague, Czechia",SUBCOUNTRY,2026-03-11T14:04:59.781148+00:00,15,G:bVP1OPtt8-Y,Valčík,Neny,172346,https://www.youtube.com/watch?v=VnTYvicUy-w,2
0x470b939c0970798b:0x400af0f66164090,"Prague, Czechia",CITY,2026-03-11T14:04:38.703862+00:00,15,G:bVP1OPtt8-Y,Valčík,Neny,171886,https://www.youtube.com/watch?v=VnTYvicUy-w,2
0x470b939c0e8ff2a3:0x100af0f6614a830,"Central Bohemian Region, Czechia",SUBCOUNTRY,2026-03-11T14:04:54.297697+00:00,14,G:8YMz7MX7PlA,Letná,"Rohony, Manene",36967,https://www.youtube.com/watch?v=q3kSXfvN1CU,13
0x470b948fd7dd8243:0xf8661c75d3db586f,Czechia,COUNTRY,2026-03-11T15:23:39.052383+00:00,16,G:UUFOwWcrfUA,NÁS NEZASTAVÍ (feat. Hard Rico),13Many,443225,https://www.youtube.com/watch?v=JStKc63oxaY,35
0x470bb7ddc23dfbb9:0x5ccaa394a3a81b2a,"Kladno, Central Bohemian Region, Czechia",CITY,2026-03-11T14:39:31.768378+00:00,18,G:7-9vHRELFdk,Vlajka,Ben Cristovao,1924,https://www.youtube.com/watch?v=rEkK84W3b68,15
0x470c2b3eab397049:0x3665cf363be33a52,"Hradec Kralove, Hradec Králové Region, Czechia",CITY,2026-03-11T14:38:17.757714+00:00,16,G:iXl_PJy1ASk,Svaz českých bohémů,Wohnout,2497,https://www.youtube.com/watch?v=EpJV6ZCo84c,12
0x470c98030e478abb:0x400af0f6615fa00,"Tabor, South Bohemian Region, Czechia",CITY,2026-03-11T14:55:53.224403+00:00,18,G:jV2oDb0_4qA,Na ostrzu,Ewa Farna,748,https://www.youtube.com/watch?v=V2V9kJ-DRr4,4
0x470d0aab7e892409:0x400af0f661636d0,"Žďár nad Sázavou, Vysočina Region, Czechia",CITY,2026-03-11T14:56:12.543171+00:00,16,G:qz0ekrOd1KU,Každou vteřinou,Poetika,673,https://www.youtube.com/watch?v=huN38WCOm_8,3
0x470d10f0dc19fd55:0x100af0f6614a8b0,"Vysočina Region, Czechia",SUBCOUNTRY,2026-03-11T14:56:02.567053+00:00,17,G:hnVSDtYFTIo,Proč pocit mám,Harlej,15020,https://www.youtube.com/watch?v=hXL5lIE2TFc,1
0x470d1a433857ab8f:0x400af0f66152a00,"Jihlava, Vysočina Region, Czechia",CITY,2026-03-11T14:39:13.302657+00:00,19,G:qz0ekrOd1KU,Každou vteřinou,Poetika,1225,https://www.youtube.com/watch?v=huN38WCOm_8,3
0x470d423a08e99433:0x400af0f661600c0,"Třebíč, Vysočina Region, Czechia",CITY,2026-03-11T14:56:07.643605+00:00,19,G:jV2oDb0_4qA,Na ostrzu,Ewa Farna,1040,https://www.youtube.com/watch?v=V2V9kJ-DRr4,4
0x470dc008cd624169:0x100af0f6614a8a0,"Pardubice Region, Czechia",SUBCOUNTRY,2026-03-11T14:45:30.164815+00:00,17,G:iXl_PJy1ASk,Svaz českých bohémů,Wohnout,11342,https://www.youtube.com/watch?v=EpJV6ZCo84c,12
0x470dc94b239307b5:0x12d59894ccf624ae,"Pardubice, Pardubice Region, Czechia",CITY,2026-03-11T14:45:20.922201+00:00,17,G:f1YzjimZ4W8,HIP THRUST,Yzomandias,2533,https://www.youtube.com/watch?v=cIePO3ccFW8,9
0x470dc9f57d62f68d:0x400af0f6614e7d0,"Chrudim, Pardubice Region, Czechia",CITY,2026-03-11T14:45:19.236659+00:00,16,G:CjyejfgNVzg,NEPO,"Mat213, Franta Prachař, Anna Mercedes",798,https://www.youtube.com/watch?v=RHvFAZARDxs,1
0x470e4d36a731e551:0x7c72a14dac6c836e,"Świdnica, Lower Silesian Voivodeship, Poland",CITY,2026-03-11T14:50:44.282722+00:00,16,G:npb1IloocwY,kyoto,"Kuban, Favst, Zalia",1633,https://www.youtube.com/watch?v=wWvQNGPXmnc,30
0x470e56ac73618d49:0xfed922a43f3db50b,"Wałbrzych, Lower Silesian Voivodeship, Poland",CITY,2026-03-11T14:52:13.777341+00:00,20,G:npb1IloocwY,kyoto,"Kuban, Favst, Zalia",2815,https://www.youtube.com/watch?v=wWvQNGPXmnc,30
0x470e860d71f9fa31:0x100af0f6614a890,"Hradec Králové Region, Czechia",SUBCOUNTRY,2026-03-11T14:38:59.072221+00:00,17,G:iXl_PJy1ASk,Svaz českých bohémů,Wohnout,12024,https://www.youtube.com/watch?v=EpJV6ZCo84c,12
0x470e8b5eca94c10f:0x400af0f66160550,"Trutnov, Hradec Králové Region, Czechia",CITY,2026-03-11T14:38:07.991366+00:00,9,G:UUFOwWcrfUA,NÁS NEZASTAVÍ (feat. Hard Rico),13Many,1037,https://www.youtube.com/watch?v=JStKc63oxaY,35
0x470ede3bb9f54cd9:0xc158d47122acfbc,"Jelenia Góra, Lower Silesian Voivodeship, Poland",CITY,2026-03-11T14:39:11.590452+00:00,17,G:k_Ux5c-HBcY,DOMEK W GÓRACH (feat. Ola Kędra),Wrzecion,12162,https://www.youtube.com/watch?v=yxEuNBZ4pwM,1
0x470f1285124037c1:0x438e15212088e6a2,"Legnica, Lower Silesian Voivodeship, Poland",CITY,2026-03-11T14:40:03.515064+00:00,18,G:npb1IloocwY,kyoto,"Kuban, Favst, Zalia",4416,https://www.youtube.com/watch?v=wWvQNGPXmnc,30
0x470faa22b29843f1:0x1020e32ad0ec020,"Lower Silesian Voivodeship, Poland",SUBCOUNTRY,2026-03-11T14:09:58.307718+00:00,20,G:-NIg8vQ5OTI,AUTOBANA,"Bungee, Skolim, CrackHouse",252274,https://www.youtube.com/watch?v=qHZAp6ANIvY,28
0x470fe9c2d4b58abf:0xb70956aec205e0f5,"Wrocław, Lower Silesian Voivodeship, Poland",CITY,2026-03-11T14:09:58.256452+00:00,20,G:-NIg8vQ5OTI,AUTOBANA,"Bungee, Skolim, CrackHouse",206694,https://www.youtube.com/watch?v=qHZAp6ANIvY,28
0x47105306456db34b:0x25c66487400c346e,"Opole, Opole Voivodeship, Poland",CITY,2026-03-11T14:44:55.713521+00:00,20,G:3HNAtuVPufw,Dom Nad Wodą,"Pezet, Auer",8427,https://www.youtube.com/watch?v=vAxJ6J-bk0U,7
0x4710b5c54e2ca8af:0x854f0d4d1a178236,"Częstochowa, Silesian Voivodeship, Poland",CITY,2026-03-11T15:25:17.831666+00:00,19,G:npb1IloocwY,kyoto,"Kuban, Favst, Zalia",19656,https://www.youtube.com/watch?v=wWvQNGPXmnc,30
0x47111138b68d5aad:0xb7b47699bc9c8a5d,"Kędzierzyn-Koźle, Opole Voivodeship, Poland",CITY,2026-03-11T14:39:22.270145+00:00,16,G:npb1IloocwY,kyoto,"Kuban, Favst, Zalia",1349,https://www.youtube.com/watch?v=wWvQNGPXmnc,30
0x471129ee71a16e17:0xd069d15a6f1c3f94,"Tarnowskie Góry, Silesian Voivodeship, Poland",CITY,2026-03-11T15:26:06.492943+00:00,14,G:npb1IloocwY,kyoto,"Kuban, Favst, Zalia",1980,https://www.youtube.com/watch?v=wWvQNGPXmnc,30
0x47112cec67fe9f4b:0x15441c90c4a37c96,"Bytom, Silesian Voivodeship, Poland",CITY,2026-03-11T14:34:50.433765+00:00,20,G:npb1IloocwY,kyoto,"Kuban, Favst, Zalia",4587,https://www.youtube.com/watch?v=wWvQNGPXmnc,30
0x471130606c66b15f:0x9bbca89f06cbea11,"Gliwice, Silesian Voivodeship, Poland",CITY,2026-03-11T14:36:54.366394+00:00,16,G:npb1IloocwY,kyoto,"Kuban, Favst, Zalia",6808,https://www.youtube.com/watch?v=wWvQNGPXmnc,30
0x4711327687773cb9:0xc9512bd611a6f0f3,"Zabrze, Silesian Voivodeship, Poland",CITY,2026-03-11T15:26:20.190780+00:00,17,G:xNDDRJjGmoE,KAMIKAZE,"Mata, Skolim, Khaid",5380,https://www.youtube.com/watch?v=gBtbTl8r18U,84
0x471142a00b5a9681:0x58b0ab0b3bb7cc74,"Raciborz, Silesian Voivodeship, Poland",CITY,2026-03-11T15:25:47.755166+00:00,19,G:uzP44zv6uZE,och i ach,Sylwia Grzeszczak,1837,https://www.youtube.com/watch?v=Uho7xyVcG5c,8
0x471148d6419d8e49:0xc26d40f9f9b53851,"Rybnik, Silesian Voivodeship, Poland",CITY,2026-03-11T15:25:58.017781+00:00,19,G:npb1IloocwY,kyoto,"Kuban, Favst, Zalia",5771,https://www.youtube.com/watch?v=wWvQNGPXmnc,30
0x47114cd5093f3107:0xedcc49a9a04a3c10,"Żory, Silesian Voivodeship, Poland",CITY,2026-03-11T15:26:24.169555+00:00,17,G:xNDDRJjGmoE,KAMIKAZE,"Mata, Skolim, Khaid",2927,https://www.youtube.com/watch?v=gBtbTl8r18U,84
0x4711504c6fe4baf3:0xfc973881bdb37329,"Wodzislaw Slaski, Silesian Voivodeship, Poland",CITY,2026-03-11T15:26:17.861479+00:00,17,G:npb1IloocwY,kyoto,"Kuban, Favst, Zalia",1769,https://www.youtube.com/watch?v=wWvQNGPXmnc,30
0x4711554fcf996097:0x75e26e2d0dc6f455,"Karvina, Moravian-Silesian Region, Czechia",CITY,2026-03-11T14:39:19.100532+00:00,10,G:R8rl9kD3bQc,Vodka není voda,"Lboy Bsc, Dorian, Freez247",2047,https://www.youtube.com/watch?v=N60BR3PW-cc,11
0x4711586a3124e79d:0x891973fb9f9e9144,"Ostrava, Moravian-Silesian Region, Czechia",CITY,2026-03-11T14:04:57.908562+00:00,19,G:GDrlrBq2s3c,Dilema,Ektor,16311,https://www.youtube.com/watch?v=tvkPj1QfpdQ,4
0x4711adf48563d0f1:0x1017cadc5e4c090,"Opole Voivodeship, Poland",SUBCOUNTRY,2026-03-11T14:45:03.115596+00:00,19,G:-NIg8vQ5OTI,AUTOBANA,"Bungee, Skolim, CrackHouse",22662,https://www.youtube.com/watch?v=qHZAp6ANIvY,28
0x47121a59d8825cbb:0x47d4bff1e5f9e48f,"Šumperk, Olomouc Region, Czechia",CITY,2026-03-11T14:44:42.517242+00:00,18,G:f1YzjimZ4W8,HIP THRUST,Yzomandias,645,https://www.youtube.com/watch?v=cIePO3ccFW8,9
0x47123aa321072149:0x100af0f6614a8d0,"Olomouc Region, Czechia",SUBCOUNTRY,2026-03-11T14:04:56.081972+00:00,20,G:A8J6GTLyS0o,Písnička (feat. Pokáč),Pavel Callta,15120,https://www.youtube.com/watch?v=VMt0LBvHPI8,8
0x47124e8311181853:0x400af0f66159470,"Olomouc, Olomouc Region, Czechia",CITY,2026-03-11T14:05:01.401574+00:00,15,G:UUFOwWcrfUA,NÁS NEZASTAVÍ (feat. Hard Rico),13Many,4989,https://www.youtube.com/watch?v=JStKc63oxaY,35
0x4712574453d393c7:0xf2ad99127b41fba2,"Prostějov, Olomouc Region, Czechia",CITY,2026-03-11T14:44:40.734394+00:00,17,G:7-9vHRELFdk,Vlajka,Ben Cristovao,1448,https://www.youtube.com/watch?v=rEkK84W3b68,15
0x4712943ac03f5111:0x400af0f6614b1b0,"Brno, South Moravian Region, Czechia",CITY,2026-03-11T14:04:50.325206+00:00,16,G:UUFOwWcrfUA,NÁS NEZASTAVÍ (feat. Hard Rico),13Many,22952,https://www.youtube.com/watch?v=JStKc63oxaY,35
0x4712bfb85ca00b8d:0x100af0f6614a8c0,"South Moravian Region, Czechia",SUBCOUNTRY,2026-03-11T14:04:41.351485+00:00,19,G:UUFOwWcrfUA,NÁS NEZASTAVÍ (feat. Hard Rico),13Many,38699,https://www.youtube.com/watch?v=JStKc63oxaY,35
0x4713067bb22df771:0x400af0f66154aa0,"Kroměříž, Zlín Region, Czechia",CITY,2026-03-11T15:26:23.467513+00:00,19,G:w4riji1N6NQ,Mi Vida (feat. El 3Mendo & Aaron Paris),Dj Samuel Kimkò,712,https://www.youtube.com/watch?v=Apc3NwWyS_o,1
0x47130cad4c888e0d:0x418d4c16a8ac214f,"Zlín, Zlín Region, Czechia",CITY,2026-03-11T15:26:23.560407+00:00,17,G:4866NYW1t5I,Zatancuj si so mnou,Adam Ďurica,1832,https://www.youtube.com/watch?v=iV0zyVUwoD4,3
0x4713143a80b3d41f:0xebc5b3536f783e33,"Uherské Hradiště, Zlín Region, Czechia",CITY,2026-03-11T15:26:23.989263+00:00,17,G:hzbS6sV7kOg,Miluju tě (Live) (feat. Jiří Pavlica & Hradišťan),Jelen,469,https://www.youtube.com/watch?v=l_1xi_znRak,1
0x4713715fd4b0602d:0x100af0f6614a8e0,"Zlín Region, Czechia",SUBCOUNTRY,2026-03-11T15:26:23.252109+00:00,20,G:4866NYW1t5I,Zatancuj si so mnou,Adam Ďurica,11436,https://www.youtube.com/watch?v=iV0zyVUwoD4,3
0x4713835bf872d659:0x80864ba9e920ddf1,"Vsetin, Zlín Region, Czechia",CITY,2026-03-11T15:26:23.499211+00:00,19,G:A8J6GTLyS0o,Písnička (feat. Pokáč),Pavel Callta,708,https://www.youtube.com/watch?v=VMt0LBvHPI8,8
0x471390c2915421bd:0x400af0f66161010,"Valasske Mezirici, Zlín Region, Czechia",CITY,2026-03-11T15:26:23.676055+00:00,16,G:UUFOwWcrfUA,NÁS NEZASTAVÍ (feat. Hard Rico),13Many,756,https://www.youtube.com/watch?v=JStKc63oxaY,35
0x4713ac2e1c81c2b9:0x400af0f6615b620,"Přerov, Olomouc Region, Czechia",CITY,2026-03-11T14:44:43.083043+00:00,9,G:UUFOwWcrfUA,NÁS NEZASTAVÍ (feat. Hard Rico),13Many,1046,https://www.youtube.com/watch?v=JStKc63oxaY,35
0x4713d8133986c09b:0x14d1ff3baef837bf,"Opava, Moravian-Silesian Region, Czechia",CITY,2026-03-11T14:44:54.056731+00:00,20,G:4866NYW1t5I,Zatancuj si so mnou,Adam Ďurica,1675,https://www.youtube.com/watch?v=iV0zyVUwoD4,3
0x4713de86673f43db:0x100af0f6614a8f0,"Moravian-Silesian Region, Czechia",SUBCOUNTRY,2026-03-11T14:04:42.969500+00:00,5,G:UUFOwWcrfUA,NÁS NEZASTAVÍ (feat. Hard Rico),13Many,65331,https://www.youtube.com/watch?v=JStKc63oxaY,35
0x4713f725179c0af5:0x400af0f66150440,"Frýdek-Místek, Moravian-Silesian Region, Czechia",CITY,2026-03-11T14:36:40.888987+00:00,19,G:c7gfWxX5ikQ,Sunset,"Separ, JL Beats, P T K",1884,https://www.youtube.com/watch?v=gP9_GYsHMjk,33
0x4713fed1a555183d:0x400af0f661507b0,"Havířov, Moravian-Silesian Region, Czechia",CITY,2026-03-11T14:37:46.616711+00:00,18,G:R8rl9kD3bQc,Vodka není voda,"Lboy Bsc, Dorian, Freez247",1979,https://www.youtube.com/watch?v=N60BR3PW-cc,11
0x47145ea4e72cf5bd:0xe9a4e40ac6c36a0a,"Žilina, Žilina Region, Slovakia",CITY,2026-03-11T15:26:23.056710+00:00,18,G:jvSOXJ6ix94,"Miro Jaroš - POZOR, ZÁKRUTA! (Oficiálny videoklip)",Miro Jaroš,2481,https://www.youtube.com/watch?v=9Fa2WX2Uo3g,5
0x471460b9ae7cc67f:0xcd6b6167b1723a7d,Slovakia,COUNTRY,2026-03-11T14:53:42.495910+00:00,17,G:nJPAXnOTLWA,Body to body,"Separ, French Montana, Peter Pann",203386,https://www.youtube.com/watch?v=ICYZFSW_eic,4
0x47148be8d8bc5bfb:0x400f7d1c69719b0,"Považská Bystrica, Trenčín Region, Slovakia",CITY,2026-03-11T14:47:49.093248+00:00,16,G:2uZL_JqwD9w,Dokola,Alan Murin,1318,https://www.youtube.com/watch?v=HTCfkMtvSeU,2
0x4714a2221be02575:0x400f7d1c696f680,"Trenčín, Trenčín Region, Slovakia",CITY,2026-03-11T15:26:14.513844+00:00,20,G:sKCiGEDsP0Y,Balon,Miro Jaroš,1713,https://www.youtube.com/watch?v=NAuqYNA43uc,1
0x4714a26e79ef1ed3:0x100f7d1c6978c20,"Trenčín Region, Slovakia",SUBCOUNTRY,2026-03-11T15:26:14.825027+00:00,18,G:wFjhrJmot9c,Pre vás hrám,"Kali, Karol Duchoň, Peter Pann",12673,https://www.youtube.com/watch?v=vw1V0MEB50k,5
0x4714b54648eb3ca3:0x400f7d1c696f2a0,"Topoľčany, Nitra Region, Slovakia",CITY,2026-03-11T14:43:56.888295+00:00,15,G:nJPAXnOTLWA,Body to body,"Separ, French Montana, Peter Pann",854,https://www.youtube.com/watch?v=ICYZFSW_eic,4
0x4714dc687610399d:0x400f7d1c6971cb0,"Prievidza, Trenčín Region, Slovakia",CITY,2026-03-11T14:48:31.141646+00:00,18,G:wFjhrJmot9c,Pre vás hrám,"Kali, Karol Duchoň, Peter Pann",1016,https://www.youtube.com/watch?v=vw1V0MEB50k,5
0x4714f8d963294f8f:0x400f7d1c6971580,"Martin, Žilina Region, Slovakia",CITY,2026-03-11T14:41:16.373757+00:00,15,G:wFjhrJmot9c,Pre vás hrám,"Kali, Karol Duchoň, Peter Pann",2200,https://www.youtube.com/watch?v=vw1V0MEB50k,5
0x4715081ae1aabb6f:0x400f7d1c6971010,"Ružomberok, Žilina Region, Slovakia",CITY,2026-03-11T15:26:22.909862+00:00,11,G:TkVFk6Uh7ok,Zub za zub,"Separ, Raphael",902,https://www.youtube.com/watch?v=xY8noigRlMc,11
0x47153818db5e31bf:0x80546e03125e003,"Zvolen, Banská Bystrica Region, Slovakia",CITY,2026-03-11T14:32:42.286689+00:00,15,G:_43eW5nt-SU,Cigansky ohen,Vanesa Horáková,1402,https://www.youtube.com/watch?v=_3fl8H1qr48,15
0x47153de36e8ad42f:0xf8223f8a0b8b9032,"Banská Bystrica, Banská Bystrica Region, Slovakia",CITY,2026-03-11T14:32:46.752219+00:00,19,G:TkVFk6Uh7ok,Zub za zub,"Separ, Raphael",2635,https://www.youtube.com/watch?v=xY8noigRlMc,11
0x471550b14bef6b1b:0x100f7d1c6978c10,"Banská Bystrica Region, Slovakia",SUBCOUNTRY,2026-03-11T14:32:49.131609+00:00,12,G:iWvbwtpm8Yw,KURKENTSA,PIPPI,20378,https://www.youtube.com/watch?v=OoV6PuRDmes,7
0x47159932417f49dd:0x58f41470f44744e3,"Liptovský Mikuláš, Žilina Region, Slovakia",CITY,2026-03-11T15:26:22.911198+00:00,14,G:wFjhrJmot9c,Pre vás hrám,"Kali, Karol Duchoň, Peter Pann",926,https://www.youtube.com/watch?v=vw1V0MEB50k,5
0x4715ac38844ad321:0x100f7d1c6978be0,"Žilina Region, Slovakia",SUBCOUNTRY,2026-03-11T15:26:22.357036+00:00,19,G:KY-4vaNxaPw,Miro Jaroš - ŠAMPIÓN (Oficiálny videoklip),Miro Jaroš,17750,https://www.youtube.com/watch?v=cQv1eniCymo,3
0x4716165f7317ed5d:0x1017cadc5e4c070,"Lesser Poland Voivodeship, Poland",SUBCOUNTRY,2026-03-11T14:10:00.862577+00:00,20,G:RQxCbHBz9io,PUPAJEJ,eXy,139437,https://www.youtube.com/watch?v=mbbBrpDihXw,31
0x471644c0354e18d1:0xb46bb6b576478abf,"Kraków, Lesser Poland Voivodeship, Poland",CITY,2026-03-11T14:10:05.496795+00:00,14,G:RQxCbHBz9io,PUPAJEJ,eXy,91312,https://www.youtube.com/watch?v=mbbBrpDihXw,31
0x471694e04f384c31:0x1e1c6b2131976ebd,"Oświęcim, Lesser Poland Voivodeship, Poland",CITY,2026-03-11T14:45:02.235770+00:00,20,G:L1UIDb40b7E,SKOLIM - Życie Jest Jedno 2025,Skolim,2044,https://www.youtube.com/watch?v=ytTMiCGBZiQ,16
0x47169f63dd80507b:0x6811f587fa4fe3a7,"Bielsko-Biala, Silesian Voivodeship, Poland",CITY,2026-03-11T14:33:15.132933+00:00,19,G:npb1IloocwY,kyoto,"Kuban, Favst, Zalia",7159,https://www.youtube.com/watch?v=wWvQNGPXmnc,30
0x4716c280d607cca1:0xe0bf75d070d5e1d5,"Jaworzno, Silesian Voivodeship, Poland",CITY,2026-03-11T14:39:11.559477+00:00,20,G:uzP44zv6uZE,och i ach,Sylwia Grzeszczak,2819,https://www.youtube.com/watch?v=Uho7xyVcG5c,8
0x4716c45eb25a2a0d:0x5b32f6a8cbb58ed,"Mysłowice, Silesian Voivodeship, Poland",CITY,2026-03-11T14:42:29.451240+00:00,18,G:xNDDRJjGmoE,KAMIKAZE,"Mata, Skolim, Khaid",2539,https://www.youtube.com/watch?v=gBtbTl8r18U,84
0x4716c7e202408281:0xda564472a0b326a1,"Tychy, Silesian Voivodeship, Poland",CITY,2026-03-11T14:51:33.381207+00:00,18,G:npb1IloocwY,kyoto,"Kuban, Favst, Zalia",4199,https://www.youtube.com/watch?v=wWvQNGPXmnc,30
0x4716cd24589e39b5:0xeb0357f65372cf8f,"Ruda Śląska, Silesian Voivodeship, Poland",CITY,2026-03-11T15:25:57.440014+00:00,19,G:L1UIDb40b7E,SKOLIM - Życie Jest Jedno 2025,Skolim,4430,https://www.youtube.com/watch?v=ytTMiCGBZiQ,16
0x4716cd61c275c9df:0x9adfed7481a42c64,"Świętochłowice, Silesian Voivodeship, Poland",CITY,2026-03-11T14:50:37.658520+00:00,18,G:HCqP-8ZJ0ns,Bailando (Lose Control Remix),"Bajorson, Dawid Obserwator, Dj Killer, David Tango",1115,https://www.youtube.com/watch?v=jTtrwPzEm7g,15
0x4716cd85dbacf809:0xa9a0223a58c2dc7b,"Chorzów, Silesian Voivodeship, Poland",CITY,2026-03-11T15:25:06.163668+00:00,19,G:-NIg8vQ5OTI,AUTOBANA,"Bungee, Skolim, CrackHouse",3420,https://www.youtube.com/watch?v=qHZAp6ANIvY,28
0x4716ce2336a1ccd1:0xb9af2a350559fabb,"Katowice, Silesian Voivodeship, Poland",CITY,2026-03-11T14:09:54.147492+00:00,19,G:3HNAtuVPufw,Dom Nad Wodą,"Pezet, Auer",182263,https://www.youtube.com/watch?v=vAxJ6J-bk0U,7
0x4716ce5b8d29fe23:0xb0fe2f8aa0562457,"Silesian Voivodeship, Poland",SUBCOUNTRY,2026-03-11T14:09:55.945777+00:00,16,G:RQxCbHBz9io,PUPAJEJ,eXy,368806,https://www.youtube.com/watch?v=mbbBrpDihXw,31
0x4716d1856b6e7147:0xce181eb69a74764c,"Siemianowice Śląskie, Silesian Voivodeship, Poland",CITY,2026-03-11T15:24:25.568919+00:00,11,G:xNDDRJjGmoE,KAMIKAZE,"Mata, Skolim, Khaid",2305,https://www.youtube.com/watch?v=gBtbTl8r18U,84
0x4716d483074c27ab:0xd2a7eac9adfe9e31,"Piekary Śląskie, Silesian Voivodeship, Poland",CITY,2026-03-11T15:24:26.001565+00:00,13,G:prsk2iQLob8,Kamień z serca,"Bedoes 2115, Kubi Producent",1542,https://www.youtube.com/watch?v=WFCr2UrLOV8,1
0x4716da99feda4b29:0xcb6c2aa12b6507db,"Sosnowiec, Silesian Voivodeship, Poland",CITY,2026-03-11T14:49:51.131483+00:00,17,G:xNDDRJjGmoE,KAMIKAZE,"Mata, Skolim, Khaid",8369,https://www.youtube.com/watch?v=gBtbTl8r18U,84
0x4716dc05cc604973:0xfbfdbb9e78f8a48c,"Dąbrowa Górnicza, Silesian Voivodeship, Poland",CITY,2026-03-11T15:25:18.211261+00:00,18,G:xNDDRJjGmoE,KAMIKAZE,"Mata, Skolim, Khaid",4142,https://www.youtube.com/watch?v=gBtbTl8r18U,84
0x47178818af891105:0x5025d8b8c0cdcdf3,"Kielce, Świętokrzyskie Voivodeship, Poland",CITY,2026-03-11T14:20:20.988395+00:00,18,G:Vje7sr-nLso,Zaczaruje Świat (Live),Polo Vibes,19594,https://www.youtube.com/watch?v=P_Ca75MW3iI,7
0x4717f4b5edc803cd:0x1017cadc5e4c0e0,"Świętokrzyskie Voivodeship, Poland",SUBCOUNTRY,2026-03-11T14:20:21.488389+00:00,17,G:Vje7sr-nLso,Zaczaruje Świat (Live),Polo Vibes,43648,https://www.youtube.com/watch?v=P_Ca75MW3iI,7
0x4718142991998103:0xd060229300b403f2,"Starachowice, Świętokrzyskie Voivodeship, Poland",CITY,2026-03-11T14:20:19.386403+00:00,12,G:Vje7sr-nLso,Zaczaruje Świat (Live),Polo Vibes,2204,https://www.youtube.com/watch?v=P_Ca75MW3iI,7
0x4718592aa02cdbc7:0xe530d6c89ff4d21b,"Radom, Masovian Voivodeship, Poland",CITY,2026-03-11T15:25:47.122056+00:00,16,G:JJ-zKl7UxgY,IBIZA,"Spontan, Majki, Cypis, Roxaok",38750,https://www.youtube.com/watch?v=NJjkyNNvIpY,1
0x4719358e99d00f77:0xb98b49a2cab7cfaf,"Pruszków, Masovian Voivodeship, Poland",CITY,2026-03-11T15:25:44.896692+00:00,19,G:VHxPECEdtrI,Anda-sanda,Era,2217,https://www.youtube.com/watch?v=XGTsgGzaXfE,4
0x471960563ba116f9:0x7928f5df207f9c10,"Skierniewice, Łódź Voivodeship, Poland",CITY,2026-03-11T14:40:15.487869+00:00,20,G:JIXcxjVAyiE,FIKU MIKU,Bungee,1883,https://www.youtube.com/watch?v=I0ESn6cL_8Q,18
0x47198a8ddd272a65:0x5ddd057f29a87cce,"Piotrków Trybunalski, Łódź Voivodeship, Poland",CITY,2026-03-11T14:40:18.421808+00:00,19,G:HCqP-8ZJ0ns,Bailando (Lose Control Remix),"Bajorson, Dawid Obserwator, Dj Killer, David Tango",2022,https://www.youtube.com/watch?v=jTtrwPzEm7g,15
0x47199ace686e42e7:0x3654aeb30e960054,"Tomaszów Mazowiecki, Łódź Voivodeship, Poland",CITY,2026-03-11T14:40:18.288857+00:00,20,G:HCqP-8ZJ0ns,Bailando (Lose Control Remix),"Bajorson, Dawid Obserwator, Dj Killer, David Tango",1521,https://www.youtube.com/watch?v=jTtrwPzEm7g,15
0x471a19dfaf35b0b7:0xed7ca3b86cb4df1c,"Bełchatów, Łódź Voivodeship, Poland",CITY,2026-03-11T14:32:57.093443+00:00,14,G:Vje7sr-nLso,Zaczaruje Świat (Live),Polo Vibes,2117,https://www.youtube.com/watch?v=P_Ca75MW3iI,7
0x471a37702a7f6b65:0x1605e5a28d1e1746,"Łódź Voivodeship, Poland",SUBCOUNTRY,2026-03-11T14:40:15.419753+00:00,20,G:cIGbdfn3wrs,Róże (feat. CrackHouse),QINGA,132752,https://www.youtube.com/watch?v=eIcFTsuE3ao,22
0x471a5b67c65ccf57:0xa9f457d67590879d,"Zduńska Wola, Łódź Voivodeship, Poland",CITY,2026-03-11T14:40:15.385238+00:00,17,G:npb1IloocwY,kyoto,"Kuban, Favst, Zalia",1954,https://www.youtube.com/watch?v=wWvQNGPXmnc,30
0x471ab5ad9565a3b1:0xb4f7583c67bf1bf7,"Ostrów Wielkopolski, Greater Poland Voivodeship, Poland",CITY,2026-03-11T14:45:03.065591+00:00,19,G:7llLiRsljLQ,Czy Ty wiesz że ja Cię Kocham,Melodies Golden,4657,https://www.youtube.com/watch?v=VbedRHNmF5M,11
0x471ac5913393e6a7:0x719f8f40ae38aad3,"Kalisz, Greater Poland Voivodeship, Poland",CITY,2026-03-11T14:39:15.876373+00:00,20,G:-NIg8vQ5OTI,AUTOBANA,"Bungee, Skolim, CrackHouse",4930,https://www.youtube.com/watch?v=qHZAp6ANIvY,28
0x471b316c0918f8ed:0xc02c3ef81263981a,"Konin, Greater Poland Voivodeship, Poland",CITY,2026-03-11T14:39:35.795597+00:00,18,G:L1UIDb40b7E,SKOLIM - Życie Jest Jedno 2025,Skolim,4388,https://www.youtube.com/watch?v=ytTMiCGBZiQ,16
0x471b9bd6fff54be7:0xac96860f51ab25d3,"Kutno, Łódź Voivodeship, Poland",CITY,2026-03-11T14:39:46.244036+00:00,18,G:Vje7sr-nLso,Zaczaruje Świat (Live),Polo Vibes,1567,https://www.youtube.com/watch?v=P_Ca75MW3iI,7
0x471bcb24754556af:0xcb7cae639b21dbac,"Łódź, Łódź Voivodeship, Poland",CITY,2026-03-11T14:40:14.962564+00:00,20,G:JIXcxjVAyiE,FIKU MIKU,Bungee,91236,https://www.youtube.com/watch?v=I0ESn6cL_8Q,18
0x471c709e6be515d1:0x6c7f8e3c33aea4bf,"Płock, Masovian Voivodeship, Poland",CITY,2026-03-11T14:46:48.886200+00:00,20,G:Vje7sr-nLso,Zaczaruje Świat (Live),Polo Vibes,18671,https://www.youtube.com/watch?v=P_Ca75MW3iI,7
0x471c99749079a05b:0xd5bf96fb32f7f7c1,"Włocławek, Kuyavian-Pomeranian Voivodeship, Poland",CITY,2026-03-11T14:52:35.270063+00:00,19,G:L1UIDb40b7E,SKOLIM - Życie Jest Jedno 2025,Skolim,3602,https://www.youtube.com/watch?v=ytTMiCGBZiQ,16
0x471d1f69f9ed6449:0x4ca88b9b393c0e9c,"Brodnica, Kuyavian-Pomeranian Voivodeship, Poland",CITY,2026-03-11T14:55:28.856342+00:00,16,G:7llLiRsljLQ,Czy Ty wiesz że ja Cię Kocham,Melodies Golden,1726,https://www.youtube.com/watch?v=VbedRHNmF5M,11
0x471e3390b30041f9:0xd031ee40027c535a,"Łomża, Podlaskie Voivodeship, Poland",CITY,2026-03-11T14:20:42.098411+00:00,18,G:HCqP-8ZJ0ns,Bailando (Lose Control Remix),"Bajorson, Dawid Obserwator, Dj Killer, David Tango",1724,https://www.youtube.com/watch?v=jTtrwPzEm7g,15
0x471e417887f7b8e1:0x4b415eab2fa111e,"Ostrołęka, Masovian Voivodeship, Poland",CITY,2026-03-11T14:45:06.028339+00:00,20,G:HCqP-8ZJ0ns,Bailando (Lose Control Remix),"Bajorson, Dawid Obserwator, Dj Killer, David Tango",1913,https://www.youtube.com/watch?v=jTtrwPzEm7g,15
0x471ecc669a869f01:0x72f0be2a88ead3fc,"Warsaw, Masovian Voivodeship, Poland",CITY,2026-03-11T14:09:57.437563+00:00,20,G:cIGbdfn3wrs,Róże (feat. CrackHouse),QINGA,409726,https://www.youtube.com/watch?v=eIcFTsuE3ao,22
0x471ed1800c8bd8f9:0x1029fb79438c080,"Masovian Voivodeship, Poland",SUBCOUNTRY,2026-03-11T14:09:56.249088+00:00,19,G:cIGbdfn3wrs,Róże (feat. CrackHouse),QINGA,544437,https://www.youtube.com/watch?v=eIcFTsuE3ao,22
0x471f5a4df670f065:0x48cc76a09ee72abe,"Siedlce, Masovian Voivodeship, Poland",CITY,2026-03-11T14:49:47.342837+00:00,18,G:HCqP-8ZJ0ns,Bailando (Lose Control Remix),"Bajorson, Dawid Obserwator, Dj Killer, David Tango",4124,https://www.youtube.com/watch?v=jTtrwPzEm7g,15
0x471ffc048f41971d:0x72317dcc8bf07b2c,"Białystok, Podlaskie Voivodeship, Poland",CITY,2026-03-11T14:20:43.912014+00:00,20,G:JIXcxjVAyiE,FIKU MIKU,Bungee,31601,https://www.youtube.com/watch?v=I0ESn6cL_8Q,18
0x47210bf96642892d:0x91f3fda87f4b70f7,"Brest Region, Belarus",SUBCOUNTRY,2026-03-11T14:34:24.020043+00:00,20,G:8V_YySi0X2M,Шёлк,Ваня Дмитриенко,41352,https://www.youtube.com/watch?v=3W9oasdtC1k,6
0x47210c0223630975:0x4d319ea41f64ae99,"Brest, Brest Region, Belarus",CITY,2026-03-11T14:34:15.930250+00:00,20,G:8V_YySi0X2M,Шёлк,Ваня Дмитриенко,30730,https://www.youtube.com/watch?v=3W9oasdtC1k,6
0x472191265ba66957:0x596d837e3d7ee093,"Biała Podlaska, Lublin Voivodeship, Poland",CITY,2026-03-11T14:33:14.761940+00:00,20,G:JIXcxjVAyiE,FIKU MIKU,Bungee,2263,https://www.youtube.com/watch?v=I0ESn6cL_8Q,18
0x4721ff5cc384036b:0x40e8956c97471fc7,"Łuków, Lublin Voivodeship, Poland",CITY,2026-03-11T14:40:21.486559+00:00,17,G:LnH41ru2Bis,Jak Ta LALA,"FRIENDZ, Łobuzy",2076,https://www.youtube.com/watch?v=wfxDHBgYFm0,1
0x472257141e154061:0x5528ee7af6e8e95f,"Lublin, Lublin Voivodeship, Poland",CITY,2026-03-11T14:40:25.278631+00:00,20,G:gtQIXbNj5S4,Adieu (feat. Cypis),"Majki, Major SPZ",56857,https://www.youtube.com/watch?v=RgvB4u5chos,1
0x4722797a7842ef25:0x437ab7e0aef76771,"Puławy, Lublin Voivodeship, Poland",CITY,2026-03-11T14:40:21.676403+00:00,20,G:cIGbdfn3wrs,Róże (feat. CrackHouse),QINGA,1475,https://www.youtube.com/watch?v=eIcFTsuE3ao,22
0x472367adda11d277:0xba00459202f8a580,"Zamość, Lublin Voivodeship, Poland",CITY,2026-03-11T14:40:21.123231+00:00,19,G:HCqP-8ZJ0ns,Bailando (Lose Control Remix),"Bajorson, Dawid Obserwator, Dj Killer, David Tango",4130,https://www.youtube.com/watch?v=jTtrwPzEm7g,15
0x47239a58521ea5df:0x52be7d50d032f9f6,"Chełm, Lublin Voivodeship, Poland",CITY,2026-03-11T15:25:01.163119+00:00,17,G:HCqP-8ZJ0ns,Bailando (Lose Control Remix),"Bajorson, Dawid Obserwator, Dj Killer, David Tango",2624,https://www.youtube.com/watch?v=jTtrwPzEm7g,15
0x4723ad1204d54b2b:0x1017cadc5e4c040,"Lublin Voivodeship, Poland",SUBCOUNTRY,2026-03-11T14:40:23.855128+00:00,18,G:JIXcxjVAyiE,FIKU MIKU,Bungee,100847,https://www.youtube.com/watch?v=I0ESn6cL_8Q,18
0x4724340386398205:0x101068488f64040,"Volyn Oblast, Ukraine",SUBCOUNTRY,2026-03-11T14:56:05.585444+00:00,20,G:46am-E6E1TA,Японія,DOROFEEVA,47036,https://www.youtube.com/watch?v=nnvHQe2HZcQ,17
0x472599eba185965d:0xd25274a2228db86c,"Lutsk, Volyn Oblast, Ukraine",CITY,2026-03-11T14:40:23.190824+00:00,20,G:ugZdWCC3iO8,З якого ти поверху неба?,"Jerry Heil, YARMAK",20200,https://www.youtube.com/watch?v=hLQTq7ai9OU,2
0x472bf114cb88d20b:0x101068488f640a0,"Zhytomyr Oblast, Ukraine",SUBCOUNTRY,2026-03-11T15:26:22.132678+00:00,19,G:LKnheWpY-ZI,"Тук-тук-тук, а серце б'ється","DIANAMusic, MusicLand",46438,https://www.youtube.com/watch?v=YXTwviVK0bM,8
0x472c64a32bfa355d:0xf14ad2a3d9b9e229,"Zhytomyr, Zhytomyr Oblast, Ukraine",CITY,2026-03-11T15:26:22.500130+00:00,20,G:g2LIrE2NFVc,Генгста,Drevo,17959,https://www.youtube.com/watch?v=ES057A0yRjM,2
0x472d5b65195a6489:0xcbd4e159eedd74fe,"Vinnytsia, Vinnytsia Oblast, Ukraine",CITY,2026-03-11T14:52:03.290333+00:00,19,G:46am-E6E1TA,Японія,DOROFEEVA,31845,https://www.youtube.com/watch?v=nnvHQe2HZcQ,17
0x472df92cc05fbab5:0x101068488f64090,"Khmelnytskyi Oblast, Ukraine",SUBCOUNTRY,2026-03-11T14:39:28.612079+00:00,18,G:UY3IuZ9zMo8,Пляшка Фраголіно,Uran Yopa,61151,https://www.youtube.com/watch?v=5nbJrviR4hc,8
0x473036ad4b82ce75:0xc484a447edb154e8,"Ternopil, Ternopil Oblast, Ukraine",CITY,2026-03-11T15:26:08.942059+00:00,20,G:46am-E6E1TA,Японія,DOROFEEVA,35725,https://www.youtube.com/watch?v=nnvHQe2HZcQ,17
0x47304b5bd69ed265:0x101068488f64050,"Ternopil Oblast, Ukraine",SUBCOUNTRY,2026-03-11T15:26:09.057044+00:00,19,G:LKnheWpY-ZI,"Тук-тук-тук, а серце б'ється","DIANAMusic, MusicLand",44789,https://www.youtube.com/watch?v=YXTwviVK0bM,8
0x4730c16c34b0381d:0x97b82c0e1cc85a9f,"Ivano-Frankivsk Oblast, Ukraine",SUBCOUNTRY,2026-03-11T14:39:06.388537+00:00,19,G:LKnheWpY-ZI,"Тук-тук-тук, а серце б'ється","DIANAMusic, MusicLand",65585,https://www.youtube.com/watch?v=YXTwviVK0bM,8
0x4730c16c34b0381d:0xd6d32394e59e41c2,"Ivano-Frankivsk, Ivano-Frankivsk Oblast, Ukraine",CITY,2026-03-11T14:39:01.295533+00:00,19,G:ugZdWCC3iO8,З якого ти поверху неба?,"Jerry Heil, YARMAK",25375,https://www.youtube.com/watch?v=hLQTq7ai9OU,2
0x4732064344bb178b:0xd9f30b3b24d9c964,"Khmelnytskyi, Khmelnytskyi Oblast, Ukraine",CITY,2026-03-11T14:39:27.801345+00:00,20,G:46am-E6E1TA,Японія,DOROFEEVA,30232,https://www.youtube.com/watch?v=nnvHQe2HZcQ,17
0x4734087fe2f6cd05:0xc5b396f659796d7a,"Chernivtsi, Chernivtsi Oblast, Ukraine",CITY,2026-03-11T15:25:02.704535+00:00,19,G:46am-E6E1TA,Японія,DOROFEEVA,19622,https://www.youtube.com/watch?v=nnvHQe2HZcQ,17
0x473408ec4c7e611f:0x2c17670087148fdc,"Chernivtsi Oblast, Ukraine",SUBCOUNTRY,2026-03-11T15:25:02.412035+00:00,19,G:UY3IuZ9zMo8,Пляшка Фраголіно,Uran Yopa,35080,https://www.youtube.com/watch?v=5nbJrviR4hc,8
0x473445f42f9d91ab:0x7845bc2de0362dcb,"Rădăuți, Suceava County, Romania",CITY,2026-03-11T15:24:06.104886+00:00,16,G:yhkAlG6LSuE,Petale,"Irina Rimes, Delia",1237,https://www.youtube.com/watch?v=-sPRHw8LPIU,1
0x473461dd06a600e7:0xef9fe051d63f98aa,"Dorohoi, Botoșani County, Romania",CITY,2026-03-11T14:27:39.335635+00:00,19,G:T5aZMhfPr7k,Baba Vanga (feat. Paula Danca),F.Charm,2252,https://www.youtube.com/watch?v=zPcgb1puM9c,7
0x4734ebd7d24fab11:0x4a7545dfd652f7e6,"Botoșani County, Romania",SUBCOUNTRY,2026-03-11T14:27:35.201146+00:00,20,G:j6kHIae7_M4,Perdoname,"Dani Mocanu, Florin Cercel",21726,https://www.youtube.com/watch?v=vZsfZfRo5yo,18
0x4734ebd7d24fab11:0xfc093f7416c4f8ab,"Botoșani, Botoșani County, Romania",CITY,2026-03-11T14:27:38.309859+00:00,20,G:j6kHIae7_M4,Perdoname,"Dani Mocanu, Florin Cercel",14443,https://www.youtube.com/watch?v=vZsfZfRo5yo,18
0x4734fc1fc6ebe593:0x1ec62d12b9588ddd,"Suceava, Suceava County, Romania",CITY,2026-03-11T15:24:05.092777+00:00,20,G:FqcFItxDYv4,Bipolară,"Denis Ramniceanu, Ministerul Manelelor",17904,https://www.youtube.com/watch?v=ubbqjeBwU7c,2
0x4734ff234de79fd9:0xe4e12af400599f6f,"Suceava County, Romania",SUBCOUNTRY,2026-03-11T15:24:05.887759+00:00,20,G:FqcFItxDYv4,Bipolară,"Denis Ramniceanu, Ministerul Manelelor",34786,https://www.youtube.com/watch?v=ubbqjeBwU7c,2
0x4735109bcbd59147:0x5e98de9d88f35ac8,"Fălticeni, Suceava County, Romania",CITY,2026-03-11T15:24:06.119421+00:00,17,G:bRmPRv4rxtY,7 zile,"Florian Rus, INNA",1357,https://www.youtube.com/watch?v=4hp2P19UqRE,2
0x473533a7a4bb9fd1:0xa6560f0fc089c3c3,"Pașcani, Iași County, Romania",CITY,2026-03-11T14:18:51.205659+00:00,18,G:j6kHIae7_M4,Perdoname,"Dani Mocanu, Florin Cercel",4572,https://www.youtube.com/watch?v=vZsfZfRo5yo,18
0x47355449968fa865:0x2d20a4bd370086f2,"Neamț County, Romania",SUBCOUNTRY,2026-03-11T15:24:24.034123+00:00,18,G:bA8V_CH7wC8,A venit poliția,Theo Rose,24893,https://www.youtube.com/watch?v=BnG6AXPNbco,25
0x47355449968fa865:0x52d3dedb49e2d0b8,"Piatra Neamț, Neamț County, Romania",CITY,2026-03-11T15:24:24.308653+00:00,20,G:bA8V_CH7wC8,A venit poliția,Theo Rose,9960,https://www.youtube.com/watch?v=BnG6AXPNbco,25
0x4735a9214bf47715:0x4be2de569912575,"Gura Humorului, Suceava County, Romania",CITY,2026-03-11T15:24:06.578729+00:00,16,G:jEznEXycQg0,Ce te-ai face tu,Rares,1159,https://www.youtube.com/watch?v=0CCZnNg-bas,41
0x4737bbab9a8fb321:0xd8dbb17f72b9d7f5,"Sighetu Marmației, Maramureș, Romania",CITY,2026-03-11T15:24:11.682096+00:00,16,G:Gsufv29A_KE,Beu Horincă Stâng Cu Bere,Deti Iuga,2336,https://www.youtube.com/watch?v=k30CWQ8MLB8,1
0x4737dc70b4206f37:0x30914e534fa9d1dd,"Baia Mare, Maramureș, Romania",CITY,2026-03-11T15:24:11.774453+00:00,17,G:7m5nsWKZjpo,La Mânăstire De Lemn,Deti Iuga,20952,https://www.youtube.com/watch?v=kIc7Lsmy3EM,4
0x4737dc70b4206f37:0xe3e73b57793a1dc6,"Maramureș, Romania",SUBCOUNTRY,2026-03-11T15:24:12.078665+00:00,16,G:7m5nsWKZjpo,La Mânăstire De Lemn,Deti Iuga,29807,https://www.youtube.com/watch?v=kIc7Lsmy3EM,4
0x47380434f4e50c2b:0x25e464296f0c3074,"Satu Mare, Satu Mare, Romania",CITY,2026-03-11T14:29:50.653039+00:00,11,G:_QtSFpgNWQI,"Gulli, gulli",Emanuel de la Cluj,18593,https://www.youtube.com/watch?v=taQZdEe_BSQ,9
0x47380434f4e50c2b:0xbb0ab3cb55750d75,"Satu Mare, Romania",SUBCOUNTRY,2026-03-11T14:29:52.678043+00:00,17,G:KGFc4F9lTkk,Santa Monica (Live),Luis Gabriel,19052,https://www.youtube.com/watch?v=GE9xVrLlBYo,2
0x47383a5e22be697d:0xf5350ca812e2e75b,"Vynohradiv, Zakarpattia Oblast, Ukraine",CITY,2026-03-11T14:56:09.653157+00:00,20,G:QLQj4mvHgsU,I Hold You Child,Zarema,3712,https://www.youtube.com/watch?v=IroH8aNnxoo,1
0x47385ad47881cd6d:0xac13c4a7900161b7,"Berehove, Zakarpattia Oblast, Ukraine",CITY,2026-03-11T14:56:10.648300+00:00,13,G:n1b7jcp54K0,Kisfaluból,Lusien Renátó,2503,https://www.youtube.com/watch?v=hWnLvCLnzLQ,8
0x4738852e5e6e63d7:0x100c4290c1e1110,"Szabolcs-Szatmár-Bereg, Hungary",SUBCOUNTRY,2026-03-11T14:06:59.205174+00:00,19,G:Jugwa-a2wko,Szép álom,Farkas Pisti,36782,https://www.youtube.com/watch?v=0lnt0AKxNkU,2
0x47389fe7b75757df:0x400c4290c1e11a0,"Nyíregyháza, Szabolcs-Szatmár-Bereg, Hungary",CITY,2026-03-11T14:07:07.414883+00:00,20,G:eUw3Ur84HBk,Rajosan 3 (feat. Beat),"Mario, Essemm",9302,https://www.youtube.com/watch?v=tSUmWLZ8dmI,7
0x4739130bab8a020d:0x59e49996f9b6d02e,"Zakarpattia Oblast, Ukraine",SUBCOUNTRY,2026-03-11T14:56:09.597203+00:00,19,G:hzZMoKeCG94,Волошки,GROSU,47015,https://www.youtube.com/watch?v=URcD0-U8SLU,6
0x473919b944b6e3d9:0xda6ae0130042a3c,"Uzhhorod, Zakarpattia Oblast, Ukraine",CITY,2026-03-11T14:51:42.923264+00:00,20,G:46am-E6E1TA,Японія,DOROFEEVA,10619,https://www.youtube.com/watch?v=nnvHQe2HZcQ,17
0x4739323ecab51b1b:0x400f7d1c6974ab0,"Michalovce, Košice Region, Slovakia",CITY,2026-03-11T14:39:37.910590+00:00,19,G:17oob3hBFWA,Theo (By Mamo Pale),LK STUDIO,1080,https://www.youtube.com/watch?v=jF61OPkMuYM,2
0x473add693e639c6f:0x630d8c8887ba3d62,"Lviv Oblast, Ukraine",SUBCOUNTRY,2026-03-11T14:11:24.655567+00:00,20,G:6v5rHI9hRgg,boy,Кажанна,327120,https://www.youtube.com/watch?v=QZXoM9yAcqg,5
0x473add7c09109a57:0x4223c517012378e2,"Lviv, Lviv Oblast, Ukraine",CITY,2026-03-11T14:11:24.486514+00:00,19,G:6v5rHI9hRgg,boy,Кажанна,259850,https://www.youtube.com/watch?v=QZXoM9yAcqg,5
0x473b7edf1fb668d1:0x1efc1701bb993ff0,"Przemyśl, Podkarpackie Voivodeship, Poland",CITY,2026-03-11T14:16:54.413573+00:00,20,G:7llLiRsljLQ,Czy Ty wiesz że ja Cię Kocham,Melodies Golden,2538,https://www.youtube.com/watch?v=VbedRHNmF5M,11
0x473c48ca2a422a0f:0x7279237954aa022d,"Krosno, Podkarpackie Voivodeship, Poland",CITY,2026-03-11T14:16:57.436122+00:00,17,G:63tF42uvJms,Przy tobie nieba mi nie trzeba,Mariusz Parlicki,2525,https://www.youtube.com/watch?v=M_K4izgJoK4,2
0x473c8befdba361b5:0x1017cadc5e4c0a0,"Podkarpackie Voivodeship, Poland",SUBCOUNTRY,2026-03-11T14:16:56.587133+00:00,17,G:7llLiRsljLQ,Czy Ty wiesz że ja Cię Kocham,Melodies Golden,120816,https://www.youtube.com/watch?v=VbedRHNmF5M,11
0x473c999ba4724117:0xf0af546945ff9776,"Jarosław, Podkarpackie Voivodeship, Poland",CITY,2026-03-11T14:39:10.076397+00:00,18,G:uzP44zv6uZE,och i ach,Sylwia Grzeszczak,1798,https://www.youtube.com/watch?v=Uho7xyVcG5c,8
0x473cfae3cc14d449:0xd2240d31b33eb2ed,"Rzeszów, Podkarpackie Voivodeship, Poland",CITY,2026-03-11T14:17:00.318582+00:00,19,G:7llLiRsljLQ,Czy Ty wiesz że ja Cię Kocham,Melodies Golden,62152,https://www.youtube.com/watch?v=VbedRHNmF5M,11
0x473d09882e23694b:0x59f606766b3e59fc,"Dębica, Podkarpackie Voivodeship, Poland",CITY,2026-03-11T14:16:49.005355+00:00,18,G:63tF42uvJms,Przy tobie nieba mi nie trzeba,Mariusz Parlicki,3078,https://www.youtube.com/watch?v=M_K4izgJoK4,2
0x473d4a0dd8824db1:0xc70875667fbbaaf3,"Tarnobrzeg, Podkarpackie Voivodeship, Poland",CITY,2026-03-11T15:26:05.481610+00:00,20,G:uzP44zv6uZE,och i ach,Sylwia Grzeszczak,1334,https://www.youtube.com/watch?v=Uho7xyVcG5c,8
0x473d6b4ff4d294d7:0x19cc789a16d17201,"Mielec, Podkarpackie Voivodeship, Poland",CITY,2026-03-11T14:16:40.187468+00:00,15,G:7llLiRsljLQ,Czy Ty wiesz że ja Cię Kocham,Melodies Golden,3613,https://www.youtube.com/watch?v=VbedRHNmF5M,11
0x473d834352c3ffc7:0xcf1a70dff872f61e,"Tarnów, Lesser Poland Voivodeship, Poland",CITY,2026-03-11T15:26:06.146914+00:00,18,G:uzP44zv6uZE,och i ach,Sylwia Grzeszczak,2880,https://www.youtube.com/watch?v=Uho7xyVcG5c,8
0x473db40ad0d97001:0x1512bd6fe2024e70,"Jasło, Podkarpackie Voivodeship, Poland",CITY,2026-03-11T14:16:52.240046+00:00,16,G:hlfiUwsezhM,Zabierz Mnie,Melodies Golden,2214,https://www.youtube.com/watch?v=Xf-wvt6lQMw,1
0x473de53cb3f195cf:0x9865e0e4a3f03225,"Nowy Sącz, Lesser Poland Voivodeship, Poland",CITY,2026-03-11T14:44:24.254434+00:00,19,G:xNDDRJjGmoE,KAMIKAZE,"Mata, Skolim, Khaid",3401,https://www.youtube.com/watch?v=gBtbTl8r18U,84
0x473e0d43f858bcd5:0x400f7d1c6976470,"Stará Ľubovňa, Prešov Region, Slovakia",CITY,2026-03-11T14:48:06.847946+00:00,6,G:Ikivjgnz_5g,Hviezdy svetové,Kolačkovské Trio,1135,https://www.youtube.com/watch?v=o-mwRa6nrck,1
0x473e3a94bcfda191:0x93974a0aef86b920,"Poprad, Prešov Region, Slovakia",CITY,2026-03-11T14:47:25.912355+00:00,8,G:_43eW5nt-SU,Cigansky ohen,Vanesa Horáková,2115,https://www.youtube.com/watch?v=_3fl8H1qr48,15
0x473e4958c17b08fd:0x400f7d1c6976290,"Spišská Nová Ves, Košice Region, Slovakia",CITY,2026-03-11T14:39:38.137207+00:00,3,G:_43eW5nt-SU,Cigansky ohen,Vanesa Horáková,2133,https://www.youtube.com/watch?v=_3fl8H1qr48,15
0x473e80e2e452eb8b:0x400f7d1c6973820,"Bardejov, Prešov Region, Slovakia",CITY,2026-03-11T14:48:07.018255+00:00,6,G:PVTYikIguyg,DUKHAVES,Elemir Rezmuves,1678,https://www.youtube.com/watch?v=bKKoVJtDDAg,3
0x473e8c1b806f52ff:0x100f7d1c6978c50,"Prešov Region, Slovakia",SUBCOUNTRY,2026-03-11T15:25:44.917494+00:00,17,G:17oob3hBFWA,Theo (By Mamo Pale),LK STUDIO,21596,https://www.youtube.com/watch?v=jF61OPkMuYM,2
0x473ee01b67c6957b:0x400f7d1c6978bd0,"Košice, Košice Region, Slovakia",CITY,2026-03-11T14:39:37.527073+00:00,9,G:_43eW5nt-SU,Cigansky ohen,Vanesa Horáková,12831,https://www.youtube.com/watch?v=_3fl8H1qr48,15
0x473eed64cbe0034d:0x400f7d1c69755a0,"Prešov, Prešov Region, Slovakia",CITY,2026-03-11T14:48:14.010666+00:00,4,G:_43eW5nt-SU,Cigansky ohen,Vanesa Horáková,5349,https://www.youtube.com/watch?v=_3fl8H1qr48,15
0x473f20711eb8f5ed:0x100f7d1c6978c30,"Košice Region, Slovakia",SUBCOUNTRY,2026-03-11T14:39:41.033661+00:00,17,G:PVTYikIguyg,DUKHAVES,Elemir Rezmuves,20207,https://www.youtube.com/watch?v=bKKoVJtDDAg,3
0x473f5715770e6fd5:0x100c4290c1e1050,"Borsod-Abaúj-Zemplén, Hungary",SUBCOUNTRY,2026-03-11T14:06:58.652967+00:00,16,G:4cNIn9iIbg0,Budai Family -2025! Rázd Meg.,Budai Family,49160,https://www.youtube.com/watch?v=OPUFM5objEE,1
0x473f8d2d68a0e299:0x400f7d1c6971fd0,"Rimavská Sobota, Banská Bystrica Region, Slovakia",CITY,2026-03-11T14:32:42.251442+00:00,10,G:sUTC2K2B0QQ,SZÉTSZEDLEK,"BELANO, VZS",1277,https://www.youtube.com/watch?v=FEmS5rvKbSY,1
0x4740535dd09ecfed:0x3ae970ca8b960d7e,"Jász-Nagykun-Szolnok, Hungary",SUBCOUNTRY,2026-03-11T14:55:19.564664+00:00,15,G:iWvbwtpm8Yw,KURKENTSA,PIPPI,20401,https://www.youtube.com/watch?v=OoV6PuRDmes,7
0x47405a0f823e231f:0x7eef0801ea293df5,"Heves County, Hungary",SUBCOUNTRY,2026-03-11T14:55:13.820352+00:00,11,G:iWvbwtpm8Yw,KURKENTSA,PIPPI,16830,https://www.youtube.com/watch?v=OoV6PuRDmes,7
0x47405a0f823e231f:0xf1b008aea774ed94,"Gyöngyös, Heves County, Hungary",CITY,2026-03-11T14:55:12.180011+00:00,17,G:iWvbwtpm8Yw,KURKENTSA,PIPPI,1694,https://www.youtube.com/watch?v=OoV6PuRDmes,7
0x47408d7894b04023:0x63adb259948d1c24,"Eger, Heves County, Hungary",CITY,2026-03-11T15:25:32.469040+00:00,18,G:eUw3Ur84HBk,Rajosan 3 (feat. Beat),"Mario, Essemm",3007,https://www.youtube.com/watch?v=tSUmWLZ8dmI,7
0x47409e878d72ebe7:0x400c4290c1e11b0,"Miskolc, Borsod-Abaúj-Zemplén, Hungary",CITY,2026-03-11T14:07:03.502421+00:00,18,G:CqlACuAeMHk,Mulat a Guszti,Bódi Guszti,10178,https://www.youtube.com/watch?v=7nLw4TO4U6Q,4
0x474141123b36bec5:0x400c4290c1e11d0,"Szolnok, Jász-Nagykun-Szolnok, Hungary",CITY,2026-03-11T14:50:49.473622+00:00,16,G:w6yu2HBF1IE,FREY TIMI,L.L. Junior,4291,https://www.youtube.com/watch?v=tG0e72Dx1n4,14
0x4741837bdf37e4c3:0xc4290c1e1010,Hungary,COUNTRY,2026-03-11T14:06:58.023400+00:00,17,G:0nxvZcxlIMU,SUV,"Desh, Young Fly",797681,https://www.youtube.com/watch?v=DZhCZe3B8rA,9
0x4741b86248f2e1d3:0x100c4290c1e10f0,"Pest County, Hungary",SUBCOUNTRY,2026-03-11T14:06:58.889871+00:00,16,G:t4l1TqtACoE,SeanPaul (feat. Goore & Kretz),"Burai, Mario, VZS",70747,https://www.youtube.com/watch?v=wSiODNTkwHU,15
0x4741c334d1d4cfc9:0x100c4290c1e1060,"Budapest, Hungary",SUBCOUNTRY,2026-03-11T14:06:56.511295+00:00,12,G:0nxvZcxlIMU,SUV,"Desh, Young Fly",449439,https://www.youtube.com/watch?v=DZhCZe3B8rA,9
0x4741c334d1d4cfc9:0x400c4290c1e1160,"Budapest, Hungary",CITY,2026-03-11T14:06:57.202964+00:00,12,G:0nxvZcxlIMU,SUV,"Desh, Young Fly",456291,https://www.youtube.com/watch?v=DZhCZe3B8rA,9
0x4741e156913963c9:0x2a0f3b8c87bacb1e,"Érd, Pest County, Hungary",CITY,2026-03-11T15:25:36.513513+00:00,17,G:8BVRwrS80yk,Vinnipu,Desh,2583,https://www.youtube.com/watch?v=RC7_OkIRhgY,21
0x4742171a05e5fdf7:0x400c4290c1e12c0,"Dunaújváros, Fejér, Hungary",CITY,2026-03-11T15:25:30.961454+00:00,13,G:v8oZKtgfYUc,3korty,Azahriah,2050,https://www.youtube.com/watch?v=OuMq5pSVVwU,12
0x47422166b671ed4d:0xbc261ddcb9ed8e4e,"Bács-Kiskun, Hungary",SUBCOUNTRY,2026-03-11T14:54:49.211538+00:00,19,G:0nxvZcxlIMU,SUV,"Desh, Young Fly",20702,https://www.youtube.com/watch?v=DZhCZe3B8rA,9
0x4742b10ddf46bbbd:0x100c4290c1e1030,"Baranya, Hungary",SUBCOUNTRY,2026-03-11T14:54:44.048529+00:00,20,G:Jdh7zwQK08g,Boldog igazán (feat. Parno Graszt),DÁNIELFY,13952,https://www.youtube.com/watch?v=B3VLhkFL0no,7
0x4742b111ea3252e3:0x400c4290c1e1200,"Pécs, Baranya, Hungary",CITY,2026-03-11T14:07:10.428522+00:00,17,G:8BVRwrS80yk,Vinnipu,Desh,7347,https://www.youtube.com/watch?v=RC7_OkIRhgY,21
0x47431f886d9243d3:0x1a3097a4b762bcc8,"Baja, Bács-Kiskun, Hungary",CITY,2026-03-11T14:54:55.909603+00:00,17,G:v8oZKtgfYUc,3korty,Azahriah,1863,https://www.youtube.com/watch?v=OuMq5pSVVwU,12
0x474366c168af38f9:0xdf19bd922a3d838e,"Subotica, Vojvodina, Serbia",CITY,2026-03-11T14:10:35.565602+00:00,20,G:zkjwCOW3U-k,Nije mi 22,Ana Nikolić,6868,https://www.youtube.com/watch?v=qUCVam95ajk,10
0x474366cc5f15a7c1:0x770b4cc42568628f,"Vojvodina, Serbia",SUBCOUNTRY,2026-03-11T14:10:38.360765+00:00,20,G:gujIKt3V6rQ,Plamen Od Ljubavi,Colonia,413194,https://www.youtube.com/watch?v=I7YuF2r9kZ4,4
0x4743799f0d6779d3:0x5570e3c6c94f6869,"Csongrád, Hungary",SUBCOUNTRY,2026-03-11T14:55:04.203508+00:00,14,G:_q0eREeBzyM,Hullik a cseresznyefa virága,"Honeybeast, Parno Graszt",17397,https://www.youtube.com/watch?v=weMyOwF2T64,13
0x4743da6108f61c3f:0x400c4290c1e1180,"Kecskemét, Bács-Kiskun, Hungary",CITY,2026-03-11T14:39:22.361481+00:00,19,G:awDx_CDcSKw,NU MĂ LASĂ,"Tóth Andi, BELANO",7695,https://www.youtube.com/watch?v=NKLooXo1gNo,8
0x474429ceec139cf7:0x100c4290c1e1040,"Békés County, Hungary",SUBCOUNTRY,2026-03-11T14:54:50.960865+00:00,19,G:_q0eREeBzyM,Hullik a cseresznyefa virága,"Honeybeast, Parno Graszt",13357,https://www.youtube.com/watch?v=weMyOwF2T64,13
0x47442b94eb71f6fb:0x400c4290c1e11c0,"Békéscsaba, Békés County, Hungary",CITY,2026-03-11T14:33:03.081987+00:00,16,G:awDx_CDcSKw,NU MĂ LASĂ,"Tóth Andi, BELANO",3185,https://www.youtube.com/watch?v=NKLooXo1gNo,8
0x47443db228ce3715:0x400c4290c1e1440,"Orosháza, Békés County, Hungary",CITY,2026-03-11T14:54:47.852474+00:00,14,G:v8oZKtgfYUc,3korty,Azahriah,1318,https://www.youtube.com/watch?v=OuMq5pSVVwU,12
0x474458a65e8f43f3:0x7fa40f0a0698bc3b,"Makó, Csongrád, Hungary",CITY,2026-03-11T14:54:59.824753+00:00,16,G:0nxvZcxlIMU,SUV,"Desh, Young Fly",1422,https://www.youtube.com/watch?v=DZhCZe3B8rA,9
0x474468b796f45a99:0x400c4290c1e1290,"Hódmezővásárhely, Csongrád, Hungary",CITY,2026-03-11T14:38:02.598313+00:00,19,G:v8oZKtgfYUc,3korty,Azahriah,1953,https://www.youtube.com/watch?v=OuMq5pSVVwU,12
0x474487e22bcce54b:0x400c4290c1e1190,"Szeged, Csongrád, Hungary",CITY,2026-03-11T14:07:06.806238+00:00,20,G:0nxvZcxlIMU,SUV,"Desh, Young Fly",7652,https://www.youtube.com/watch?v=DZhCZe3B8rA,9
0x4745677dcb0fb5a7:0x537faf6473936749,"Timișoara, Timiș, Romania",CITY,2026-03-11T14:10:11.148409+00:00,16,G:jEznEXycQg0,Ce te-ai face tu,Rares,231461,https://www.youtube.com/watch?v=0CCZnNg-bas,41
0x4745677dcb0fb5a7:0xd16555de1a3a3a2c,"Timiș, Romania",SUBCOUNTRY,2026-03-11T14:10:12.613312+00:00,16,G:jEznEXycQg0,Ce te-ai face tu,Rares,247464,https://www.youtube.com/watch?v=0CCZnNg-bas,41
0x4745984ba35c59c3:0xc4b591faab3bd82d,"Arad, Romania",SUBCOUNTRY,2026-03-11T14:21:09.240996+00:00,18,G:bA8V_CH7wC8,A venit poliția,Theo Rose,16992,https://www.youtube.com/watch?v=BnG6AXPNbco,25
0x4745984ba35c59c3:0xf70074a3e558491,"Arad, Arad, Romania",CITY,2026-03-11T14:21:12.680812+00:00,18,G:bA8V_CH7wC8,A venit poliția,Theo Rose,12951,https://www.youtube.com/watch?v=BnG6AXPNbco,25
0x474647e368762353:0x1b55a486d65d5344,"Oradea, Bihor County, Romania",CITY,2026-03-11T14:13:25.295185+00:00,20,G:Somc5PpivSY,Ce Te-as Suna,"Bogdan DLP, Arianna",43568,https://www.youtube.com/watch?v=IgmAtN8jMes,6
0x474647e368762353:0x7e2a881a493d4643,"Bihor County, Romania",SUBCOUNTRY,2026-03-11T14:13:30.188910+00:00,20,G:Somc5PpivSY,Ce Te-as Suna,"Bogdan DLP, Arianna",51660,https://www.youtube.com/watch?v=IgmAtN8jMes,6
0x47470c2afe5e2b83:0x400c4290c1e1170,"Debrecen, Hajdú-Bihar, Hungary",CITY,2026-03-11T14:06:59.848419+00:00,20,G:Jdh7zwQK08g,Boldog igazán (feat. Parno Graszt),DÁNIELFY,12391,https://www.youtube.com/watch?v=B3VLhkFL0no,7
0x47470e77efc9567b:0x78f17f512f35c492,"Hajdú-Bihar, Hungary",SUBCOUNTRY,2026-03-11T14:07:00.125977+00:00,17,G:Jdh7zwQK08g,Boldog igazán (feat. Parno Graszt),DÁNIELFY,26738,https://www.youtube.com/watch?v=B3VLhkFL0no,7
0x4747f34b97e1be7d:0x3d7fcecd550c51d2,"Carei, Satu Mare, Romania",CITY,2026-03-11T14:29:47.272515+00:00,20,G:5_I1Y7ZP6g4,Zomzolari,"Sandu Ciorba, Paul Hamza",1896,https://www.youtube.com/watch?v=3dPBGaNLMSU,1
0x474842a15ce95f31:0x56c280de3735b817,"Zalău, Sălaj, Romania",CITY,2026-03-11T14:25:45.105277+00:00,20,G:vfZD0muifXk,"Ce faci, ești bine?","Jador, Carmen de la Salciua",11443,https://www.youtube.com/watch?v=RwaNmZnXKBU,12
0x4748474b5a768bcb:0x56e677d689185993,"Sălaj, Romania",SUBCOUNTRY,2026-03-11T14:25:41.007467+00:00,20,G:vfZD0muifXk,"Ce faci, ești bine?","Jador, Carmen de la Salciua",14922,https://www.youtube.com/watch?v=RwaNmZnXKBU,12
0x47490c1f916c0b8b:0x42469dc74237d9e8,"Cluj County, Romania",SUBCOUNTRY,2026-03-11T14:10:12.984792+00:00,20,G:nNDkFVsEIcY,As arunca supararea,Elys,122885,https://www.youtube.com/watch?v=6q6RjQmZZ8M,22
0x47490c1f916c0b8b:0xbbc601c331f148b,"Cluj-Napoca, Cluj County, Romania",CITY,2026-03-11T14:10:16.355859+00:00,20,G:nNDkFVsEIcY,As arunca supararea,Elys,103768,https://www.youtube.com/watch?v=6q6RjQmZZ8M,22
0x4749298e7855da65:0xd9b1b7a6aef8d5d7,"Alba County, Romania",SUBCOUNTRY,2026-03-11T14:29:06.581633+00:00,20,G:vfZD0muifXk,"Ce faci, ești bine?","Jador, Carmen de la Salciua",19844,https://www.youtube.com/watch?v=RwaNmZnXKBU,12
0x47496620aa78a95b:0xc7f433dbd893f8a3,"Turda, Cluj County, Romania",CITY,2026-03-11T15:24:09.482209+00:00,18,G:vfZD0muifXk,"Ce faci, ești bine?","Jador, Carmen de la Salciua",9004,https://www.youtube.com/watch?v=RwaNmZnXKBU,12
0x4749c760c69c8c45:0x7cebcf2165767b20,"Dej, Cluj County, Romania",CITY,2026-03-11T15:24:09.322668+00:00,18,G:7m5nsWKZjpo,La Mânăstire De Lemn,Deti Iuga,2071,https://www.youtube.com/watch?v=kIc7Lsmy3EM,4
0x4749e341476b0b5b:0xb3cfa33d7298e5,"Bistrița-Năsăud County, Romania",SUBCOUNTRY,2026-03-11T14:14:51.398294+00:00,10,G:DU4Da70wwXQ,La Nime' grija Nu Port,Ioana Măgherușan,27760,https://www.youtube.com/watch?v=dR80oXci2Mk,5
0x4749f7b004cf46c7:0xa78abae723b4e25c,"Bistrița, Bistrița-Năsăud County, Romania",CITY,2026-03-11T14:14:54.283082+00:00,11,G:DU4Da70wwXQ,La Nime' grija Nu Port,Ioana Măgherușan,20305,https://www.youtube.com/watch?v=dR80oXci2Mk,5
0x474a37955620fe11:0x6a5589f7fca5fd3c,"Reghin, Mureş, Romania",CITY,2026-03-11T14:24:18.038308+00:00,18,G:huCBNnHZaHQ,Mai stai,"Sandu Ciorba, Amalia Chiper Iurian",4428,https://www.youtube.com/watch?v=ybZnhGGHKq0,7
0x474a6257db632a9b:0x1344d91260dcea94,"Harghita County, Romania",SUBCOUNTRY,2026-03-11T15:24:00.742972+00:00,15,G:awDx_CDcSKw,NU MĂ LASĂ,"Tóth Andi, BELANO",11744,https://www.youtube.com/watch?v=NKLooXo1gNo,8
0x474b1796d0483b61:0xc07f09f374953a7d,"Odorheiu Secuiesc, Harghita County, Romania",CITY,2026-03-11T15:24:01.742349+00:00,18,G:r1m-Wd_JPxc,Függőség,Nagy Bogi,2391,https://www.youtube.com/watch?v=-VsBeGdMjzg,1
0x474b2a092c490c6b:0x6aa5d0a276cb4941,"Miercurea Ciuc, Harghita County, Romania",CITY,2026-03-11T14:16:38.488361+00:00,14,G:awDx_CDcSKw,NU MĂ LASĂ,"Tóth Andi, BELANO",3559,https://www.youtube.com/watch?v=NKLooXo1gNo,8
0x474b4a9995ca52bf:0x7229898e49d84ae0,"Covasna County, Romania",SUBCOUNTRY,2026-03-11T14:19:34.912086+00:00,17,G:-TWMJGnTilE,Elmondom nektek,Oszi,7549,https://www.youtube.com/watch?v=ccYel9Vk_rM,2
0x474b74f2e6637e5b:0x7b12e0094163247f,"Sighișoara, Mureş, Romania",CITY,2026-03-11T14:24:17.386844+00:00,18,G:Somc5PpivSY,Ce Te-as Suna,"Bogdan DLP, Arianna",1465,https://www.youtube.com/watch?v=IgmAtN8jMes,6
0x474b8ef025ac69cf:0xd85c7cb09cd9a82f,"Mediaș, Sibiu, Romania",CITY,2026-03-11T14:28:55.572831+00:00,20,G:0d3UyXZTixU,Toni de la Brasov - Eu sunt apa tu esti foc  -  2025,Toni De La Brasov,5454,https://www.youtube.com/watch?v=8cUKbawPEp4,2
0x474bb64a553e9177:0x6b8eb5446edfb6d0,"Mureş, Romania",SUBCOUNTRY,2026-03-11T14:24:24.823383+00:00,9,G:huCBNnHZaHQ,Mai stai,"Sandu Ciorba, Amalia Chiper Iurian",47518,https://www.youtube.com/watch?v=ybZnhGGHKq0,7
0x474bb64a553e9177:0xb1573a839869d90d,"Târgu Mureș, Mureş, Romania",CITY,2026-03-11T14:24:15.193151+00:00,8,G:huCBNnHZaHQ,Mai stai,"Sandu Ciorba, Amalia Chiper Iurian",33423,https://www.youtube.com/watch?v=ybZnhGGHKq0,7
0x474beb68a2981c45:0xecf7eaa9a0e1b002,"Târnăveni, Mureş, Romania",CITY,2026-03-11T14:24:10.921512+00:00,9,G:0d3UyXZTixU,Toni de la Brasov - Eu sunt apa tu esti foc  -  2025,Toni De La Brasov,2705,https://www.youtube.com/watch?v=8cUKbawPEp4,2
0x474c6788fd2c1cd5:0x3ade9d214e3390b4,"Sibiu, Sibiu, Romania",CITY,2026-03-11T14:28:55.470823+00:00,13,G:nNDkFVsEIcY,As arunca supararea,Elys,28485,https://www.youtube.com/watch?v=6q6RjQmZZ8M,22
0x474c6788fd2c1cd5:0xa1b2fa429e617c60,"Sibiu, Romania",SUBCOUNTRY,2026-03-11T14:28:59.472909+00:00,20,G:huCBNnHZaHQ,Mai stai,"Sandu Ciorba, Amalia Chiper Iurian",31099,https://www.youtube.com/watch?v=ybZnhGGHKq0,7
0x474d38a5241617a1:0x842353737a05a49a,"Râmnicu Vâlcea, Vâlcea County, Romania",CITY,2026-03-11T14:26:48.495303+00:00,20,G:j6kHIae7_M4,Perdoname,"Dani Mocanu, Florin Cercel",22129,https://www.youtube.com/watch?v=vZsfZfRo5yo,18
0x474d5641b3d6a0ef:0x4fdb535f4a5fdedf,"Olt County, Romania",SUBCOUNTRY,2026-03-11T14:24:38.160916+00:00,18,G:Evq89Xgt9YM,Ale ale,Babasha,40564,https://www.youtube.com/watch?v=xTqRXcstsU4,9
0x474d6c77f5d1ce29:0xeed780b5bbf2ea29,"Vâlcea County, Romania",SUBCOUNTRY,2026-03-11T14:26:52.947635+00:00,20,G:j6kHIae7_M4,Perdoname,"Dani Mocanu, Florin Cercel",25240,https://www.youtube.com/watch?v=vZsfZfRo5yo,18
0x474dc2b4020cb86b:0x5924c6e61fc230a6,"Lupeni, Hunedoara, Romania",CITY,2026-03-11T14:30:01.118476+00:00,20,G:vfZD0muifXk,"Ce faci, ești bine?","Jador, Carmen de la Salciua",1925,https://www.youtube.com/watch?v=RwaNmZnXKBU,12
0x474dc43c35aa5d4b:0x75d6f7d6d5ab42e5,"Petroșani, Hunedoara, Romania",CITY,2026-03-11T14:30:02.481819+00:00,20,G:Somc5PpivSY,Ce Te-as Suna,"Bogdan DLP, Arianna",1318,https://www.youtube.com/watch?v=IgmAtN8jMes,6
0x474e8a547396159f:0x19f38ced3c35233b,"Hunedoara, Hunedoara, Romania",CITY,2026-03-11T14:30:01.013388+00:00,14,G:jEznEXycQg0,Ce te-ai face tu,Rares,6185,https://www.youtube.com/watch?v=0CCZnNg-bas,41
0x474ea80cce754875:0xe9b0f44e8e45cd05,"Alba Iulia, Alba County, Romania",CITY,2026-03-11T14:29:10.856483+00:00,20,G:vfZD0muifXk,"Ce faci, ești bine?","Jador, Carmen de la Salciua",14035,https://www.youtube.com/watch?v=RwaNmZnXKBU,12
0x474edea1a1fd480f:0x72868c761439901e,"Hunedoara, Romania",SUBCOUNTRY,2026-03-11T14:29:58.512109+00:00,17,G:jEznEXycQg0,Ce te-ai face tu,Rares,21908,https://www.youtube.com/watch?v=0CCZnNg-bas,41
0x474ef2942e4b17ed:0x7a9550f58a1eda77,"Deva, Hunedoara, Romania",CITY,2026-03-11T14:29:58.819001+00:00,17,G:jEznEXycQg0,Ce te-ai face tu,Rares,7269,https://www.youtube.com/watch?v=0CCZnNg-bas,41
0x474fbebd56492451:0xe9161dd73d36f5a4,"Lugoj, Timiș, Romania",CITY,2026-03-11T14:16:26.380884+00:00,16,G:bA8V_CH7wC8,A venit poliția,Theo Rose,2421,https://www.youtube.com/watch?v=BnG6AXPNbco,25
0x47502a14d6a718d9:0xb62b9e8261fdbec8,"Reșița, Caraș-Severin County, Romania",CITY,2026-03-11T15:24:49.269449+00:00,5,G:YFrbvhTZ_lM,Fluieră Bagea,Andreea Chisăliță,18293,https://www.youtube.com/watch?v=DRKD7g10p7c,2
0x475100a928aa6e2d:0x139a799ad82c3987,"Caraș-Severin County, Romania",SUBCOUNTRY,2026-03-11T15:24:48.941058+00:00,4,G:YFrbvhTZ_lM,Fluieră Bagea,Andreea Chisăliță,29292,https://www.youtube.com/watch?v=DRKD7g10p7c,2
0x475187c80853edab:0x358ce58d687d669c,"Mehedinți County, Romania",SUBCOUNTRY,2026-03-11T14:13:02.863852+00:00,20,G:xCJrIJqMDOM,Cu Fustița Scurtă Colaj (Live),Săndica Filipescu,14428,https://www.youtube.com/watch?v=QHPZkG0-fT4,1
0x475231c5a8871173:0x3370a1b752cbe6b,"Drobeta-Turnu Severin, Mehedinți County, Romania",CITY,2026-03-11T14:13:05.724701+00:00,16,G:Evq89Xgt9YM,Ale ale,Babasha,13708,https://www.youtube.com/watch?v=xTqRXcstsU4,9
0x4752d70e6d6dcd07:0x4650f2eadbde99f9,"Craiova, Dolj County, Romania",CITY,2026-03-11T15:24:46.884511+00:00,19,G:Evq89Xgt9YM,Ale ale,Babasha,60505,https://www.youtube.com/watch?v=xTqRXcstsU4,9
0x4752d70e6d6dcd07:0xa639c58257989506,"Dolj County, Romania",SUBCOUNTRY,2026-03-11T15:24:46.733004+00:00,19,G:Evq89Xgt9YM,Ale ale,Babasha,63095,https://www.youtube.com/watch?v=xTqRXcstsU4,9
0x475379eca2009025:0x1f853ae2f877d8b7,"Vidin, Vidin, Bulgaria",CITY,2026-03-11T14:51:58.880335+00:00,17,G:qG1nZAnLMyA,Па-Па-Па,Sаsha Sandra ,2391,https://www.youtube.com/watch?v=gwsQg27p_H0,11
0x47537ecd8342622b:0x300a01269bf5ca0,"Vidin, Bulgaria",SUBCOUNTRY,2026-03-11T14:51:59.866539+00:00,12,G:qG1nZAnLMyA,Па-Па-Па,Sаsha Sandra ,3386,https://www.youtube.com/watch?v=gwsQg27p_H0,11
0x4754cbdc4df4d9a9:0x300a01269bf5350,"Montana Province, Bulgaria",SUBCOUNTRY,2026-03-11T14:26:29.064090+00:00,15,G:DiLj9EmksDI,Mandi X Klement - Diamante (Offical Video),Klement,5452,https://www.youtube.com/watch?v=duqZYQhNybs,8
0x475582b263712f39:0xd1b3351095c80638,"Leskovac, Serbia",CITY,2026-03-11T14:10:36.375728+00:00,14,G:lqcb8sTh_Ik,Severna latina,Tea Tairović,6183,https://www.youtube.com/watch?v=63tdWuk-zEM,3
0x4755b0c240c81f65:0x56319fe3122ac3cd,"Niš, Serbia",CITY,2026-03-11T14:10:40.782333+00:00,19,G:G71oY_jKuaU,Çok Güzel,Tea Tairović,25689,https://www.youtube.com/watch?v=o7VcByw3aR8,11
0x475687f1634a407f:0xeebd2ea42b43899c,"Kruševac, Serbia",CITY,2026-03-11T14:39:41.447459+00:00,13,G:4Sw7BJj0Ay4,Kraj mene,Lavina,4843,https://www.youtube.com/watch?v=xfyubEU1PR8,12
0x47571ddff2898095:0x55e50ea3723865d,Serbia,COUNTRY,2026-03-11T14:10:34.814762+00:00,19,G:uJhy5GlXLU0,Da Mi Je,Katarina Živković,675817,https://www.youtube.com/watch?v=R6p2X9hyKCM,8
0x475720dbdee00fd9:0xdfa77784524b968,"Kragujevac, Serbia",CITY,2026-03-11T14:10:39.487814+00:00,19,G:uJhy5GlXLU0,Da Mi Je,Katarina Živković,15155,https://www.youtube.com/watch?v=R6p2X9hyKCM,8
0x4758926c6642315d:0xf86e34ee4510ace8,"Republika Srpska, Bosnia and Herzegovina",SUBCOUNTRY,2026-03-11T14:15:14.381748+00:00,18,G:c3A7lwmI5tg,Ovo u grudima,Vesna Zmijanac,88690,https://www.youtube.com/watch?v=Vo0yFLhpQvQ,1
0x4758cbb1ed719bd1:0x562ecda6de87b33e,"Sarajevo, Federation of Bosnia and Herzegovina, Bosnia and Herzegovina",CITY,2026-03-11T14:49:16.868326+00:00,15,G:MFAM77M3pI4,Roze suze,"Jala Brat, Buba Corelli",93552,https://www.youtube.com/watch?v=wEE4PUa8CVA,1
0x475a7aa3d7b53fbd:0x1db8645cf2177ee4,"Belgrade, Serbia",CITY,2026-03-11T14:10:39.504631+00:00,17,G:uJhy5GlXLU0,Da Mi Je,Katarina Živković,408914,https://www.youtube.com/watch?v=R6p2X9hyKCM,8
0x475a7edfdb24b6b1:0xff240110aa17676a,"Pančevo, Vojvodina, Serbia",CITY,2026-03-11T14:45:14.638956+00:00,15,G:zkjwCOW3U-k,Nije mi 22,Ana Nikolić,4805,https://www.youtube.com/watch?v=qUCVam95ajk,10
0x475adb5391b79ab3:0x440b7b8af2a0a08c,"Zrenjanin, Vojvodina, Serbia",CITY,2026-03-11T15:26:24.432178+00:00,20,G:edfFbmrdNkY,Terasa S' Pogledom Na Zid,Ana Nikolić,3847,https://www.youtube.com/watch?v=Dk8NL60BOx8,2
0x475b10613de93455:0xb6f7d683724fe28,"Novi Sad, Vojvodina, Serbia",CITY,2026-03-11T14:10:34.896214+00:00,15,G:edfFbmrdNkY,Terasa S' Pogledom Na Zid,Ana Nikolić,35508,https://www.youtube.com/watch?v=Dk8NL60BOx8,2
0x475bcae3dfdcb3cd:0x73a997a93228cdf2,"Šabac, Serbia",CITY,2026-03-11T15:25:57.907777+00:00,20,G:gujIKt3V6rQ,Plamen Od Ljubavi,Colonia,2914,https://www.youtube.com/watch?v=I7YuF2r9kZ4,4
0x475be91cb02d7249:0xde5f5ab6329ada88,"Bijeljina, Republika Srpska, Bosnia and Herzegovina",CITY,2026-03-11T14:15:09.754891+00:00,19,G:3XkZUhZeHpM,KRUNE,Emina Jahović,6370,https://www.youtube.com/watch?v=8W55UYTyJg0,7
0x475c09465bb0db41:0x970ae957bd09d48f,"Brčko District, Bosnia and Herzegovina",SUBCOUNTRY,2026-03-11T15:26:28.351272+00:00,17,G:S-vBeZoUyQM,Hugo,Trile,4053,https://www.youtube.com/watch?v=U9jR6d7O7k4,2
0x475ce7a869728075:0x5b8c725621a41195,"Osijek, Osijek-Baranja County, Croatia",CITY,2026-03-11T14:20:58.290419+00:00,19,G:E0rFwVuDvBE,Neotuđivo,Marko Kutlić,6658,https://www.youtube.com/watch?v=I_jqtoalI00,4
0x475d1e3d19d05bbb:0x300ad50862bb4f0,"Osijek-Baranja County, Croatia",SUBCOUNTRY,2026-03-11T14:20:56.169299+00:00,20,G:E0rFwVuDvBE,Neotuđivo,Marko Kutlić,11233,https://www.youtube.com/watch?v=I_jqtoalI00,4
0x475d96319de16753:0x300ad50862bb4d0,"Brod-Posavina County, Croatia",SUBCOUNTRY,2026-03-11T14:54:47.557986+00:00,13,G:VFx-gZAby4c,Baš šteta,Željko Samardžić,3445,https://www.youtube.com/watch?v=Gqy8MCEZMm0,8
0x475dba0125e6cc57:0xa99cb4401b060ad5,"Slavonski Brod, Brod-Posavina County, Croatia",CITY,2026-03-11T14:25:20.073183+00:00,15,G:VFx-gZAby4c,Baš šteta,Željko Samardžić,1888,https://www.youtube.com/watch?v=Gqy8MCEZMm0,8
0x475e03062ccd6b05:0x73fe3280dfee195d,"Banja Luka, Republika Srpska, Bosnia and Herzegovina",CITY,2026-03-11T14:15:15.093479+00:00,19,G:y7IiMeVkjkA,Kutak,Bozo i Repa (Grupa Grmec),43201,https://www.youtube.com/watch?v=OUZeGeAlzoc,1
0x475ead03ad64e779:0xa667fa80a17fd8cb,"Tuzla, Federation of Bosnia and Herzegovina, Bosnia and Herzegovina",CITY,2026-03-11T14:51:34.120732+00:00,10,G:LhNs0LSnb0I,SERIF KONJEVIC - SITNI SATI,Šerif Konjević,21698,https://www.youtube.com/watch?v=2XTagCCfsMA,3
0x475ee26b2c197a21:0x58a707c9607b8702,"Zenica, Federation of Bosnia and Herzegovina, Bosnia and Herzegovina",CITY,2026-03-11T15:26:21.528242+00:00,19,G:peZNC6NGXRA,U Medinu posao bih,Abdusamed Šljivar,13825,https://www.youtube.com/watch?v=gTNZqomQljs,1
0x475fa86d66a99353:0xec9293e52521b24b,"Federation of Bosnia and Herzegovina, Bosnia and Herzegovina",SUBCOUNTRY,2026-03-11T15:26:28.234060+00:00,19,G:XtTMvKtKb0Q,Military,"Jala Brat, Buba Corelli",165671,https://www.youtube.com/watch?v=BOCdxZe49mE,2
0x4761406e6160d0e9:0x3cd88bdb0f9b8206,"Bihać, Federation of Bosnia and Herzegovina, Bosnia and Herzegovina",CITY,2026-03-11T14:33:18.659689+00:00,10,G:LhNs0LSnb0I,SERIF KONJEVIC - SITNI SATI,Šerif Konjević,8334,https://www.youtube.com/watch?v=2XTagCCfsMA,3
0x4761ec262a01b101:0x300ad50862bb4e0,"Zadar County, Croatia",SUBCOUNTRY,2026-03-11T14:21:29.312759+00:00,18,G:plo7EQPhjoo,Rano,Minea,3559,https://www.youtube.com/watch?v=i_-CIfB8Vpg,2
0x4761fa62d2c0b88f:0x12323e1c13f40784,"Zadar, Zadar County, Croatia",CITY,2026-03-11T14:21:32.428259+00:00,20,G:aRbjwZUqyxo,Bez tebe,Oliver Dragojević,1871,https://www.youtube.com/watch?v=KiNo0ey-wtw,1
0x47637131a1d0ffab:0x300ad50862bb490,"Primorje-Gorski Kotar County, Croatia",SUBCOUNTRY,2026-03-11T15:24:15.236418+00:00,8,G:h8HnSEy_M5s,Bolje Bolje,Nika Komadina,13830,https://www.youtube.com/watch?v=txUofuW0_IA,2
0x476455113aba83cd:0x1c1a02f948b4b266,"Novo Mesto, Slovenia",SUBCOUNTRY,2026-03-11T14:54:14.587755+00:00,13,G:4tAV0FiGpCY,Za praznike smo doma,FIRBCI,2699,https://www.youtube.com/watch?v=80Xc5swHWEA,1
0x4764a12517aabe2d:0x373c6f383dcbb670,"Rijeka, Primorje-Gorski Kotar County, Croatia",CITY,2026-03-11T15:24:15.233164+00:00,8,G:h8HnSEy_M5s,Bolje Bolje,Nika Komadina,9962,https://www.youtube.com/watch?v=txUofuW0_IA,2
0x476524e75e968361:0xe740451e25e2d465,Slovenia,COUNTRY,2026-03-11T14:54:13.720125+00:00,13,G:doWvrHqrcH4,"Mali, ne kompliciri",Vzrock,116911,https://www.youtube.com/watch?v=71_gcQuqBOg,6
0x476531f5969886d1:0x400f81c823fec20,"Ljubljana, Ljubljana, Slovenia",CITY,2026-03-11T14:40:13.932417+00:00,13,G:7TJttPk4dkg,Ciganka,Trile,50031,https://www.youtube.com/watch?v=AT4j4uo5t6o,4
0x476531f596a2ed33:0xe71035351b84464a,"Ljubljana, Slovenia",SUBCOUNTRY,2026-03-11T14:40:15.422958+00:00,14,G:7TJttPk4dkg,Ciganka,Trile,51525,https://www.youtube.com/watch?v=AT4j4uo5t6o,4
0x4765613b10df4603:0x400f81c823ff260,"Velenje, Velenje, Slovenia",CITY,2026-03-11T14:54:19.136550+00:00,12,G:fID0awxadv8,Nekdo,Žan Serčič,1238,https://www.youtube.com/watch?v=N9lmQ2hviqA,8
0x4765613b1120ba33:0x42fa1ad09b495cd5,"Velenje, Slovenia",SUBCOUNTRY,2026-03-11T14:56:03.069454+00:00,17,G:6pJe_4fS9oY,Ansambel Stil - Prosim vrni se (Official),Ansambel Stil,1578,https://www.youtube.com/watch?v=tpJhe99kiCE,1
0x4765708535cefed1:0xfb9c461d06a131ae,"Celje, Slovenia",SUBCOUNTRY,2026-03-11T14:54:15.179641+00:00,18,G:doWvrHqrcH4,"Mali, ne kompliciri",Vzrock,1869,https://www.youtube.com/watch?v=71_gcQuqBOg,6
0x4765708535cfa3bf:0x400f81c823fecd0,"Celje, Celje, Slovenia",CITY,2026-03-11T14:54:16.679090+00:00,19,G:KaiZurA7sP0,Ljubezen iz navade - Križanke (Live),Flirrt,1256,https://www.youtube.com/watch?v=_j5ZbmX4bsY,2
0x4765d63df0782975:0x300ad50862bb560,"City of Zagreb, Croatia",SUBCOUNTRY,2026-03-11T14:20:38.005407+00:00,12,G:LwBFh7i7G0U,Ravnoteža,Marko Perković Thompson,195351,https://www.youtube.com/watch?v=g9w5zmNaVoI,10
0x4765d692c902cc39:0x3a45249628fbc28a,"Zagreb, City of Zagreb, Croatia",CITY,2026-03-11T14:20:35.317868+00:00,13,G:LwBFh7i7G0U,Ravnoteža,Marko Perković Thompson,191812,https://www.youtube.com/watch?v=g9w5zmNaVoI,10
0x4766012720dc604f:0x300ad50862bb460,"Varaždin County, Croatia",SUBCOUNTRY,2026-03-11T15:24:18.498524+00:00,20,G:PEDZ_mKnEZA,Olivera (Live Zadar),Đorđe Balašević,5838,https://www.youtube.com/watch?v=J36t8mxEGV8,3
0x47683de4c4aba965:0x400c4290c1e1220,"Kaposvár, Somogy County, Hungary",CITY,2026-03-11T14:39:17.300222+00:00,17,G:v8oZKtgfYUc,3korty,Azahriah,2893,https://www.youtube.com/watch?v=OuMq5pSVVwU,12
0x47684286a6ade433:0x100c4290c1e1100,"Somogy County, Hungary",SUBCOUNTRY,2026-03-11T14:55:57.541545+00:00,18,G:Jdh7zwQK08g,Boldog igazán (feat. Parno Graszt),DÁNIELFY,10276,https://www.youtube.com/watch?v=B3VLhkFL0no,7
0x476893061c075be9:0x400c4290c1e12b0,"Nagykanizsa, Zala County, Hungary",CITY,2026-03-11T15:25:43.825723+00:00,17,G:Jdh7zwQK08g,Boldog igazán (feat. Parno Graszt),DÁNIELFY,1992,https://www.youtube.com/watch?v=B3VLhkFL0no,7
0x4768aacffc31037d:0xdbfa9eea855fd6d9,"Varaždin, Varaždin County, Croatia",CITY,2026-03-11T15:24:18.745758+00:00,18,G:E0rFwVuDvBE,Neotuđivo,Marko Kutlić,4453,https://www.youtube.com/watch?v=I_jqtoalI00,4
0x4768dcb1ace6af45:0x100c4290c1e1150,"Zala County, Hungary",SUBCOUNTRY,2026-03-11T14:56:18.111261+00:00,18,G:Jdh7zwQK08g,Boldog igazán (feat. Parno Graszt),DÁNIELFY,10372,https://www.youtube.com/watch?v=B3VLhkFL0no,7
0x47692817e6d34a01:0x400c4290c1e1250,"Zalaegerszeg, Zala County, Hungary",CITY,2026-03-11T15:26:20.585544+00:00,14,G:_q0eREeBzyM,Hullik a cseresznyefa virága,"Honeybeast, Parno Graszt",3902,https://www.youtube.com/watch?v=weMyOwF2T64,13
0x4769431b514bbe4d:0x1b9c21bda28cb2d6,"Veszprém, Hungary",SUBCOUNTRY,2026-03-11T14:51:59.483250+00:00,19,G:_q0eREeBzyM,Hullik a cseresznyefa virága,"Honeybeast, Parno Graszt",11659,https://www.youtube.com/watch?v=weMyOwF2T64,13
0x4769610c449a4107:0xa5062e116529d97b,"Pápa, Veszprém, Hungary",CITY,2026-03-11T14:52:04.772449+00:00,20,G:K9jcSBPECeM,Sodorjon,Kowalsky meg a Vega,1984,https://www.youtube.com/watch?v=C0RKmYNu_GA,1
0x47699add028c2f91:0x400c4290c1e1210,"Veszprém, Veszprém, Hungary",CITY,2026-03-11T14:51:57.591165+00:00,20,G:8BVRwrS80yk,Vinnipu,Desh,2592,https://www.youtube.com/watch?v=RC7_OkIRhgY,21
0x4769c0c1d19f524f:0xb066d0df5c3768d8,"Siófok, Somogy County, Hungary",CITY,2026-03-11T14:55:58.292643+00:00,19,G:CqlACuAeMHk,Mulat a Guszti,Bódi Guszti,1193,https://www.youtube.com/watch?v=7nLw4TO4U6Q,4
0x4769f793764a78df:0x400c4290c1e11f0,"Székesfehérvár, Fejér, Hungary",CITY,2026-03-11T14:50:46.630519+00:00,20,G:0nxvZcxlIMU,SUV,"Desh, Young Fly",5314,https://www.youtube.com/watch?v=DZhCZe3B8rA,9
0x4769f7ba82725a2d:0x6e3815f67d1cb834,"Fejér, Hungary",SUBCOUNTRY,2026-03-11T14:55:00.147525+00:00,20,G:v8oZKtgfYUc,3korty,Azahriah,17150,https://www.youtube.com/watch?v=OuMq5pSVVwU,12
0x476a2d2a97480765:0x1a85616c19913726,"Komárom-Esztergom, Hungary",SUBCOUNTRY,2026-03-11T14:55:24.935930+00:00,18,G:8BVRwrS80yk,Vinnipu,Desh,13217,https://www.youtube.com/watch?v=RC7_OkIRhgY,21
0x476a4079ae970e87:0x400c4290c1e1280,"Tatabánya, Komárom-Esztergom, Hungary",CITY,2026-03-11T15:26:06.701277+00:00,17,G:awDx_CDcSKw,NU MĂ LASĂ,"Tóth Andi, BELANO",3852,https://www.youtube.com/watch?v=NKLooXo1gNo,8
0x476a6227b1317923:0xbe2a180c05793793,"Esztergom, Komárom-Esztergom, Hungary",CITY,2026-03-11T14:55:21.890550+00:00,20,G:0nxvZcxlIMU,SUV,"Desh, Young Fly",1436,https://www.youtube.com/watch?v=DZhCZe3B8rA,9
0x476adc50604c2e81:0x61c7d3110ea6ea89,"Levice, Nitra Region, Slovakia",CITY,2026-03-11T14:43:58.040336+00:00,17,G:TkVFk6Uh7ok,Zub za zub,"Separ, Raphael",1048,https://www.youtube.com/watch?v=xY8noigRlMc,11
0x476b014e1d001c71:0x34e9b20e19515def,"Nové Zámky, Nitra Region, Slovakia",CITY,2026-03-11T14:43:56.305214+00:00,17,G:TkVFk6Uh7ok,Zub za zub,"Separ, Raphael",1224,https://www.youtube.com/watch?v=xY8noigRlMc,11
0x476b2035c37b75eb:0x100f7d1c6978c40,"Nitra Region, Slovakia",SUBCOUNTRY,2026-03-11T14:44:09.656602+00:00,17,G:TkVFk6Uh7ok,Zub za zub,"Separ, Raphael",15680,https://www.youtube.com/watch?v=xY8noigRlMc,11
0x476b3ee0556593fd:0x400f7d1c6978bf0,"Nitra, Nitra Region, Slovakia",CITY,2026-03-11T14:43:52.734784+00:00,17,G:TkVFk6Uh7ok,Zub za zub,"Separ, Raphael",2431,https://www.youtube.com/watch?v=xY8noigRlMc,11
0x476b881634aedb0d:0x400c4290c1e1790,"Mosonmagyaróvár, Gyor-Moson-Sopron, Hungary",CITY,2026-03-11T14:37:21.004184+00:00,15,G:v8oZKtgfYUc,3korty,Azahriah,2265,https://www.youtube.com/watch?v=OuMq5pSVVwU,12
0x476bbf87407ea035:0x400c4290c1e11e0,"Győr, Gyor-Moson-Sopron, Hungary",CITY,2026-03-11T14:37:13.552257+00:00,14,G:WayRNKAeJDI,Passport,BSW,7215,https://www.youtube.com/watch?v=FDUe9BP_KRI,16
0x476bbff3c5b7d0f7:0xef9295a3d1b4e850,"Gyor-Moson-Sopron, Hungary",SUBCOUNTRY,2026-03-11T14:07:00.813665+00:00,19,G:WayRNKAeJDI,Passport,BSW,22434,https://www.youtube.com/watch?v=FDUe9BP_KRI,16
0x476c3b605048160d:0x400c4290c1e12a0,"Sopron, Gyor-Moson-Sopron, Hungary",CITY,2026-03-11T14:37:16.203161+00:00,17,G:v8oZKtgfYUc,3korty,Azahriah,3337,https://www.youtube.com/watch?v=OuMq5pSVVwU,12
0x476c89360aca6197:0x631f9b82fd884368,"Bratislava, Bratislava Region, Slovakia",CITY,2026-03-11T14:33:59.416147+00:00,7,G:ZjJBeGJXXQs,Nehaj tak,"Separ, SpecialBeatz",99827,https://www.youtube.com/watch?v=LfWvwgrbq-M,2
0x476c946b60c22d9b:0x100f7d1c6978c00,"Bratislava Region, Slovakia",SUBCOUNTRY,2026-03-11T14:34:14.980848+00:00,8,G:ZjJBeGJXXQs,Nehaj tak,"Separ, SpecialBeatz",104121,https://www.youtube.com/watch?v=LfWvwgrbq-M,2
0x476c9f23e48011a9:0x100f7d1c6978c60,"Trnava Region, Slovakia",SUBCOUNTRY,2026-03-11T15:26:15.902647+00:00,16,G:8792Y_i-qpI,23,Raphael,15687,https://www.youtube.com/watch?v=gTwPDDHn5CI,16
0x476ca062e63dcacd:0x400f7d1c696fab0,"Trnava, Trnava Region, Slovakia",CITY,2026-03-11T15:26:16.288167+00:00,15,G:kNouV7e8I6U,Domov,Alan Murin,2111,https://www.youtube.com/watch?v=XyWOJbQrU-k,16
0x476d079b259d2a7f:0x1012d47bdde4c1af,Austria,COUNTRY,2026-03-11T14:02:06.226486+00:00,9,G:RBng5WATmoc,Aff im Kopf,Caro Fux,249509,https://www.youtube.com/watch?v=EBU0C4f7tc0,12
0x476d079b259d2a7f:0xbc34b622868cd42e,"Vienna, Austria",SUBCOUNTRY,2026-03-11T14:02:36.296971+00:00,12,G:EChJ9tIGRX4,Gianna,"Die Draufgänger, Pietro Basile",97365,https://www.youtube.com/watch?v=diyJWQkXBTg,17
0x476d079e5136ca9f:0xfdc2e58a51a25b46,"Vienna, Austria",CITY,2026-03-11T15:23:21.583911+00:00,10,G:EChJ9tIGRX4,Gianna,"Die Draufgänger, Pietro Basile",121947,https://www.youtube.com/watch?v=diyJWQkXBTg,17
0x476d81dd12602ef1:0x55a1ae096c622edc,"Lower Austria, Austria",SUBCOUNTRY,2026-03-11T15:23:29.004822+00:00,11,G:I0gSUsXbEh0,TANZSCHEIN,Benjamin Gedeon,30688,https://www.youtube.com/watch?v=rxuzqCafHbQ,3
0x476dcbf5b4e50d4f:0x9b1618a33cd73827,"Wiener Neustadt, Lower Austria, Austria",CITY,2026-03-11T14:25:13.866253+00:00,14,G:I0gSUsXbEh0,TANZSCHEIN,Benjamin Gedeon,1030,https://www.youtube.com/watch?v=rxuzqCafHbQ,3
0x476e3578b82d0251:0xd005e47efb227d34,"Styria, Austria",SUBCOUNTRY,2026-03-11T14:02:04.500969+00:00,16,G:VFToMazTUW4,Hund und Bam,Caro Fux,36123,https://www.youtube.com/watch?v=09mYFcyZrTU,2
0x476e3587173065bb:0xfe8e8ad1d2dfdd9b,"Graz, Styria, Austria",CITY,2026-03-11T15:23:22.285984+00:00,20,G:VFToMazTUW4,Hund und Bam,Caro Fux,26668,https://www.youtube.com/watch?v=09mYFcyZrTU,2
0x476ea25ffe917fdd:0xc2f8946a6b3e4f07,"Vas County, Hungary",SUBCOUNTRY,2026-03-11T14:56:07.962703+00:00,19,G:WayRNKAeJDI,Passport,BSW,9337,https://www.youtube.com/watch?v=FDUe9BP_KRI,16
0x476eb84819ea8a61:0x400c4290c1e1260,"Szombathely, Vas County, Hungary",CITY,2026-03-11T14:51:04.059435+00:00,20,G:awDx_CDcSKw,NU MĂ LASĂ,"Tóth Andi, BELANO",4103,https://www.youtube.com/watch?v=NKLooXo1gNo,8
0x476f669e5d1e1e37:0x4ad7fa2c057d4d50,"Ptuj, Slovenia",SUBCOUNTRY,2026-03-11T14:54:14.473995+00:00,15,G:k06vhjCzTmA,BRAJDE,FIRBCI,2650,https://www.youtube.com/watch?v=-3wTdwskbI4,1
0x476f77a44f090225:0x734b1e69a0ee6162,"Administrative unit Maribor, Slovenia",SUBCOUNTRY,2026-03-11T15:25:42.789039+00:00,10,G:PEDZ_mKnEZA,Olivera (Live Zadar),Đorđe Balašević,21354,https://www.youtube.com/watch?v=J36t8mxEGV8,3
0x476f77a6ea402051:0x1053af90bc0daa22,"Maribor, Administrative unit Maribor, Slovenia",CITY,2026-03-11T15:25:43.206784+00:00,20,G:zU7HZZeVGV8,Punca v belem (Live!2023),Flirrt,16554,https://www.youtube.com/watch?v=v7jGQdJCtJU,2
0x47707345308f7e65:0x687eb6df8c618d2b,"Klagenfurt am Wörthersee, Carinthia, Austria",CITY,2026-03-11T14:02:45.076944+00:00,19,G:ZEekN3HxHkc,Sara' Perche Ti Amo,Ricchi e Poveri,1236,https://www.youtube.com/watch?v=Nn1IeHL5DHY,10
0x47707498a689f517:0xd95ab93dad9ec93f,"Carinthia, Austria",SUBCOUNTRY,2026-03-11T14:54:48.069613+00:00,17,G:I0gSUsXbEh0,TANZSCHEIN,Benjamin Gedeon,4420,https://www.youtube.com/watch?v=rxuzqCafHbQ,3
0x477083377b294137:0xad499e6600eff7e4,"Villach, Carinthia, Austria",CITY,2026-03-11T14:52:06.874455+00:00,18,G:ZEekN3HxHkc,Sara' Perche Ti Amo,Ricchi e Poveri,739,https://www.youtube.com/watch?v=Nn1IeHL5DHY,10
0x47734d284c976667:0x100af0f6614a840,"South Bohemian Region, Czechia",SUBCOUNTRY,2026-03-11T14:55:52.637144+00:00,20,G:A8J6GTLyS0o,Písnička (feat. Pokáč),Pavel Callta,12825,https://www.youtube.com/watch?v=VMt0LBvHPI8,8
0x47734fb43a5f629b:0x400af0f6614de80,"České Budějovice, South Bohemian Region, Czechia",CITY,2026-03-11T14:35:26.210809+00:00,17,G:8YMz7MX7PlA,Letná,"Rohony, Manene",2545,https://www.youtube.com/watch?v=q3kSXfvN1CU,13
0x47739595fa99854d:0x7c53292c577975c4,"Linz, Upper Austria, Austria",CITY,2026-03-11T14:03:16.826375+00:00,10,G:Belm7Y12JsM,Tirol,DJ Ötzi,8777,https://www.youtube.com/watch?v=_it3g50Ix40,12
0x47739785599b0361:0x7c48817c03c39588,"Upper Austria, Austria",SUBCOUNTRY,2026-03-11T15:23:24.246062+00:00,16,G:dvP7FAg5bYI,Zweifelturm,Pizzera & Jaus,19994,https://www.youtube.com/watch?v=ThE2H5gf-RY,11
0x4773f2a1ca267d99:0xe980c84f38ec7e18,"Wels, Upper Austria, Austria",CITY,2026-03-11T14:52:14.789527+00:00,20,G:utYf2yn657M,Ramazani (feat. Almin Shaqiri),Nafidan Miftari,1063,https://www.youtube.com/watch?v=bN6Kkugofss,1
0x4774587943a0a065:0x41d25a40937af30,"Passau, Bavaria, Germany",CITY,2026-03-11T14:45:30.711066+00:00,15,G:ZEekN3HxHkc,Sara' Perche Ti Amo,Ricchi e Poveri,754,https://www.youtube.com/watch?v=Nn1IeHL5DHY,10
0x4776906312255d17:0xa7a111e0a33005f9,"Salzburg, Austria",SUBCOUNTRY,2026-03-11T14:02:26.166071+00:00,19,G:ZEekN3HxHkc,Sara' Perche Ti Amo,Ricchi e Poveri,5544,https://www.youtube.com/watch?v=Nn1IeHL5DHY,10
0x47769adda908d4b1:0xc1e183a1412af73d,"Salzburg, Salzburg, Austria",CITY,2026-03-11T14:02:09.934675+00:00,20,G:uMFu8kz8Ak8,So oder So,AUT of ORDA,1628,https://www.youtube.com/watch?v=xDJOXVmXon8,3
0x47777a6f8add95bd:0xcd7e55459f84a64f,"Tyrol, Austria",SUBCOUNTRY,2026-03-11T15:23:24.239950+00:00,15,G:ZEekN3HxHkc,Sara' Perche Ti Amo,Ricchi e Poveri,12922,https://www.youtube.com/watch?v=Nn1IeHL5DHY,10
0x4778799167e9b4e5:0x107098715907c60,"Trentino-South Tyrol, Italy",SUBCOUNTRY,2026-03-11T14:56:10.231719+00:00,14,G:lzF9DpZmwVA,il filo rosso,Alfa,16296,https://www.youtube.com/watch?v=jYcaxxbiwUo,40
0x4778d7f1cc04b777:0x107098715907c70,"Veneto, Italy",SUBCOUNTRY,2026-03-11T14:08:17.854389+00:00,14,G:lzF9DpZmwVA,il filo rosso,Alfa,108372,https://www.youtube.com/watch?v=jYcaxxbiwUo,40
0x477937d3c10cde51:0x42f69b005c22748d,"Treviso, Veneto, Italy",CITY,2026-03-11T14:13:51.137826+00:00,20,G:wgwA7MFFvuI,Ora che non ho più te,Cesare Cremonini,1523,https://www.youtube.com/watch?v=LESn4LFOfes,5
0x477a33a45ebebaeb:0x107098715907c80,"Friuli-Venezia Giulia, Italy",SUBCOUNTRY,2026-03-11T15:24:33.500717+00:00,18,G:lzF9DpZmwVA,il filo rosso,Alfa,22979,https://www.youtube.com/watch?v=jYcaxxbiwUo,40
0x477a4aaffcbb00f5:0x3057d929f4963858,"Udine, Friuli-Venezia Giulia, Italy",CITY,2026-03-11T15:24:33.754576+00:00,19,G:tM7LbXxsnPM,MALE NECESSARIO,"Fedez, Marco Masini",1880,https://www.youtube.com/watch?v=3czqr_7A5mg,31
0x477ab81dbdc2be6b:0xddc3b847ddb03df4,"Kranj, Kranj, Slovenia",CITY,2026-03-11T14:54:19.932956+00:00,9,G:fID0awxadv8,Nekdo,Žan Serčič,1508,https://www.youtube.com/watch?v=N9lmQ2hviqA,8
0x477ab8937f797777:0x5e5365dab4b9c287,"Kranj, Slovenia",SUBCOUNTRY,2026-03-11T14:54:14.650256+00:00,16,G:zU7HZZeVGV8,Punca v belem (Live!2023),Flirrt,2170,https://www.youtube.com/watch?v=v7jGQdJCtJU,2
0x477b5d2b02db9545:0x400f81c823ff350,"Koper, Koper, Slovenia",CITY,2026-03-11T14:54:17.066641+00:00,2,G:3flSXMUCRp0,"Dobro jutro, dober dan","Alya, Vili Resnik",1878,https://www.youtube.com/watch?v=couxROh9JhI,11
0x477b5d2b18d77255:0x201965fa2e5cc048,"Koper, Slovenia",SUBCOUNTRY,2026-03-11T14:55:20.064185+00:00,17,G:fID0awxadv8,Nekdo,Žan Serčič,1595,https://www.youtube.com/watch?v=N9lmQ2hviqA,8
0x477cb1299de667ab:0x300ad50862bb530,"Istria County, Croatia",SUBCOUNTRY,2026-03-11T14:53:29.371042+00:00,10,G:jPTuHu_g2-4,LIMA LEN - RAKETA (Prvo polufinale),Rezonansa,5684,https://www.youtube.com/watch?v=DvkGHwkiw4s,1
0x477df9505a24da17:0x2a74a33c9c54a776,"Ravenna, Emilia-Romagna, Italy",CITY,2026-03-11T15:25:48.631215+00:00,19,G:e1c4UCC-jZE,LA CURA PER ME,Giorgia,1698,https://www.youtube.com/watch?v=-ixB0yDkLO4,18
0x477e4e0bde2b11dd:0x3c3b79ae53712b2e,"Ferrara, Emilia-Romagna, Italy",CITY,2026-03-11T15:25:41.090506+00:00,20,G:wgwA7MFFvuI,Ora che non ho più te,Cesare Cremonini,2753,https://www.youtube.com/watch?v=LESn4LFOfes,5
0x477eb1daf1d63d89:0x7ba3c6f0bd92102f,"Venice, Veneto, Italy",CITY,2026-03-11T14:13:55.177280+00:00,20,G:lzF9DpZmwVA,il filo rosso,Alfa,14110,https://www.youtube.com/watch?v=jYcaxxbiwUo,40
0x477eda5841ab30cf:0xc18236edaa1a2e2c,"Padua, Veneto, Italy",CITY,2026-03-11T14:13:48.447856+00:00,18,G:T0AocmAXnxE,ITALIA STARTER PACK,J-Ax,19943,https://www.youtube.com/watch?v=pja8q8lQV5E,21
0x477f317de4d2516f:0x6a8ec0930b8440bc,"Vicenza, Veneto, Italy",CITY,2026-03-11T14:13:50.452177+00:00,18,G:tM7LbXxsnPM,MALE NECESSARIO,"Fedez, Marco Masini",5390,https://www.youtube.com/watch?v=3czqr_7A5mg,31
0x477f5f68699be0e3:0x53f85a636882595b,"Verona, Veneto, Italy",CITY,2026-03-11T14:13:54.939603+00:00,16,G:Er3j8VLtHfo,STELLE,Geolier,18975,https://www.youtube.com/watch?v=R8XlTGlLQRo,35
0x477fd498e951c40b:0xa2e17c015ba49441,"Bologna, Emilia-Romagna, Italy",CITY,2026-03-11T14:08:17.165260+00:00,14,G:T0AocmAXnxE,ITALIA STARTER PACK,J-Ax,79625,https://www.youtube.com/watch?v=pja8q8lQV5E,21
0x477fef12dd4964e1:0x96751e7d492b7f28,"Modena, Emilia-Romagna, Italy",CITY,2026-03-11T14:27:46.487050+00:00,19,G:tM7LbXxsnPM,MALE NECESSARIO,"Fedez, Marco Masini",4209,https://www.youtube.com/watch?v=3czqr_7A5mg,31
0x47801c5b07e5f9b3:0xd9e650be4c860335,"Reggio Emilia, Emilia-Romagna, Italy",CITY,2026-03-11T14:27:47.864039+00:00,20,G:e1c4UCC-jZE,LA CURA PER ME,Giorgia,3315,https://www.youtube.com/watch?v=-ixB0yDkLO4,18
0x47806ae154d4c32f:0x3a137735c90369a,"Parma, Emilia-Romagna, Italy",CITY,2026-03-11T14:27:42.004584+00:00,18,G:T0AocmAXnxE,ITALIA STARTER PACK,J-Ax,4567,https://www.youtube.com/watch?v=pja8q8lQV5E,21
0x4780fe6d3c71fe83:0x307737e7e74bdaf5,"Cremona, Lombardy, Italy",CITY,2026-03-11T15:25:16.412696+00:00,19,G:40eEjlJNMWQ,Questa domenica,"Olly, Juli",6207,https://www.youtube.com/watch?v=Qa4rIEg8Bhk,24
0x478144c31a3e837f:0xa6f22622281593d4,"Lombardy, Italy",SUBCOUNTRY,2026-03-11T14:08:07.076938+00:00,14,G:Er3j8VLtHfo,STELLE,Geolier,844077,https://www.youtube.com/watch?v=R8XlTGlLQRo,35
0x47815111bc62ae73:0xd32fcb8f0be5a4d1,"Bergamo, Lombardy, Italy",CITY,2026-03-11T14:33:03.524022+00:00,11,G:T0AocmAXnxE,ITALIA STARTER PACK,J-Ax,14182,https://www.youtube.com/watch?v=pja8q8lQV5E,21
0x4781766ea2b0294d:0x22cd4615476aea04,"Brescia, Lombardy, Italy",CITY,2026-03-11T14:34:11.234400+00:00,16,G:T0AocmAXnxE,ITALIA STARTER PACK,J-Ax,18995,https://www.youtube.com/watch?v=pja8q8lQV5E,21
0x478276cac9ce9ddb:0x27c6a299139ff547,"Trento, Trentino-South Tyrol, Italy",CITY,2026-03-11T15:26:14.762524+00:00,8,G:I2M6EhvCTQU,Na Lettera,Jhosef,10069,https://www.youtube.com/watch?v=pQdCBzY9Ct8,23
0x47829c2b419e7049:0x652b694f348b432a,"Bolzano, Trentino-South Tyrol, Italy",CITY,2026-03-11T14:33:44.057622+00:00,16,G:m2RXmGovG-U,Lule Mali,"Olsi Bylyku, GJOVALIN SHANI",2173,https://www.youtube.com/watch?v=XNC4eAVXPvU,15
0x47842df76a4211f1:0xef8c04212ea1f8e0,"Lugano, Ticino, Switzerland",CITY,2026-03-11T14:11:07.775802+00:00,10,G:kxarLA2_LY0,Danza Kuduro (feat. Lucenzo),Don Omar,10384,https://www.youtube.com/watch?v=7zp1TbLFPp8,50
0x478597da2e3ade83:0xc3eda1a3958deb8,"Ticino, Switzerland",SUBCOUNTRY,2026-03-11T14:11:08.807127+00:00,18,G:lzF9DpZmwVA,il filo rosso,Alfa,12119,https://www.youtube.com/watch?v=jYcaxxbiwUo,40
0x47865a204242336d:0x4d210e35fa2980f0,"Novara, Piedmont, Italy",CITY,2026-03-11T14:44:27.847780+00:00,12,G:T0AocmAXnxE,ITALIA STARTER PACK,J-Ax,16260,https://www.youtube.com/watch?v=pja8q8lQV5E,21
0x47869c481027ed63:0xb99b96af785ff524,"Como, Lombardy, Italy",CITY,2026-03-11T15:25:10.332602+00:00,20,G:bqZMd6eByBQ,AMOR,Achille Lauro,3000,https://www.youtube.com/watch?v=v1cyMWcoh6M,21
0x4786b9a136505b87:0x11cc7d58ca00449d,"Monza, Lombardy, Italy",CITY,2026-03-11T14:41:59.056592+00:00,15,G:tM7LbXxsnPM,MALE NECESSARIO,"Fedez, Marco Masini",3488,https://www.youtube.com/watch?v=3czqr_7A5mg,31
0x4786c1493f1275e7:0x3cffcd13c6740e8d,"Milan, Lombardy, Italy",CITY,2026-03-11T14:08:09.173783+00:00,20,G:DEcJVKj14BU,ARCOBALENO (feat. Anuel AA),Geolier,573258,https://www.youtube.com/watch?v=wJP2AkBYtNo,26
0x4787264c75fa0049:0xf5b5b4bcb3cf828e,"Pavia, Lombardy, Italy",CITY,2026-03-11T14:45:32.108626+00:00,19,G:T0AocmAXnxE,ITALIA STARTER PACK,J-Ax,3125,https://www.youtube.com/watch?v=pja8q8lQV5E,21
0x47877431ed416505:0xd647f5990f0c62d9,"Alessandria, Piedmont, Italy",CITY,2026-03-11T14:31:55.739572+00:00,18,G:M885f4SnSmo,Per due come noi,"Olly, Angelina Mango, Juli",1194,https://www.youtube.com/watch?v=nVa0GPeuVk4,5
0x4787743b019db167:0xbcc7b8edf2123bff,"Piedmont, Italy",SUBCOUNTRY,2026-03-11T14:55:42.426235+00:00,20,G:e1c4UCC-jZE,LA CURA PER ME,Giorgia,99445,https://www.youtube.com/watch?v=-ixB0yDkLO4,18
0x47886d126418be25:0x8903f803d69c77bf,"Turin, Piedmont, Italy",CITY,2026-03-11T14:08:19.116581+00:00,18,G:tM7LbXxsnPM,MALE NECESSARIO,"Fedez, Marco Masini",52322,https://www.youtube.com/watch?v=3czqr_7A5mg,31
0x478af48bd689be6f:0x618c10cd6e995398,"Grenoble, Auvergne-Rhône-Alpes, France",CITY,2026-03-11T14:13:51.012728+00:00,10,G:Jhbkx6qNAUM,What You Want,"Angèle, Justice",7854,https://www.youtube.com/watch?v=e5s8MdtnbMM,7
0x478ba85708695f63:0xd5c21acfa63d899c,"Chambéry, Auvergne-Rhône-Alpes, France",CITY,2026-03-11T14:35:31.107689+00:00,19,G:zeCcrNEpV50,Tour du monde (feat. L2B),Soolking,1767,https://www.youtube.com/watch?v=j5iOQ9qgThg,10
0x478c293ecd89a7e5:0xeb173fc9cae2ee5e,"Lausanne, Vaud, Switzerland",CITY,2026-03-11T14:11:05.080014+00:00,16,G:kxarLA2_LY0,Danza Kuduro (feat. Lucenzo),Don Omar,29946,https://www.youtube.com/watch?v=7zp1TbLFPp8,50
0x478c2da26d0b90b5:0x100ff884018d850,"Vaud, Switzerland",SUBCOUNTRY,2026-03-11T14:11:08.184874+00:00,19,G:kxarLA2_LY0,Danza Kuduro (feat. Lucenzo),Don Omar,38344,https://www.youtube.com/watch?v=7zp1TbLFPp8,50
0x478c64435163cde5:0x100ff884018d880,"Geneva, Switzerland",SUBCOUNTRY,2026-03-11T14:11:07.020464+00:00,20,G:1NkXgJFaoyI,Papaoutai,Stromae,11647,https://www.youtube.com/watch?v=oiKj0Z_Xnjc,69
0x478c64ef6f596d61:0x5c56b5110fcb7b15,Switzerland,COUNTRY,2026-03-11T14:11:05.361996+00:00,16,G:r9620U__n40,Memories,Gjesti,182813,https://www.youtube.com/watch?v=Xrwt9iJ-69w,20
0x478c650693d0e2eb:0xa0b695357b0bbc39,"Geneva, Geneva, Switzerland",CITY,2026-03-11T14:11:13.985519+00:00,20,G:1NkXgJFaoyI,Papaoutai,Stromae,7550,https://www.youtube.com/watch?v=oiKj0Z_Xnjc,69
0x478d62faf0ee130b:0x409ce34b313ed30,"Besançon, Bourgogne-Franche-Comté, France",CITY,2026-03-11T15:24:51.371380+00:00,17,G:Sfc-yHvXysg,PILIER,Ninho,3728,https://www.youtube.com/watch?v=dIJuNqS9c3w,62
0x478dcf8169abf3b5:0xce32c1ad4bdca4f9,"Yverdon-les-Bains, Vaud, Switzerland",CITY,2026-03-11T14:27:28.486493+00:00,20,G:QlwNM6i8ey0,CIEL,GIMS,680,https://www.youtube.com/watch?v=KG6ft_YDp5k,68
0x478e1ed05cbaeccf:0x50dc9743d041701e,"Biel/Bienne, Canton of Bern, Switzerland",CITY,2026-03-11T14:33:07.668257+00:00,11,G:DP6FY4eyvL8,Stirbt Schweizer Musik? 🤔,Yello,1181,https://www.youtube.com/watch?v=mhb3RwIHjFo,6
0x478e39c0d43a1b77:0x8a06a97eae310a0,"Canton of Bern, Switzerland",SUBCOUNTRY,2026-03-11T14:11:05.290239+00:00,16,G:r9620U__n40,Memories,Gjesti,20225,https://www.youtube.com/watch?v=Xrwt9iJ-69w,20
0x478e39c0d43a1b77:0xcb555ffe0457659a,"Bern, Canton of Bern, Switzerland",CITY,2026-03-11T14:11:09.610784+00:00,15,G:RVC65IjZ9og,Xhane,Dafina Zeqiri,11464,https://www.youtube.com/watch?v=XPq_0BOXVqo,8
0x478ffa2a79547379:0xaef02ad1409952af,"Luzern, CH",SUBCOUNTRY,2026-03-11T14:56:43.871762+00:00,16,G:axKDfR_tXms,Molto Piratissimo,"Thomas Bergersen, Two Steps from Hell",1302,https://www.youtube.com/watch?v=lWntEL8gzd0,1
0x47900a71536df96b:0x63feb85dd77b2e7f,"Zurich, Switzerland",SUBCOUNTRY,2026-03-11T14:11:06.424218+00:00,14,G:RVC65IjZ9og,Xhane,Dafina Zeqiri,61805,https://www.youtube.com/watch?v=XPq_0BOXVqo,8
0x47900b9749bea219:0xe66e8df1e71fdc03,"Zürich, Zurich, Switzerland",CITY,2026-03-11T14:11:03.473713+00:00,14,G:RVC65IjZ9og,Xhane,Dafina Zeqiri,40846,https://www.youtube.com/watch?v=XPq_0BOXVqo,8
0x47900ca049c0eabd:0xf098049f41041dec,"Winterthur, Zurich, Switzerland",CITY,2026-03-11T14:11:13.928408+00:00,5,G:RVC65IjZ9og,Xhane,Dafina Zeqiri,9367,https://www.youtube.com/watch?v=XPq_0BOXVqo,8
0x479017f3f5b27d2b:0xf81a0df80757ce7d,"Aargau, Switzerland",SUBCOUNTRY,2026-03-11T14:11:14.142520+00:00,6,G:DP6FY4eyvL8,Stirbt Schweizer Musik? 🤔,Yello,12996,https://www.youtube.com/watch?v=mhb3RwIHjFo,6
0x479049c72769304f:0x361ceb70f36d8a90,"Basel, Basel City, Switzerland",CITY,2026-03-11T14:32:51.632955+00:00,13,G:RVC65IjZ9og,Xhane,Dafina Zeqiri,6664,https://www.youtube.com/watch?v=XPq_0BOXVqo,8
0x47911b26560bd665:0x41f6bb7a5df57b0,"Freiburg im Breisgau, Baden-Württemberg, Germany",CITY,2026-03-11T14:36:28.240817+00:00,19,G:Y_2bYMTi8HY,AKON,Jazeek,3398,https://www.youtube.com/watch?v=eZlFOSbgDlo,30
0x47911b62826406df:0xc68c48bf0d244860,"Baden-Württemberg, Germany",SUBCOUNTRY,2026-03-11T14:06:20.145928+00:00,19,G:dg_bgh5L7XU,Dorfkinder,Finnel,148605,https://www.youtube.com/watch?v=3SdKODqdNZw,24
0x479155dfc58fb5b1:0xb9c8197dcfd117fd,"Alsace-Champagne-Ardenne-Lorraine, FR",SUBCOUNTRY,2026-03-11T14:56:45.263305+00:00,20,G:qsmzm7jqqu8,APPELLE TA COPINE,GIMS,171087,https://www.youtube.com/watch?v=gtvQOusc5mQ,16
0x479165dff670c1cf:0xe35d7e3e616ce966,"Colmar, Grand Est, France",CITY,2026-03-11T15:25:09.465456+00:00,17,G:Sfc-yHvXysg,PILIER,Ninho,2320,https://www.youtube.com/watch?v=dIJuNqS9c3w,62
0x47919b6c1d88946b:0x40a5fb99a393360,"Mulhouse, Grand Est, France",CITY,2026-03-11T14:42:21.898084+00:00,15,G:EaU3r_eAnWY,GMK,WIXO & LA2S,3871,https://www.youtube.com/watch?v=wkiTcaab8FA,18
0x4791b5f83b6b0735:0xac3ac5c8f35b7913,"Basel-Landschaft, Switzerland",SUBCOUNTRY,2026-03-11T14:32:55.424459+00:00,4,G:DP6FY4eyvL8,Stirbt Schweizer Musik? 🤔,Yello,5038,https://www.youtube.com/watch?v=mhb3RwIHjFo,6
0x4791b75e734b6e65:0x76abbc1d0f6aa2fe,"Basel City, Switzerland",SUBCOUNTRY,2026-03-11T14:32:55.432364+00:00,13,G:RVC65IjZ9og,Xhane,Dafina Zeqiri,6664,https://www.youtube.com/watch?v=XPq_0BOXVqo,8
0x47923b78fc4e48e1:0x409ce34b30d50d0,"Belfort, Bourgogne-Franche-Comté, France",CITY,2026-03-11T15:24:51.395522+00:00,19,G:LygE7MflLv0,Ki Name Deke Bolbo Tomake,Miftah Zaman,1645,https://www.youtube.com/watch?v=7UbpNPb255k,1
0x4794986e17a692cd:0x4ed671b10d82498d,"Nancy, Grand Est, France",CITY,2026-03-11T14:43:23.864485+00:00,11,G:VXrDHUmZD3w,Des mythos,Theodora,3593,https://www.youtube.com/watch?v=zhgFR2L2reE,6
0x4794dc1b6074b6a9:0x596be4b635bba669,"Metz, Grand Est, France",CITY,2026-03-11T14:41:35.168806+00:00,17,G:mQah7793A18,C'est nous dans le top (Brainrot),Unchained,3574,https://www.youtube.com/watch?v=VkUycmJM1r4,29
0x479525297d62f987:0xa7af8d1a441ac977,"Thionville, Grand Est, France",CITY,2026-03-11T15:26:10.684199+00:00,19,G:ETynCYzQrSg,SPIDER,"GIMS, DYSTINCT",1013,https://www.youtube.com/watch?v=NLXiGXbxl6Q,17
0x479545b9ca212147:0x64db60f602d392ef,Luxembourg,COUNTRY,2026-03-11T14:08:47.295298+00:00,5,G:KH1lgVE_p3I,Candy,Cruise,34552,https://www.youtube.com/watch?v=DDX4DeR1Qe8,2
0x479548cd9df32c57:0x400d1d6d1056d10,"Luxembourg, Luxembourg, Luxembourg",CITY,2026-03-11T14:08:36.312829+00:00,9,G:KH1lgVE_p3I,Candy,Cruise,16395,https://www.youtube.com/watch?v=DDX4DeR1Qe8,2
0x47957c9bd11cfbc5:0xfe0ca3a54dcd724b,"Trier, Rhineland-Palatinate, Germany",CITY,2026-03-11T15:26:15.252417+00:00,6,G:0S_lajauKFg,Karnevalsmaus,Druckluft,2703,https://www.youtube.com/watch?v=6LlXRtfzf-A,12
0x4795a4efc2a81f31:0x122d4d510dc7970,"Saarland, Germany",SUBCOUNTRY,2026-03-11T14:27:33.949984+00:00,20,G:JdwEQdr8vqg,Rakete (Party Edit),Dj Aaron,9668,https://www.youtube.com/watch?v=DcpPjREUfO4,1
0x4795b152e302c0eb:0x422d4d510db6b80,"Saarbrücken, Saarland, Germany",CITY,2026-03-11T14:27:29.765722+00:00,19,G:0S_lajauKFg,Karnevalsmaus,Druckluft,2240,https://www.youtube.com/watch?v=6LlXRtfzf-A,12
0x479612b9168c0e31:0xa686b1e52337cb89,"Kaiserslautern, Rhineland-Palatinate, Germany",CITY,2026-03-11T14:39:15.676496+00:00,4,G:jfsnvfcZjPk,Renn!,AYLIVA,2773,https://www.youtube.com/watch?v=IwTabKM4lyE,75
0x4796c8495e18b2c1:0x971a483118e7241f,"Strasbourg, Grand Est, France",CITY,2026-03-11T14:50:26.804691+00:00,18,G:wZVNHdiHeZA,La recette,"JECK, Carla",51903,https://www.youtube.com/watch?v=9kBpbQDZdbQ,20
0x47970648a2e07809:0xb6fc55734cb7ee7f,"Karlsruhe, Baden-Württemberg, Germany",CITY,2026-03-11T14:39:19.165112+00:00,19,G:kxarLA2_LY0,Danza Kuduro (feat. Lucenzo),Don Omar,4702,https://www.youtube.com/watch?v=7zp1TbLFPp8,50
0x4797c1050eccdccd:0xefe6ea0044243ad7,"Heidelberg, Baden-Württemberg, Germany",CITY,2026-03-11T14:37:57.420493+00:00,20,G:kxarLA2_LY0,Danza Kuduro (feat. Lucenzo),Don Omar,2096,https://www.youtube.com/watch?v=7zp1TbLFPp8,50
0x4797cc24518e3f45:0xb1e4fe7aa406e687,"Mannheim, Baden-Württemberg, Germany",CITY,2026-03-11T14:41:06.307637+00:00,20,G:CLC1BD5Vr8o,Roller,Apache 207,16762,https://www.youtube.com/watch?v=Fo3DAhiNKQo,2
0x4797cc6973da8163:0x1778927bb80ecffc,"Rhineland-Palatinate, Germany",SUBCOUNTRY,2026-03-11T14:55:54.389391+00:00,7,G:0S_lajauKFg,Karnevalsmaus,Druckluft,69470,https://www.youtube.com/watch?v=6LlXRtfzf-A,12
0x47982897b04d51d1:0x41ffd3c8d099070,"Heilbronn, Baden-Württemberg, Germany",CITY,2026-03-11T14:37:56.214735+00:00,17,G:XmYBtVmJxuM,Bleib stark,"Aymo, Aymen, Amo",2936,https://www.youtube.com/watch?v=I1-dVUj0F3k,4
0x4799646998350bfd:0x41f6bb7a5df7d90,"Ulm, Baden-Württemberg, Germany",CITY,2026-03-11T14:51:36.053620+00:00,19,G:kxarLA2_LY0,Danza Kuduro (feat. Lucenzo),Don Omar,1727,https://www.youtube.com/watch?v=7zp1TbLFPp8,50
0x4799db34c1ad8fd3:0x79d5c11c7791cfe4,"Stuttgart, Baden-Württemberg, Germany",CITY,2026-03-11T14:50:24.962672+00:00,19,G:kxarLA2_LY0,Danza Kuduro (feat. Lucenzo),Don Omar,27298,https://www.youtube.com/watch?v=7zp1TbLFPp8,50
0x479a721ec2b1be6b:0x75e85d6b8e91e55b,Germany,COUNTRY,2026-03-11T14:06:14.487895+00:00,18,G:AFkXZ_RAwtI,Vielleicht Vielleicht (Holy Priest & elMefti Remix),"MilleniumKid, JBS, Holy Priest, elMefti",1229450,https://www.youtube.com/watch?v=pgFGKGhLXfI,24
0x479ac3248b0a10a1:0xbae7aba15ca8dea,"St. Gallen, Switzerland",SUBCOUNTRY,2026-03-11T14:27:26.084596+00:00,17,G:-a1bdSxYX8g,Hunderttusig Liebeslieder,Megawatt,5920,https://www.youtube.com/watch?v=gioUuIfKf88,1
0x479af61b380c1f5b:0x41f6bb7a5df99d0,"Konstanz, Baden-Württemberg, Germany",CITY,2026-03-11T14:39:35.675521+00:00,15,G:kxarLA2_LY0,Danza Kuduro (feat. Lucenzo),Don Omar,1130,https://www.youtube.com/watch?v=7zp1TbLFPp8,50
0x479b12a122aa0945:0x844f059ff5559a4d,"Vorarlberg, Austria",SUBCOUNTRY,2026-03-11T14:26:53.403290+00:00,20,G:Belm7Y12JsM,Tirol,DJ Ötzi,2966,https://www.youtube.com/watch?v=_it3g50Ix40,12
0x479b1e297633d855:0x9a2250081ffe6114,"St. Gallen, St. Gallen, Switzerland",CITY,2026-03-11T14:27:35.003796+00:00,6,G:DP6FY4eyvL8,Stirbt Schweizer Musik? 🤔,Yello,1633,https://www.youtube.com/watch?v=mhb3RwIHjFo,6
0x479b6af4cda8dde5:0x6aa6d558512de49,"Dornbirn, Vorarlberg, Austria",CITY,2026-03-11T14:26:47.965017+00:00,20,G:uMFu8kz8Ak8,So oder So,AUT of ORDA,533,https://www.youtube.com/watch?v=xDJOXVmXon8,3
0x479d6ecfe1f8ca73:0x9d201c7d281d9b0d,"Innsbruck, Tyrol, Austria",CITY,2026-03-11T14:02:42.090960+00:00,20,G:ZEekN3HxHkc,Sara' Perche Ti Amo,Ricchi e Poveri,5779,https://www.youtube.com/watch?v=Nn1IeHL5DHY,10
0x479e75f9a38c5fd9:0x10cb84a7db1987d,"Munich, Bavaria, Germany",CITY,2026-03-11T14:06:20.088259+00:00,13,G:kxarLA2_LY0,Danza Kuduro (feat. Lucenzo),Don Omar,60716,https://www.youtube.com/watch?v=7zp1TbLFPp8,50
0x479ea2c53a212b29:0x41e48add78be7a0,"Augsburg, Bavaria, Germany",CITY,2026-03-11T14:32:27.634990+00:00,20,G:kxarLA2_LY0,Danza Kuduro (feat. Lucenzo),Don Omar,7347,https://www.youtube.com/watch?v=7zp1TbLFPp8,50
0x479efe5188360abb:0xec5d7e2213748aea,"Ingolstadt, Bavaria, Germany",CITY,2026-03-11T14:38:42.278725+00:00,17,G:kxarLA2_LY0,Danza Kuduro (feat. Lucenzo),Don Omar,2061,https://www.youtube.com/watch?v=7zp1TbLFPp8,50
0x479f044c0fdf53a9:0x11d25a409387960,"Bavaria, Germany",SUBCOUNTRY,2026-03-11T14:06:19.278411+00:00,19,G:0AsAbF90Rk4,The Emptiness Machine,Linkin Park,170699,https://www.youtube.com/watch?v=SRXH9AbT280,12
0x479fc19872222ef7:0x41d25a40937cb10,"Regensburg, Bavaria, Germany",CITY,2026-03-11T15:25:49.437812+00:00,15,G:kxarLA2_LY0,Danza Kuduro (feat. Lucenzo),Don Omar,2489,https://www.youtube.com/watch?v=7zp1TbLFPp8,50
0x47a09191d3b426c1:0xaf05bae37baec14d,"Sokolov, Karlovy Vary Region, Czechia",CITY,2026-03-11T14:39:17.788912+00:00,15,G:77QfdGgQ1tg,Bouřka,Lboy Bsc,601,https://www.youtube.com/watch?v=cC48zOWj3Qc,3
0x47a091b7328af3cd:0x100af0f6614a860,"Karlovy Vary Region, Czechia",SUBCOUNTRY,2026-03-11T14:39:19.438709+00:00,13,G:f1YzjimZ4W8,HIP THRUST,Yzomandias,6693,https://www.youtube.com/watch?v=cIePO3ccFW8,9
0x47a099405da94d43:0x284baf8a43d431d0,"Karlovy Vary, Karlovy Vary Region, Czechia",CITY,2026-03-11T14:39:17.906997+00:00,12,G:qL_z23HMhpI,Waves (Robin Schulz Remix),"Mr. Probz, Robin Schulz",1402,https://www.youtube.com/watch?v=pUjE9H8QlA4,1
0x47a0f65f5f94cbfb:0xc0d3b534b3db8f66,"Cheb, Karlovy Vary Region, Czechia",CITY,2026-03-11T14:39:17.718799+00:00,20,G:yrHPLRULhd4,KSN,"Yzomandias, P T K",978,https://www.youtube.com/watch?v=ONDwh8M3OyI,2
0x47a1f8c7d57c34a1:0x41eda32beb5c7d0,"Erlangen, Bavaria, Germany",CITY,2026-03-11T15:25:35.898637+00:00,18,G:0AsAbF90Rk4,The Emptiness Machine,Linkin Park,1569,https://www.youtube.com/watch?v=SRXH9AbT280,12
0x47a2902012da4dd9:0x41db728f06209a0,"Würzburg, Bavaria, Germany",CITY,2026-03-11T14:52:45.490790+00:00,19,G:p30_SVxF6i4,Baby Bell,Breitner,1749,https://www.youtube.com/watch?v=NIZSrYR8YJE,2
0x47a40f7fda3af193:0x1208ec1743479d0,"Thuringia, Germany",SUBCOUNTRY,2026-03-11T15:24:48.120617+00:00,18,G:KA_7x5xv4v8,tau mich auf,Zartmann,23193,https://www.youtube.com/watch?v=M0_z5WmMV-c,7
0x47a472858358d671:0x4208ec174333600,"Erfurt, Thuringia, Germany",CITY,2026-03-11T15:24:48.642895+00:00,20,G:8P8kA-oVq6c,LOVE U ANYWAY,benno!,2255,https://www.youtube.com/watch?v=YXpKFoR4Jas,2
0x47a5f099e8512481:0xd11dc516e80ede74,"Saxony-Anhalt, Germany",SUBCOUNTRY,2026-03-11T14:55:50.765545+00:00,19,G:eI1Xp62DJCI,Warum hast du nicht nein gesagt,"Maite Kelly, Roland Kaiser",23311,https://www.youtube.com/watch?v=BNHamTwxJ6Q,2
0x47a5f5ff55daea5b:0x4236659f8071060,"Magdeburg, Saxony-Anhalt, Germany",CITY,2026-03-11T14:40:28.290940+00:00,19,G:8zv8ifua30E,Wie?,AYLIVA,2692,https://www.youtube.com/watch?v=CLm6KSNKvAY,2
0x47a66347fcfc709f:0x4236659f806e460,"Halle (Saale), Saxony-Anhalt, Germany",CITY,2026-03-11T14:37:25.375048+00:00,16,G:8P8kA-oVq6c,LOVE U ANYWAY,benno!,3159,https://www.youtube.com/watch?v=YXpKFoR4Jas,2
0x47a6f818200f2c73:0x93df80d2b9b4f552,"Leipzig, Saxony, Germany",CITY,2026-03-11T14:40:04.731330+00:00,20,G:8ZQSxgWaFmA,Thank You (Not So Bad),"Dimitri Vegas & Like Mike, Tiësto, Dido, W&W",18904,https://www.youtube.com/watch?v=fQWNeIiFf_s,3
0x47a7465f01fd9de9:0x51ddf8280975d11c,"Chemnitz, Saxony, Germany",CITY,2026-03-11T15:25:01.466145+00:00,20,G:KA_7x5xv4v8,tau mich auf,Zartmann,3659,https://www.youtube.com/watch?v=M0_z5WmMV-c,7
0x47a84e2b719cf2f3:0x8dba8fa58c57d186,"Berlin, Germany",SUBCOUNTRY,2026-03-11T14:06:20.648137+00:00,17,G:72RW7kEbi7U,UZI,"LACAZETTE, Gzuz",97575,https://www.youtube.com/watch?v=9PbbHSq6_0Q,9
0x47a84e373f035901:0x42120465b5e3b70,"Berlin, Germany",CITY,2026-03-11T14:06:20.456345+00:00,17,G:72RW7kEbi7U,UZI,"LACAZETTE, Gzuz",97491,https://www.youtube.com/watch?v=9PbbHSq6_0Q,9
0x47aa093800d3a759:0xa95adc4e5f8ac4f3,"Szczecin, West Pomeranian Voivodeship, Poland",CITY,2026-03-11T14:50:48.983722+00:00,20,G:3HNAtuVPufw,Dom Nad Wodą,"Pezet, Auer",32740,https://www.youtube.com/watch?v=vAxJ6J-bk0U,7
0x47aa58cdcdae3301:0x1fe03a970a6e4dc8,"Świnoujście, West Pomeranian Voivodeship, Poland",CITY,2026-03-11T14:50:39.658790+00:00,19,G:0Ify5ad889k,Wait So Long,Swedish House Mafia,913,https://www.youtube.com/watch?v=ycO9XkjxPhA,1
0x47ac50ac3bdc3837:0xc6d8dce467dde5b2,"Mecklenburg-Vorpommern, Germany",SUBCOUNTRY,2026-03-11T15:24:25.003306+00:00,16,G:eI1Xp62DJCI,Warum hast du nicht nein gesagt,"Maite Kelly, Roland Kaiser",19674,https://www.youtube.com/watch?v=BNHamTwxJ6Q,2
0x47ac50ac3bdc3837:0xd2f6e3e68f599ec3,"Rostock, Mecklenburg-Vorpommern, Germany",CITY,2026-03-11T15:24:25.100672+00:00,14,G:5cWUnaPWeCs,Another Love,Tom Odell,2274,https://www.youtube.com/watch?v=MwpMEbgC7DA,1
0x47aff5d58a00663b:0x425ac6d94ac3ab0,"Braunschweig, Lower Saxony, Germany",CITY,2026-03-11T14:34:07.320092+00:00,18,G:0AsAbF90Rk4,The Emptiness Machine,Linkin Park,3437,https://www.youtube.com/watch?v=SRXH9AbT280,12
0x47b00b514d494f85:0x425ac6d94ac4720,"Hanover, Lower Saxony, Germany",CITY,2026-03-11T14:55:57.048358+00:00,18,G:AFkXZ_RAwtI,Vielleicht Vielleicht (Holy Priest & elMefti Remix),"MilleniumKid, JBS, Holy Priest, elMefti",20322,https://www.youtube.com/watch?v=pgFGKGhLXfI,24
0x47b091e3f3933465:0x126cf7763027900,"Lower Saxony, Germany",SUBCOUNTRY,2026-03-11T14:06:21.159238+00:00,17,G:AFkXZ_RAwtI,Vielleicht Vielleicht (Holy Priest & elMefti Remix),"MilleniumKid, JBS, Holy Priest, elMefti",112262,https://www.youtube.com/watch?v=pgFGKGhLXfI,24
0x47b128100ceee335:0x42b52937a2ac426e,"Bremen, Germany",SUBCOUNTRY,2026-03-11T15:24:22.569390+00:00,16,G:XmYBtVmJxuM,Bleib stark,"Aymo, Aymen, Amo",9778,https://www.youtube.com/watch?v=I1-dVUj0F3k,4
0x47b128100ceee335:0xc2e8885cf937df51,"Bremen, Bremen, Germany",CITY,2026-03-11T15:24:23.176237+00:00,16,G:XmYBtVmJxuM,Bleib stark,"Aymo, Aymen, Amo",8176,https://www.youtube.com/watch?v=I1-dVUj0F3k,4
0x47b161837e1813b9:0x1263df27bd878f0,"Hamburg, Germany",SUBCOUNTRY,2026-03-11T14:26:45.666681+00:00,17,G:Y_2bYMTi8HY,AKON,Jazeek,38954,https://www.youtube.com/watch?v=eZlFOSbgDlo,30
0x47b161837e1813b9:0x4263df27bd63aa0,"Hamburg, Germany",CITY,2026-03-11T14:06:27.391301+00:00,20,G:CLC1BD5Vr8o,Roller,Apache 207,46406,https://www.youtube.com/watch?v=Fo3DAhiNKQo,2
0x47b20953f70b9df3:0xf4725f573e7e12b4,"Lübeck, Schleswig-Holstein, Germany",CITY,2026-03-11T14:27:28.311788+00:00,20,G:RVmBHXW8DhE,VERLIEBT IN MICH,"Fayan, Dalton",4044,https://www.youtube.com/watch?v=SzS53sQt_7Q,1
0x47b2560d8fee97ad:0x4248963c6580320,"Kiel, Schleswig-Holstein, Germany",CITY,2026-03-11T14:27:33.444085+00:00,17,G:72RW7kEbi7U,UZI,"LACAZETTE, Gzuz",4991,https://www.youtube.com/watch?v=9PbbHSq6_0Q,9
0x47b337c2e0ee44ed:0x49a0979574e7aeeb,"Sønderborg, Region of Southern Denmark, Denmark",CITY,2026-03-11T15:24:56.479420+00:00,18,G:bCm3ax6MnHg,En drøm om et menneske,Aphaca,534,https://www.youtube.com/watch?v=Ol4lvIWBFT8,17
0x47b342bd1a1ab9e9:0x5bcf632c834e4467,"Flensburg, Schleswig-Holstein, Germany",CITY,2026-03-11T14:27:28.271764+00:00,15,G:72RW7kEbi7U,UZI,"LACAZETTE, Gzuz",1665,https://www.youtube.com/watch?v=9PbbHSq6_0Q,9
0x47b3bb4256897573:0x1248963c65a78e0,"Schleswig-Holstein, Germany",SUBCOUNTRY,2026-03-11T14:27:31.304402+00:00,16,G:72RW7kEbi7U,UZI,"LACAZETTE, Gzuz",37604,https://www.youtube.com/watch?v=9PbbHSq6_0Q,9
0x47b6de53b5b669b3:0xed1ccb1bad854865,"Oldenburg, Lower Saxony, Germany",CITY,2026-03-11T14:44:48.659818+00:00,20,G:72RW7kEbi7U,UZI,"LACAZETTE, Gzuz",1925,https://www.youtube.com/watch?v=9PbbHSq6_0Q,9
0x47b7e622998cc89d:0xbf2c3709eb35b55b,"Emmen, Drenthe, Netherlands",CITY,2026-03-11T14:54:58.949703+00:00,20,G:YoEJTM18ayY,Zwevend naar 't geluk,Jannes,949,https://www.youtube.com/watch?v=cfEy4OcU820,4
0x47b80621c73bb0f5:0x754b2911047bb446,"Almelo, Overijssel, Netherlands",CITY,2026-03-11T14:32:01.778086+00:00,17,G:FUdWsz5Ac_A,Echte Liefde Is Te Koop,Samuel Welten,1298,https://www.youtube.com/watch?v=cw0AyFUHCfc,25
0x47b80e075f37792f:0x400de5a8d1e63e0,"Hengelo, Overijssel, Netherlands",CITY,2026-03-11T14:38:01.924010+00:00,19,G:3WNRVvE7kjM,Engelbewaarder (Outsiders Remix),"Outsiders, Marco Schuitmaker",1223,https://www.youtube.com/watch?v=JYINumPkzQo,59
0x47b8139482fe5187:0xd24e1fb7ad7265e2,"Enschede, Overijssel, Netherlands",CITY,2026-03-11T15:25:34.752346+00:00,14,G:3WNRVvE7kjM,Engelbewaarder (Outsiders Remix),"Outsiders, Marco Schuitmaker",2945,https://www.youtube.com/watch?v=JYINumPkzQo,59
0x47b81473b9b51c33:0x53f5f3a9158af39f,"Overijssel, Netherlands",SUBCOUNTRY,2026-03-11T14:55:38.255776+00:00,18,G:8qYIFnJWb4c,Terug In De Tijd,Yves Berendse,13776,https://www.youtube.com/watch?v=ERSCR2cuqAU,24
0x47b8bef5a58b273b:0x427f281315473c0,"Duisburg, North Rhine-Westphalia, Germany",CITY,2026-03-11T15:25:29.956884+00:00,19,G:Y_2bYMTi8HY,AKON,Jazeek,13351,https://www.youtube.com/watch?v=eZlFOSbgDlo,30
0x47b8c2b796abf639:0x6a00e111a4ad2c9d,"Essen, North Rhine-Westphalia, Germany",CITY,2026-03-11T15:25:36.407847+00:00,16,G:2zJXdjW4viY,TA3AL,DYSTINCT,23436,https://www.youtube.com/watch?v=4R5zsoxjARk,16
0x47b8c97bf1465907:0x42760fc4a2a73b0,"Düsseldorf, North Rhine-Westphalia, Germany",CITY,2026-03-11T14:06:23.489259+00:00,16,G:Y_2bYMTi8HY,AKON,Jazeek,37440,https://www.youtube.com/watch?v=eZlFOSbgDlo,30
0x47b8d63a5c61d467:0x42760fc4a2a7440,"Wuppertal, North Rhine-Westphalia, Germany",CITY,2026-03-11T14:52:50.899545+00:00,16,G:Y_2bYMTi8HY,AKON,Jazeek,5508,https://www.youtube.com/watch?v=eZlFOSbgDlo,30
0x47b8e00ff9d35775:0x427f28131548740,"Bochum, North Rhine-Westphalia, Germany",CITY,2026-03-11T14:33:36.644266+00:00,19,G:Y_2bYMTi8HY,AKON,Jazeek,5941,https://www.youtube.com/watch?v=eZlFOSbgDlo,30
0x47b8e5e1ede157ef:0x427f28131547e10,"Gelsenkirchen, North Rhine-Westphalia, Germany",CITY,2026-03-11T14:36:43.550399+00:00,18,G:xRTTt-A5q6M,OIIA OIIA (Spinning Cat),W&W,5795,https://www.youtube.com/watch?v=IxX_QHay02M,34
0x47b8eb412c6c8319:0xe7524ab46d8e6aae,"Oberhausen, North Rhine-Westphalia, Germany",CITY,2026-03-11T14:44:25.574254+00:00,18,G:jJo6CtFRyAc,CERGARKO,Asmir Hrustic,3679,https://www.youtube.com/watch?v=_DZdkLrxo8E,3
0x47b9167c8e4248a1:0x2f4c327e4fd78f5f,"North Rhine-Westphalia, Germany",SUBCOUNTRY,2026-03-11T14:06:14.909869+00:00,7,G:0S_lajauKFg,Karnevalsmaus,Druckluft,510006,https://www.youtube.com/watch?v=6LlXRtfzf-A,12
0x47b91760bff07a11:0x427f28131548750,"Dortmund, North Rhine-Westphalia, Germany",CITY,2026-03-11T15:25:27.479335+00:00,19,G:Y_2bYMTi8HY,AKON,Jazeek,16209,https://www.youtube.com/watch?v=eZlFOSbgDlo,30
0x47b9bac399f760df:0x21eb4ca77bf328eb,"Münster, North Rhine-Westphalia, Germany",CITY,2026-03-11T14:17:56.773024+00:00,20,G:hdDnbnZ7-NY,Turn The Lights Off,"KATO, Jon",10299,https://www.youtube.com/watch?v=FxDMMeWK1ZE,5
0x47b9e598697b5d4d:0x426cf7763005c60,"Osnabrück, Lower Saxony, Germany",CITY,2026-03-11T14:55:58.456087+00:00,20,G:AFkXZ_RAwtI,Vielleicht Vielleicht (Holy Priest & elMefti Remix),"MilleniumKid, JBS, Holy Priest, elMefti",2278,https://www.youtube.com/watch?v=pgFGKGhLXfI,24
0x47ba3d11e19b19f3:0x4c3fb5726cc7c7ce,"Bielefeld, North Rhine-Westphalia, Germany",CITY,2026-03-11T14:33:17.079872+00:00,18,G:Y_2bYMTi8HY,AKON,Jazeek,5270,https://www.youtube.com/watch?v=eZlFOSbgDlo,30
0x47ba4c9661611ddb:0x73cc872a58ef22ee,"Paderborn, North Rhine-Westphalia, Germany",CITY,2026-03-11T14:45:05.431602+00:00,17,G:hdDnbnZ7-NY,Turn The Lights Off,"KATO, Jon",1969,https://www.youtube.com/watch?v=FxDMMeWK1ZE,5
0x47bb3f4e9f7a6c1d:0x2f84633d58221747,"Kassel, Hessen, Germany",CITY,2026-03-11T14:23:55.372007+00:00,18,G:Y_2bYMTi8HY,AKON,Jazeek,6717,https://www.youtube.com/watch?v=eZlFOSbgDlo,30
0x47bc1c91e71085a7:0x3dc2391d0cdbdbc7,"Siegen, North Rhine-Westphalia, Germany",CITY,2026-03-11T14:49:40.323414+00:00,14,G:0S_lajauKFg,Karnevalsmaus,Druckluft,1608,https://www.youtube.com/watch?v=6LlXRtfzf-A,12
0x47bc58e4004b237d:0x422435029b0a490,"Giessen, Hessen, Germany",CITY,2026-03-11T14:24:03.032226+00:00,17,G:kxarLA2_LY0,Danza Kuduro (feat. Lucenzo),Don Omar,1414,https://www.youtube.com/watch?v=7zp1TbLFPp8,50
0x47bcec0cdddad509:0xeb2efeb1d96f6567,"Hessen, Germany",SUBCOUNTRY,2026-03-11T14:06:24.753942+00:00,10,G:jfsnvfcZjPk,Renn!,AYLIVA,183757,https://www.youtube.com/watch?v=IwTabKM4lyE,75
0x47bd096f477096c5:0x422435029b0c600,"Frankfurt am Main, Hessen, Germany",CITY,2026-03-11T14:06:17.910113+00:00,8,G:ggFh6CRykwM,Papaoutai (Afro Soul),"mikeeysmind, Chill77, Unjaps",97085,https://www.youtube.com/watch?v=_-B03kUel1o,95
0x47bd70641173cdd9:0x422435029b0c5f0,"Darmstadt, Hessen, Germany",CITY,2026-03-11T14:24:04.260542+00:00,12,G:jfsnvfcZjPk,Renn!,AYLIVA,3516,https://www.youtube.com/watch?v=IwTabKM4lyE,75
0x47bd912e33df1379:0x422d4d510db1ba0,"Mainz, Rhineland-Palatinate, Germany",CITY,2026-03-11T14:40:29.502079+00:00,17,G:1NkXgJFaoyI,Papaoutai,Stromae,2581,https://www.youtube.com/watch?v=oiKj0Z_Xnjc,69
0x47bd992c6e6356b1:0x53aba01391812ce4,"Rüsselsheim, Hessen, Germany",CITY,2026-03-11T14:24:02.925163+00:00,19,G:xRTTt-A5q6M,OIIA OIIA (Spinning Cat),W&W,1144,https://www.youtube.com/watch?v=IxX_QHay02M,34
0x47bdbdd9495c843b:0x611fd80c33366c1,"Wiesbaden, Hessen, Germany",CITY,2026-03-11T14:24:02.165746+00:00,20,G:1NkXgJFaoyI,Papaoutai,Stromae,4035,https://www.youtube.com/watch?v=oiKj0Z_Xnjc,69
0x47be7b5776237d9d:0x422d4d510dab360,"Koblenz, Rhineland-Palatinate, Germany",CITY,2026-03-11T14:39:33.974820+00:00,15,G:XmYBtVmJxuM,Bleib stark,"Aymo, Aymen, Amo",1803,https://www.youtube.com/watch?v=I1-dVUj0F3k,4
0x47bee19f7ccbda49:0x86dbf8c6685c9617,"Bonn, North Rhine-Westphalia, Germany",CITY,2026-03-11T14:33:44.608545+00:00,20,G:OnU4YBoDiPo,Leev Marie,Paveier,5116,https://www.youtube.com/watch?v=vC-R_olORhU,1
0x47bf259169ab2fe5:0x42760fc4a2a77f0,"Cologne, North Rhine-Westphalia, Germany",CITY,2026-03-11T14:06:25.743579+00:00,12,G:QwGEXb9-PoQ,"Polka, Polka, Polka",Brings,57562,https://www.youtube.com/watch?v=E0l8rCYazBI,2
0x47c08bc4605114a5:0xdaf4b89d1eaedcad,"Verviers, Wallonia, Belgium",CITY,2026-03-11T14:51:57.259687+00:00,19,G:Vds7q4pP6Uo,NANANI NANANA,Gazo,1627,https://www.youtube.com/watch?v=8Bkgi6yB6P8,9
0x47c0997cb08a191d:0x63a30eae0b0e444f,"Aachen, North Rhine-Westphalia, Germany",CITY,2026-03-11T15:24:58.241883+00:00,20,G:SyjB711zEUQ,Nie mehr Fastelovend,Querbeat,3169,https://www.youtube.com/watch?v=UhZwKNqDXwE,3
0x47c0b4ad4269ef91:0x1d49c9db8f8bf9b,"Roermond, Limburg, Netherlands",CITY,2026-03-11T15:25:54.278557+00:00,13,G:cBxVSjz3nFo,Take it,Jazeek,923,https://www.youtube.com/watch?v=ucxfS378Cpg,1
0x47c0b7af23ba0e51:0x5e94624e0d592a9,"Kerkrade, Limburg, Netherlands",CITY,2026-03-11T14:39:24.947415+00:00,14,G:o5c_nCF3mcA,Dieses Leben ist geil,Melanie Müller,882,https://www.youtube.com/watch?v=R0aYparvgtk,2
0x47c0bda531d85bb9:0x25616788d9b392f2,"Heerlen, Limburg, Netherlands",CITY,2026-03-11T14:37:52.780811+00:00,12,G:o5c_nCF3mcA,Dieses Leben ist geil,Melanie Müller,1653,https://www.youtube.com/watch?v=R0aYparvgtk,2
0x47c0c78a88164829:0xc586d1fe2341eacb,"Sittard, Limburg, Netherlands",CITY,2026-03-11T14:49:45.330499+00:00,4,G:3WNRVvE7kjM,Engelbewaarder (Outsiders Remix),"Outsiders, Marco Schuitmaker",1093,https://www.youtube.com/watch?v=JYINumPkzQo,59
0x47c0e9b6785e3b93:0xdd8b456f5a2d7887,"Limburg, Netherlands",SUBCOUNTRY,2026-03-11T14:09:05.780243+00:00,13,G:sSgqhfm6tVU,1000 Sterre,Bjorn & Mieke,16620,https://www.youtube.com/watch?v=Ddo1QrywHIs,3
0x47c0e9ec5841069f:0x53eb957bccbea86e,"Maastricht, Limburg, Netherlands",CITY,2026-03-11T14:40:32.582136+00:00,3,G:W7ULyNNhay4,Vaan ’t leve genete,John Tana,3340,https://www.youtube.com/watch?v=C4jutTwMjSY,1
0x47c0f74b8eacfcfb:0x40099ab2f4d6b40,"Liège, Wallonia, Belgium",CITY,2026-03-11T14:02:40.246893+00:00,19,G:qsmzm7jqqu8,APPELLE TA COPINE,GIMS,16151,https://www.youtube.com/watch?v=gtvQOusc5mQ,16
0x47c12183ded75db7:0xf7cb7b027e7e2181,"Hasselt, Flanders, Belgium",CITY,2026-03-11T14:37:42.898930+00:00,16,G:bfPhnM55WJY,Midnight Sun,Zara Larsson,1501,https://www.youtube.com/watch?v=uvY8fdgezLQ,44
0x47c160d05ebbdf85:0x40099ab2f4d5690,"Leuven, Flanders, Belgium",CITY,2026-03-11T14:40:07.160289+00:00,20,G:xHArwqD8S9k,Atlas,Pommelien Thijs,1888,https://www.youtube.com/watch?v=C0FC1hO8aMc,1
0x47c17d64edf39797:0x47ebf2b439e60ff2,Belgium,COUNTRY,2026-03-11T14:02:09.482148+00:00,17,G:QlwNM6i8ey0,CIEL,GIMS,299615,https://www.youtube.com/watch?v=KG6ft_YDp5k,68
0x47c1996d0c2c653f:0xc15626b6c4165205,"Namur, Wallonia, Belgium",CITY,2026-03-11T14:43:19.968043+00:00,17,G:ETynCYzQrSg,SPIDER,"GIMS, DYSTINCT",3394,https://www.youtube.com/watch?v=NLXiGXbxl6Q,17
0x47c1f16b65e13197:0x10099ab2f4c8040,"Wallonia, Belgium",SUBCOUNTRY,2026-03-11T14:02:49.310046+00:00,16,G:qsmzm7jqqu8,APPELLE TA COPINE,GIMS,123377,https://www.youtube.com/watch?v=gtvQOusc5mQ,16
0x47c225f096ca39c9:0x40099ab2f4d6410,"Charleroi, Wallonia, Belgium",CITY,2026-03-11T14:02:39.775622+00:00,20,G:lwCEaqSq7dY,Minimum ça,Dr. Yaro,13622,https://www.youtube.com/watch?v=Xjws8nS606Q,6
0x47c237b1fd4d2959:0x16b437276b0db226,"La Louvière, Wallonia, Belgium",CITY,2026-03-11T14:39:49.128304+00:00,15,G:qsmzm7jqqu8,APPELLE TA COPINE,GIMS,3155,https://www.youtube.com/watch?v=gtvQOusc5mQ,16
0x47c24558a6578cfb:0x40099ab2f4d6c90,"Mons, Wallonia, Belgium",CITY,2026-03-11T14:02:47.986379+00:00,20,G:kWH_OIQEjxw,"Charger (feat. MC YOSHI, Mauvais Djo & Kokosvoice)",TRIANGLE DES BERMUDES,3412,https://www.youtube.com/watch?v=8p7dQGEkHPk,2
0x47c2c9374fe2711f:0x40af13e81646df0,"Douai, Hauts-de-France, France",CITY,2026-03-11T15:25:28.079309+00:00,20,G:Vds7q4pP6Uo,NANANI NANANA,Gazo,1887,https://www.youtube.com/watch?v=8Bkgi6yB6P8,9
0x47c2d579b3256e11:0x40af13e81646360,"Lille, Hauts-de-France, France",CITY,2026-03-11T14:06:08.037665+00:00,14,G:07vQ0ji_394,Biff pas d'love,Bouss,70768,https://www.youtube.com/watch?v=TDO0GRay2fQ,18
0x47c2d7ca41d2e233:0xeda8ebce54d68759,"Villeneuve-d'Ascq, Hauts-de-France, France",CITY,2026-03-11T14:52:04.663072+00:00,19,G:QlwNM6i8ey0,CIEL,GIMS,2923,https://www.youtube.com/watch?v=KG6ft_YDp5k,68
0x47c2e0184ab23be3:0x40099ab2f4d7130,"Tournai, Wallonia, Belgium",CITY,2026-03-11T15:26:13.947187+00:00,20,G:lwCEaqSq7dY,Minimum ça,Dr. Yaro,2185,https://www.youtube.com/watch?v=Xjws8nS606Q,6
0x47c2edc768b409b3:0xb5f4dcec0bfdf494,"Valenciennes, Hauts-de-France, France",CITY,2026-03-11T14:51:46.258886+00:00,17,G:qsmzm7jqqu8,APPELLE TA COPINE,GIMS,2539,https://www.youtube.com/watch?v=gtvQOusc5mQ,16
0x47c32891f6ff8a69:0x40af13e816459b0,"Roubaix, Hauts-de-France, France",CITY,2026-03-11T15:25:56.318769+00:00,12,G:07vQ0ji_394,Biff pas d'love,Bouss,4581,https://www.youtube.com/watch?v=TDO0GRay2fQ,18
0x47c328d4be0a275d:0x252e317d7dad858f,"Tourcoing, Hauts-de-France, France",CITY,2026-03-11T15:26:13.941510+00:00,20,G:07vQ0ji_394,Biff pas d'love,Bouss,4223,https://www.youtube.com/watch?v=TDO0GRay2fQ,18
0x47c335c465956f19:0xd8253441e996922f,"Roeselare, Flanders, Belgium",CITY,2026-03-11T15:25:54.839929+00:00,7,G:lpuQe_TfrDA,Tik Tok Tobias,K3,2228,https://www.youtube.com/watch?v=wmaMGxrRBKc,4
0x47c33ae2d8706a49:0xf791d8c0a601b993,"Kortrijk, Flanders, Belgium",CITY,2026-03-11T14:39:37.464849+00:00,9,G:lpuQe_TfrDA,Tik Tok Tobias,K3,1847,https://www.youtube.com/watch?v=wmaMGxrRBKc,4
0x47c370e1339443ad:0x40099ab2f4d5140,"Ghent, Flanders, Belgium",CITY,2026-03-11T14:02:46.716829+00:00,14,G:1NkXgJFaoyI,Papaoutai,Stromae,9242,https://www.youtube.com/watch?v=oiKj0Z_Xnjc,69
0x47c38ea2e182376d:0xd60c33c3ad57f48d,"Sint-Niklaas, Flanders, Belgium",CITY,2026-03-11T14:49:43.969184+00:00,15,G:lpuQe_TfrDA,Tik Tok Tobias,K3,1587,https://www.youtube.com/watch?v=wmaMGxrRBKc,4
0x47c392a46e87eba5:0x10099ab2f4c8020,"Flanders, Belgium",SUBCOUNTRY,2026-03-11T14:02:33.844608+00:00,19,G:JekZzGd26QI,Baila de Gasolina,Effe Serieus,168358,https://www.youtube.com/watch?v=uDGQR4lD060,60
0x47c397d353c44949:0x40099ab2f4d4c20,"Aalst, Flanders, Belgium",CITY,2026-03-11T15:24:58.985370+00:00,20,G:lpuQe_TfrDA,Tik Tok Tobias,K3,1609,https://www.youtube.com/watch?v=wmaMGxrRBKc,4
0x47c3a49504b00adb:0xaa723cd641a0fa1e,"Schaerbeek, Brussels, Belgium",CITY,2026-03-11T14:34:34.374445+00:00,15,G:Jhbkx6qNAUM,What You Want,"Angèle, Justice",3453,https://www.youtube.com/watch?v=e5s8MdtnbMM,7
0x47c3a4d1b60305a9:0xeba77790dbb9a06f,"Anderlecht, Brussels, Belgium",CITY,2026-03-11T14:34:31.566144+00:00,6,G:1NkXgJFaoyI,Papaoutai,Stromae,4500,https://www.youtube.com/watch?v=oiKj0Z_Xnjc,69
0x47c3a4ed73c76867:0xc18b3a66787302a7,"Brussels, Brussels, Belgium",CITY,2026-03-11T14:02:16.430261+00:00,19,G:QlwNM6i8ey0,CIEL,GIMS,32527,https://www.youtube.com/watch?v=KG6ft_YDp5k,68
0x47c3c486740f9fff:0x10099ab2f4c8030,"Brussels, Belgium",SUBCOUNTRY,2026-03-11T14:02:36.758839+00:00,11,G:Jhbkx6qNAUM,What You Want,"Angèle, Justice",35160,https://www.youtube.com/watch?v=e5s8MdtnbMM,7
0x47c3c4fa7171339f:0xd015e04324e6eb1f,"Uccle, Brussels, Belgium",CITY,2026-03-11T14:34:31.996010+00:00,5,G:Jhbkx6qNAUM,What You Want,"Angèle, Justice",2720,https://www.youtube.com/watch?v=e5s8MdtnbMM,7
0x47c3e59450852049:0x40099ab2f4d5800,"Mechelen, Flanders, Belgium",CITY,2026-03-11T14:41:22.736852+00:00,16,G:0cgdetwXHdk,CHANEL,Tyla,1812,https://www.youtube.com/watch?v=xiZUf98A1Ts,35
0x47c3f68ebfc3887d:0x3eaf448482a88ab8,"Antwerp, Flanders, Belgium",CITY,2026-03-11T14:03:24.655190+00:00,20,G:kxarLA2_LY0,Danza Kuduro (feat. Lucenzo),Don Omar,60855,https://www.youtube.com/watch?v=7zp1TbLFPp8,50
0x47c413332081048f:0x1dd39c8b40e3b686,"Bergen op Zoom, North Brabant, Netherlands",CITY,2026-03-11T14:33:08.319130+00:00,9,G:3WNRVvE7kjM,Engelbewaarder (Outsiders Remix),"Outsiders, Marco Schuitmaker",1083,https://www.youtube.com/watch?v=JYINumPkzQo,59
0x47c416deed3cf1d1:0xf391070595cd8ccb,"Roosendaal, North Brabant, Netherlands",CITY,2026-03-11T15:25:54.639243+00:00,6,G:4VSlJ58d-GA,Jij bent mijn Gigi,K3,1966,https://www.youtube.com/watch?v=UQWzGTVrAac,1
0x47c4281a9257b48f:0x400de5a8d1e6bc0,"Dordrecht, South Holland, Netherlands",CITY,2026-03-11T15:25:27.140765+00:00,15,G:0cgdetwXHdk,CHANEL,Tyla,1938,https://www.youtube.com/watch?v=xiZUf98A1Ts,35
0x47c4354e4502030b:0x76e747a5e7a23ab2,"Schiedam, South Holland, Netherlands",CITY,2026-03-11T14:49:27.941673+00:00,14,G:na2gZWBeIoI,AMG Met Matje (feat. Mula B),Qlas,1298,https://www.youtube.com/watch?v=_OWyOPhj3pc,11
0x47c447a486791cdf:0xfc2bd5e19c7195aa,"South Holland, Netherlands",SUBCOUNTRY,2026-03-11T14:08:56.097620+00:00,16,G:na2gZWBeIoI,AMG Met Matje (feat. Mula B),Qlas,102211,https://www.youtube.com/watch?v=_OWyOPhj3pc,11
0x47c449e862c78f95:0xbd2ac735bbcf13b4,"Spijkenisse, South Holland, Netherlands",CITY,2026-03-11T14:49:53.854540+00:00,15,G:5zmH-bpafZo,KANDE (feat. La Rouge),Cho,1506,https://www.youtube.com/watch?v=2-lGvRa_jao,8
0x47c44a03143f7267:0xe6d3d89c70a45ed8,"Hoogvliet Rotterdam, South Holland, Netherlands",CITY,2026-03-11T15:25:55.950102+00:00,8,G:knGGdR5m3RM,Ventilator Sound (Soft),Banyan Son,1215,https://www.youtube.com/watch?v=VzJCs8CDFjQ,1
0x47c44b2048625d7f:0xabc6456f0996d88a,"Vlaardingen, South Holland, Netherlands",CITY,2026-03-11T14:52:05.526524+00:00,12,G:na2gZWBeIoI,AMG Met Matje (feat. Mula B),Qlas,1641,https://www.youtube.com/watch?v=_OWyOPhj3pc,11
0x47c459a7b1a4fcc9:0x2a44511b76e2a1b7,"Zeeland, Netherlands",SUBCOUNTRY,2026-03-11T14:56:11.409716+00:00,10,G:3WNRVvE7kjM,Engelbewaarder (Outsiders Remix),"Outsiders, Marco Schuitmaker",5819,https://www.youtube.com/watch?v=JYINumPkzQo,59
0x47c489db6cdf7e9f:0x3c569af29879eed,"Goes, Zeeland, Netherlands",CITY,2026-03-11T14:56:22.670967+00:00,19,G:8qYIFnJWb4c,Terug In De Tijd,Yves Berendse,485,https://www.youtube.com/watch?v=ERSCR2cuqAU,24
0x47c48e44065d5267:0x9d5f315bb0ead1b4,"Middelburg, Zeeland, Netherlands",CITY,2026-03-11T14:41:34.697204+00:00,18,G:tAr3Rkyikig,Brrrr 🥶🇨🇦,D-Double,669,https://www.youtube.com/watch?v=kb6MMUk32do,4
0x47c499eddc5a203d:0x88182e73f1865efb,"Vlissingen, Zeeland, Netherlands",CITY,2026-03-11T14:52:06.191984+00:00,6,G:tAr3Rkyikig,Brrrr 🥶🇨🇦,D-Double,915,https://www.youtube.com/watch?v=kb6MMUk32do,4
0x47c5b26a5f0feaf3:0x719a8a6f5fff56f1,"Naaldwijk, South Holland, Netherlands",CITY,2026-03-11T14:09:01.576084+00:00,18,G:BM3DqhxfoF8,MONTAGEM ALQUIMIA,"h6itam, n7san7os, Mc Menor do Alvorada",10919,https://www.youtube.com/watch?v=w9diSR548YQ,2
0x47c5b5c3515f58fd:0x89b05ca3c54bd43d,"Delft, South Holland, Netherlands",CITY,2026-03-11T15:25:22.378633+00:00,16,G:Qw0IRKenE74,Lekker voor je,Lil Kleine,1620,https://www.youtube.com/watch?v=cGVRndiSbj4,75
0x47c5b69a85d01bf1:0x400de5a8d1e6e90,"Rijswijk, South Holland, Netherlands",CITY,2026-03-11T15:25:51.910296+00:00,16,G:0cgdetwXHdk,CHANEL,Tyla,784,https://www.youtube.com/watch?v=xiZUf98A1Ts,35
0x47c5b72f4298bd71:0x400de5a8d1e6c10,"The Hague, South Holland, Netherlands",CITY,2026-03-11T14:09:02.252762+00:00,17,G:na2gZWBeIoI,AMG Met Matje (feat. Mula B),Qlas,10738,https://www.youtube.com/watch?v=_OWyOPhj3pc,11
0x47c5b7605f54c47d:0x5229bbac955e4b85,"Rotterdam, South Holland, Netherlands",CITY,2026-03-11T14:08:57.876044+00:00,14,G:tAr3Rkyikig,Brrrr 🥶🇨🇦,D-Double,60541,https://www.youtube.com/watch?v=kb6MMUk32do,4
0x47c5c68b88c9d753:0x74076352baf3fe49,"Leiden, South Holland, Netherlands",CITY,2026-03-11T14:40:04.010131+00:00,19,G:3WNRVvE7kjM,Engelbewaarder (Outsiders Remix),"Outsiders, Marco Schuitmaker",1594,https://www.youtube.com/watch?v=JYINumPkzQo,59
0x47c5c926360f6fe1:0x4b5ea24437f4c52c,"Zoetermeer, South Holland, Netherlands",CITY,2026-03-11T15:26:24.311726+00:00,18,G:na2gZWBeIoI,AMG Met Matje (feat. Mula B),Qlas,2143,https://www.youtube.com/watch?v=_OWyOPhj3pc,11
0x47c5d6abf5be06cb:0x52baf414500565a3,"Gouda, South Holland, Netherlands",CITY,2026-03-11T14:37:02.310576+00:00,19,G:s2KS5SgwzpM,FEVER DREAM,Alex Warren,819,https://www.youtube.com/watch?v=hkUSnrHQJHg,9
0x47c5e1d0cb4f622f:0x5c353213b0ca77a9,"Amstelveen, North Holland, Netherlands",CITY,2026-03-11T14:32:04.641586+00:00,15,G:WSbCbK2F3pY,Gehra Hua,"Shashwat Sachdev, Arijit Singh, Irshad Kamil, Armaan Khan",1476,https://www.youtube.com/watch?v=GX9x62kFsVU,129
0x47c5e7afa59ae60d:0x3f11830627093e83,"Hoofddorp, North Holland, Netherlands",CITY,2026-03-11T14:38:06.366800+00:00,20,G:ggFh6CRykwM,Papaoutai (Afro Soul),"mikeeysmind, Chill77, Unjaps",1114,https://www.youtube.com/watch?v=_-B03kUel1o,95
0x47c5ef6c60e1e9fb:0x8ae15680b8a17e39,"Haarlem, North Holland, Netherlands",CITY,2026-03-11T14:09:06.131681+00:00,6,G:CvyfTRWLs_c,Vachacha,Omar,9539,https://www.youtube.com/watch?v=dcCVOuJkRLc,3
0x47c5fcd955df5113:0xe2c14b50ac405146,"Zaandam, North Holland, Netherlands",CITY,2026-03-11T15:26:20.115146+00:00,20,G:Qw0IRKenE74,Lekker voor je,Lil Kleine,1565,https://www.youtube.com/watch?v=cGVRndiSbj4,75
0x47c5fe893ea70679:0xef3c805278a7ffbf,"Heerhugowaard, North Holland, Netherlands",CITY,2026-03-11T14:37:57.066980+00:00,18,G:0cgdetwXHdk,CHANEL,Tyla,923,https://www.youtube.com/watch?v=xiZUf98A1Ts,35
0x47c606cf1f54e9ff:0x30f1f8c2ceb61c40,"Purmerend, North Holland, Netherlands",CITY,2026-03-11T15:25:45.556734+00:00,14,G:8qYIFnJWb4c,Terug In De Tijd,Yves Berendse,1431,https://www.youtube.com/watch?v=ERSCR2cuqAU,24
0x47c609c3db87e4bb:0xb3a175ceffbd0a9f,Netherlands,COUNTRY,2026-03-11T14:09:04.892106+00:00,10,G:na2gZWBeIoI,AMG Met Matje (feat. Mula B),Qlas,389553,https://www.youtube.com/watch?v=_OWyOPhj3pc,11
0x47c609c3db87e4bb:0xc120b7fec1368225,"North Holland, Netherlands",SUBCOUNTRY,2026-03-11T14:08:56.762034+00:00,20,G:7ZAs1XKCZ8w,С неба,"ELMAN, TRIDA",71144,https://www.youtube.com/watch?v=7bZFYu41fsw,63
0x47c616e3d4cb2cf5:0x23dba3457b40cff8,"Almere, Flevoland, Netherlands",CITY,2026-03-11T14:55:04.408881+00:00,11,G:5zmH-bpafZo,KANDE (feat. La Rouge),Cho,5673,https://www.youtube.com/watch?v=2-lGvRa_jao,8
0x47c626f2b69113d7:0x3ffadcc247ee2ce1,"Flevoland, Netherlands",SUBCOUNTRY,2026-03-11T14:55:02.389536+00:00,20,G:5zmH-bpafZo,KANDE (feat. La Rouge),Cho,7667,https://www.youtube.com/watch?v=2-lGvRa_jao,8
0x47c62990f6ebe2b9:0xd32d546863a61ab5,"Lelystad, Flevoland, Netherlands",CITY,2026-03-11T14:40:09.024968+00:00,18,G:5zmH-bpafZo,KANDE (feat. La Rouge),Cho,1598,https://www.youtube.com/watch?v=2-lGvRa_jao,8
0x47c62afacbd3aadf:0xfd567a890d8ab3a2,"Dronten, Flevoland, Netherlands",CITY,2026-03-11T14:55:12.895386+00:00,12,G:-kH5Tf0SrKI,Mono (feat. Skaiwater),i-dle,2025,https://www.youtube.com/watch?v=DYgE3SGPEqk,16
0x47c63fb5949a7755:0x6600fd4cb7c0af8d,"Amsterdam, North Holland, Netherlands",CITY,2026-03-11T14:08:57.869910+00:00,9,G:7ZAs1XKCZ8w,С неба,"ELMAN, TRIDA",63802,https://www.youtube.com/watch?v=7bZFYu41fsw,63
0x47c642884bf0d4ab:0x400de5a8d1e7a90,"Zeist, Utrecht, Netherlands",CITY,2026-03-11T14:51:42.353046+00:00,15,G:3WNRVvE7kjM,Engelbewaarder (Outsiders Remix),"Outsiders, Marco Schuitmaker",627,https://www.youtube.com/watch?v=JYINumPkzQo,59
0x47c643ebada6a5f7:0x1c1f3931512f9233,"Hilversum, North Holland, Netherlands",CITY,2026-03-11T14:38:08.524583+00:00,15,G:Qw0IRKenE74,Lekker voor je,Lil Kleine,1289,https://www.youtube.com/watch?v=cGVRndiSbj4,75
0x47c6522a2a3ad32b:0x3fe2f0d7aea3937f,"Veenendaal, Utrecht, Netherlands",CITY,2026-03-11T14:51:42.392156+00:00,8,G:zuF6-lowbpo,Heavy Thunderstorm at Night,Stardust Vibes,1042,https://www.youtube.com/watch?v=udet5H35UzQ,1
0x47c65a9d79977bf1:0x3c16cc2a7f76991e,"Amersfoort, Utrecht, Netherlands",CITY,2026-03-11T14:32:06.090940+00:00,19,G:0cgdetwXHdk,CHANEL,Tyla,1663,https://www.youtube.com/watch?v=xiZUf98A1Ts,35
0x47c66437c80dbcaf:0x5456ed524bffd056,"Nieuwegein, Utrecht, Netherlands",CITY,2026-03-11T14:43:44.603674+00:00,18,G:qBK2fEeFdio,Dame Tu Cosita (feat. Cutty Ranks),El Chombo,905,https://www.youtube.com/watch?v=FzG4uDgje3M,3
0x47c666e7c006f4bb:0x87d8ebe7bead1a3d,"Houten, Utrecht, Netherlands",CITY,2026-03-11T14:51:42.629387+00:00,18,G:vFe2p4Tv7X4,Uitslover,"Samuel Welten, Bankzitters",502,https://www.youtube.com/watch?v=G0Q5QBqxg0k,6
0x47c6684d333c333f:0x300de5a8d1e5cb0,"Utrecht, Netherlands",SUBCOUNTRY,2026-03-11T14:09:01.902747+00:00,17,G:3WNRVvE7kjM,Engelbewaarder (Outsiders Remix),"Outsiders, Marco Schuitmaker",15418,https://www.youtube.com/watch?v=JYINumPkzQo,59
0x47c66f4339d32d37:0xd6c8fc4c19af4ae9,"Utrecht, Utrecht, Netherlands",CITY,2026-03-11T14:51:49.128511+00:00,11,G:Qw0IRKenE74,Lekker voor je,Lil Kleine,5547,https://www.youtube.com/watch?v=cGVRndiSbj4,75
0x47c679d7469d3ad9:0x7943afb934ce19a8,"Woerden, Utrecht, Netherlands",CITY,2026-03-11T14:52:35.020997+00:00,12,G:vFe2p4Tv7X4,Uitslover,"Samuel Welten, Bankzitters",508,https://www.youtube.com/watch?v=G0Q5QBqxg0k,6
0x47c69934a2df0acb:0x927652a84c7a94c4,"Oosterhout, North Brabant, Netherlands",CITY,2026-03-11T14:44:51.730818+00:00,7,G:ySXP6iCwk3w,Als Blikken Konden Doden,Veul Gère,1279,https://www.youtube.com/watch?v=bxofd9HZEx4,5
0x47c6a1b47e17d16d:0xe5057ea284d71b41,"Breda, North Brabant, Netherlands",CITY,2026-03-11T14:34:06.970680+00:00,10,G:ySXP6iCwk3w,Als Blikken Konden Doden,Veul Gère,2913,https://www.youtube.com/watch?v=bxofd9HZEx4,5
0x47c6be1d126870f3:0xaa2d2182f3b09727,"Tilburg, North Brabant, Netherlands",CITY,2026-03-11T15:26:11.592280+00:00,6,G:ySXP6iCwk3w,Als Blikken Konden Doden,Veul Gère,5303,https://www.youtube.com/watch?v=bxofd9HZEx4,5
0x47c6bf76c1d6a9b5:0x300de5a8d1e5cc0,"North Brabant, Netherlands",SUBCOUNTRY,2026-03-11T14:09:00.759498+00:00,14,G:ySXP6iCwk3w,Als Blikken Konden Doden,Veul Gère,40909,https://www.youtube.com/watch?v=bxofd9HZEx4,5
0x47c6d91b5579c39f:0xf39ad2648164b998,"Eindhoven, North Brabant, Netherlands",CITY,2026-03-11T14:09:02.737373+00:00,14,G:JekZzGd26QI,Baila de Gasolina,Effe Serieus,9629,https://www.youtube.com/watch?v=uDGQR4lD060,60
0x47c6ee37ad3edd37:0x400de5a8d1e7c50,"'s-Hertogenbosch, North Brabant, Netherlands",CITY,2026-03-11T15:24:58.034875+00:00,3,G:W2OhwMl9jWk,Oeteldonk Met Jou,"Kermit Dun Kwakert, Kelsey Ikkersheim, Oeteldonk",3564,https://www.youtube.com/watch?v=2NdlQwvRBhg,1
0x47c6f80668bc460f:0xac17910e3be38e60,"Tiel, Gelderland, Netherlands",CITY,2026-03-11T15:26:11.565132+00:00,18,G:8qYIFnJWb4c,Terug In De Tijd,Yves Berendse,693,https://www.youtube.com/watch?v=ERSCR2cuqAU,24
0x47c6f91bc8f2f849:0x364812bd2509e1dc,"Harderwijk, Gelderland, Netherlands",CITY,2026-03-11T14:37:35.668681+00:00,15,G:vFe2p4Tv7X4,Uitslover,"Samuel Welten, Bankzitters",638,https://www.youtube.com/watch?v=G0Q5QBqxg0k,6
0x47c6fc89edf0a983:0xd870787dc357c409,"Oss, North Brabant, Netherlands",CITY,2026-03-11T14:45:01.503676+00:00,13,G:QkBZy361r7c,PASSO BEM SOLTO (Slowed),ATLXS,1191,https://www.youtube.com/watch?v=NT4eF9YsYnM,2
0x47c70867931be381:0xa48c71c89f257eac,"Nijmegen, Gelderland, Netherlands",CITY,2026-03-11T14:43:50.868826+00:00,19,G:8qYIFnJWb4c,Terug In De Tijd,Yves Berendse,2271,https://www.youtube.com/watch?v=ERSCR2cuqAU,24
0x47c723e4aad68921:0x2514e98055565278,"Helmond, North Brabant, Netherlands",CITY,2026-03-11T14:37:59.208712+00:00,15,G:8qYIFnJWb4c,Terug In De Tijd,Yves Berendse,1512,https://www.youtube.com/watch?v=ERSCR2cuqAU,24
0x47c74536619b71eb:0xdcf87736e805618d,"Venlo, Limburg, Netherlands",CITY,2026-03-11T14:51:54.952553+00:00,4,G:JETX5uQ2jkY,Nao 't Zuuje,Lex Uiting,1985,https://www.youtube.com/watch?v=35rAGVmpcAU,1
0x47c784cede1a182f:0x45c84ebed26fecb8,"Doetinchem, Gelderland, Netherlands",CITY,2026-03-11T15:25:25.966300+00:00,11,G:8qYIFnJWb4c,Terug In De Tijd,Yves Berendse,892,https://www.youtube.com/watch?v=ERSCR2cuqAU,24
0x47c7ad4e13edc5af:0xea2dcff36d80e4c1,"Ede, Gelderland, Netherlands",CITY,2026-03-11T15:25:32.726921+00:00,19,G:8qYIFnJWb4c,Terug In De Tijd,Yves Berendse,994,https://www.youtube.com/watch?v=ERSCR2cuqAU,24
0x47c7b8284d1487cb:0x400de5a8d1e65b0,"Apeldoorn, Gelderland, Netherlands",CITY,2026-03-11T14:32:10.468765+00:00,16,G:8qYIFnJWb4c,Terug In De Tijd,Yves Berendse,2089,https://www.youtube.com/watch?v=ERSCR2cuqAU,24
0x47c7ba1fd150ef07:0x300de5a8d1e5c70,"Gelderland, Netherlands",SUBCOUNTRY,2026-03-11T14:09:02.511766+00:00,15,G:8qYIFnJWb4c,Terug In De Tijd,Yves Berendse,32126,https://www.youtube.com/watch?v=ERSCR2cuqAU,24
0x47c7ba91ce9b2273:0x161c5ae0f973cad7,"Arnhem, Gelderland, Netherlands",CITY,2026-03-11T14:32:14.599504+00:00,14,G:3WNRVvE7kjM,Engelbewaarder (Outsiders Remix),"Outsiders, Marco Schuitmaker",2871,https://www.youtube.com/watch?v=JYINumPkzQo,59
0x47c7d6214d378103:0x400de5a8d1e6400,"Kampen, Overijssel, Netherlands",CITY,2026-03-11T14:39:16.073491+00:00,9,G:EEH-HLacdWg,Geniet Van Het Leven,Henk Bernard,660,https://www.youtube.com/watch?v=BPtdSr6OwJA,1
0x47c7df209d12ecb1:0xcd0b5b2492dd3e8c,"Zwolle, Overijssel, Netherlands",CITY,2026-03-11T15:26:24.580989+00:00,17,G:FUdWsz5Ac_A,Echte Liefde Is Te Koop,Samuel Welten,1684,https://www.youtube.com/watch?v=cw0AyFUHCfc,25
0x47c7ebc9af5d5611:0xc1a40d18d98571e3,"Deventer, Overijssel, Netherlands",CITY,2026-03-11T15:25:24.082966+00:00,10,G:8qwf310Sg1k,Pop Corn,Gershon Kingsley,1570,https://www.youtube.com/watch?v=7Z1zLiqoB1Q,1
0x47c8012b6eae5865:0x400de5a8d1e63a0,"Hardenberg, Overijssel, Netherlands",CITY,2026-03-11T14:37:26.896782+00:00,13,G:H_SdQQpmNCE,Just An Illusion,BZN,286,https://www.youtube.com/watch?v=NplE4ZTlAnI,1
0x47c81a91610fbe03:0x5f4a259481cc9ae,"Hoogeveen, Drenthe, Netherlands",CITY,2026-03-11T14:54:59.287423+00:00,19,G:MAoR17pmIy0,Niemand,Suzan & Freek,686,https://www.youtube.com/watch?v=U0JKivLImP0,1
0x47c821e22b61ef25:0x6aaba684f81dae30,"Drenthe, Netherlands",SUBCOUNTRY,2026-03-11T14:55:04.932995+00:00,19,G:8qYIFnJWb4c,Terug In De Tijd,Yves Berendse,6564,https://www.youtube.com/watch?v=ERSCR2cuqAU,24
0x47c824c1cf7ae1b1:0xc350e413be5175c3,"Assen, Drenthe, Netherlands",CITY,2026-03-11T14:32:16.881677+00:00,20,G:8qYIFnJWb4c,Terug In De Tijd,Yves Berendse,905,https://www.youtube.com/watch?v=ERSCR2cuqAU,24
0x47c83286b462cca7:0xcb4b5086f9a6c8dc,"Groningen, Groningen, Netherlands",CITY,2026-03-11T14:37:14.098204+00:00,19,G:tAr3Rkyikig,Brrrr 🥶🇨🇦,D-Double,2772,https://www.youtube.com/watch?v=kb6MMUk32do,4
0x47c83bb57e3000c9:0xb8497bdac29f4022,"Stadskanaal, Groningen, Netherlands",CITY,2026-03-11T14:37:08.522134+00:00,18,G:Jk25cVLCW0E,Boevenpad,Bankzitters,245,https://www.youtube.com/watch?v=Oc_BKYtrJlE,1
0x47c8502d34dc13d7:0x8ee972c991cd0fa0,"Drachten, Friesland, Netherlands",CITY,2026-03-11T15:25:30.346244+00:00,13,G:LgxfmWdkJMc,Il Pulcino Pio,Pulcino Pio,1076,https://www.youtube.com/watch?v=juqyzgnbspY,1
0x47c85eec0750e1ef:0x7237b589801e4b48,"Heerenveen, Friesland, Netherlands",CITY,2026-03-11T14:37:49.341075+00:00,20,G:13z8-cvCqaY,Hotel California (Live),Eagles,454,https://www.youtube.com/watch?v=09839DpTctU,12
0x47c86d6614969835:0x3159eeb013e1d4f,"Meppel, Drenthe, Netherlands",CITY,2026-03-11T14:55:07.621108+00:00,20,G:qBK2fEeFdio,Dame Tu Cosita (feat. Cutty Ranks),El Chombo,1826,https://www.youtube.com/watch?v=FzG4uDgje3M,3
0x47c887eb7e9f0421:0xb5be45c8beacb060,"Emmeloord, Flevoland, Netherlands",CITY,2026-03-11T15:25:35.085316+00:00,4,G:0oia1gSv8t0,Keskin Bıçak,Kurtuluş,1113,https://www.youtube.com/watch?v=-9I8vwUbYLM,1
0x47c8a90c31fad5df:0xcf99fa4d78d3ef18,"Hoorn, North Holland, Netherlands",CITY,2026-03-11T14:38:04.473654+00:00,19,G:0cgdetwXHdk,CHANEL,Tyla,738,https://www.youtube.com/watch?v=xiZUf98A1Ts,35
0x47c8e48ce214ea95:0x300de5a8d1e5c40,"Friesland, Netherlands",SUBCOUNTRY,2026-03-11T14:55:03.033303+00:00,19,G:8qYIFnJWb4c,Terug In De Tijd,Yves Berendse,8102,https://www.youtube.com/watch?v=ERSCR2cuqAU,24
0x47c8f1b7ff39f791:0x75235a11696bd87a,"Sneek, Friesland, Netherlands",CITY,2026-03-11T14:55:12.212489+00:00,18,G:8qYIFnJWb4c,Terug In De Tijd,Yves Berendse,542,https://www.youtube.com/watch?v=ERSCR2cuqAU,24
0x47c8fef2953ab5ef:0x543dbba8c956a9b6,"Leeuwarden, Friesland, Netherlands",CITY,2026-03-11T14:40:06.482710+00:00,18,G:3WNRVvE7kjM,Engelbewaarder (Outsiders Remix),"Outsiders, Marco Schuitmaker",1617,https://www.youtube.com/watch?v=JYINumPkzQo,59
0x47c9c27b376202ab:0xf24577154131aa51,"Groningen, Netherlands",SUBCOUNTRY,2026-03-11T14:37:17.895603+00:00,9,G:3WNRVvE7kjM,Engelbewaarder (Outsiders Remix),"Outsiders, Marco Schuitmaker",11506,https://www.youtube.com/watch?v=JYINumPkzQo,59
0x47cf37f9544670eb:0x96caf52b8aa3582a,"Den Helder, North Holland, Netherlands",CITY,2026-03-11T15:25:22.802498+00:00,9,G:QSeEAI6ddZ0,Brown Noise with Deep Bass (No Fade),SleepTherapy,1098,https://www.youtube.com/watch?v=5fAy2qbzLlw,2
0x47cf57b2d7368c5b:0x400de5a8d1e7470,"Alkmaar, North Holland, Netherlands",CITY,2026-03-11T14:31:57.632427+00:00,13,G:Qw0IRKenE74,Lekker voor je,Lil Kleine,1495,https://www.youtube.com/watch?v=cGVRndiSbj4,75
0x47d0a98a6c1ed5df:0xa324a38976d3e6a,"Great Yarmouth, England, United Kingdom",CITY,2026-03-11T14:37:10.105858+00:00,17,G:jDwqLZKOHnY,Someone You Loved,Lewis Capaldi,1665,https://www.youtube.com/watch?v=zABLecsR5UE,90
0x47d0a98a6c1ed5df:0xf4e19525332d8ea8,"England, United Kingdom",SUBCOUNTRY,2026-03-11T14:11:46.809154+00:00,16,G:fcqLxs-ns1Q,I Run (feat. Kaitlin Aragon),HAVEN.,1348934,https://www.youtube.com/watch?v=imQDelNtwwU,57
0x47d0aad55133f513:0x684ca5e00e12452f,"Norwich, England, United Kingdom",CITY,2026-03-11T14:44:13.291030+00:00,16,G:fcqLxs-ns1Q,I Run (feat. Kaitlin Aragon),HAVEN.,6610,https://www.youtube.com/watch?v=imQDelNtwwU,57
0x47d6208f7c0160ad:0x6d447e9d82f130ff,"Kingston upon Hull, England, United Kingdom",CITY,2026-03-11T14:39:28.832779+00:00,18,G:3WTMeZptMhw,Riptide,Vance Joy,8822,https://www.youtube.com/watch?v=uJ_1HMAGb4k,31
0x47d62825741ebd27:0x5df6b9d25ad12bf8,"Grimsby, England, United Kingdom",CITY,2026-03-11T14:37:09.079693+00:00,20,G:vRmpibIO56M,REHAB,Blair Muir,2895,https://www.youtube.com/watch?v=Uhby9lQaZ6g,7
0x47d7c2c53856f733:0x8406d541f1a0910c,"Boston, England, United Kingdom",CITY,2026-03-11T14:33:49.221776+00:00,16,G:Y7YFw7TJooE,The Days,Chrystal,1074,https://www.youtube.com/watch?v=o8RcHrz2-uU,35
0x47d8077dccaa4605:0xaefe2de1d96d8dd5,"Peterborough, England, United Kingdom",CITY,2026-03-11T14:31:07.085828+00:00,20,G:fcqLxs-ns1Q,I Run (feat. Kaitlin Aragon),HAVEN.,5846,https://www.youtube.com/watch?v=imQDelNtwwU,57
0x47d85d89f32a012d:0x63a320e1a35e3d21,"Cambridge, England, United Kingdom",CITY,2026-03-11T14:34:56.856850+00:00,15,G:gq954AxfjUg,End of Beginning,Djo,3569,https://www.youtube.com/watch?v=oXSw8DGjf5E,105
0x47d89098ea9c95c5:0xbeebc5ba8ebf1690,"Harlow, England, United Kingdom",CITY,2026-03-11T14:37:36.239034+00:00,20,G:ZSGxEIotPK8,Die On This Hill,SIENNA SPIRO,1924,https://www.youtube.com/watch?v=pxC9NhXv_1M,105
0x47d892c32191ebe3:0xaed2af1e3fcaaaf0,"Chelmsford, England, United Kingdom",CITY,2026-03-11T15:25:00.904579+00:00,6,G:DylS2qNopxs,Keung To 姜濤 《Boulder》“LAVA” LIVE VERSION,MIRROR,3323,https://www.youtube.com/watch?v=d5jx_cGEAhs,1
0x47d8a00baf21de75:0x52963a5addd52a99,"London, England, United Kingdom",CITY,2026-03-11T14:11:44.177419+00:00,20,G:DuBT-bHIaQA,Shake It To The Max (FLY) (Remix),"Moliy, Silent Addy, Skillibeng, Shenseea",295398,https://www.youtube.com/watch?v=UjBhbMMgLzc,9
0x47d8a448d12a6dc7:0x83842afdfe024064,"Dagenham, England, United Kingdom",CITY,2026-03-11T15:25:18.457903+00:00,18,G:LPFAPmUZDCU,SLAUGHTER,"Central Cee, J Hus",2917,https://www.youtube.com/watch?v=-cgTFSrmrwQ,3
0x47d8ad61b235b6d1:0x8f1792a69a52972f,"Dartford, England, United Kingdom",CITY,2026-03-11T15:25:19.255679+00:00,18,G:0cgdetwXHdk,CHANEL,Tyla,1946,https://www.youtube.com/watch?v=xiZUf98A1Ts,35
0x47d8b0c54fddc055:0xaf0e68453507f070,"Grays, England, United Kingdom",CITY,2026-03-11T14:37:04.495624+00:00,15,G:0cgdetwXHdk,CHANEL,Tyla,1852,https://www.youtube.com/watch?v=xiZUf98A1Ts,35
0x47d8b412568e0b3f:0x4acb4760cd850e75,"Gravesend, England, United Kingdom",CITY,2026-03-11T14:37:04.579397+00:00,20,G:gq954AxfjUg,End of Beginning,Djo,1396,https://www.youtube.com/watch?v=oXSw8DGjf5E,105
0x47d8c40464ebc273:0x5bc43aeac7f4d089,"Basildon, England, United Kingdom",CITY,2026-03-11T14:32:54.819805+00:00,20,G:jDwqLZKOHnY,Someone You Loved,Lewis Capaldi,2205,https://www.youtube.com/watch?v=zABLecsR5UE,90
0x47d8c4058575353d:0xacaa602a86fa432b,"Southend-on-Sea, England, United Kingdom",CITY,2026-03-11T14:23:24.787646+00:00,16,G:M3gXP4g08jY,WHERE IS MY HUSBAND!,RAYE,4524,https://www.youtube.com/watch?v=rK5TyISxZ_M,240
0x47d8c92a6d7a7131:0x1c7ffc1683e563f4,"Rochester, England, United Kingdom",CITY,2026-03-11T15:25:53.411613+00:00,20,G:dNbG7VNcSlY,Stargazing,Myles Smith,1369,https://www.youtube.com/watch?v=9p9EauIOPm8,19
0x47d8ccd1235bbff3:0x81ccd83ac461b85b,"Chatham, England, United Kingdom",CITY,2026-03-11T15:25:00.403694+00:00,19,G:ZSGxEIotPK8,Die On This Hill,SIENNA SPIRO,1680,https://www.youtube.com/watch?v=pxC9NhXv_1M,105
0x47d8cd0817b9b8dd:0xe439f2523e4d992b,"Gillingham, England, United Kingdom",CITY,2026-03-11T14:36:55.285208+00:00,20,G:ZSGxEIotPK8,Die On This Hill,SIENNA SPIRO,1938,https://www.youtube.com/watch?v=pxC9NhXv_1M,105
0x47d8e24e12f62f05:0x175d5f1c455091de,"Colchester, England, United Kingdom",CITY,2026-03-11T15:25:09.188631+00:00,18,G:gq954AxfjUg,End of Beginning,Djo,3294,https://www.youtube.com/watch?v=oXSw8DGjf5E,105
0x47d907861ed5d887:0x33ddc3ac7d2d42a9,"Ipswich, England, United Kingdom",CITY,2026-03-11T14:38:49.929596+00:00,19,G:jDwqLZKOHnY,Someone You Loved,Lewis Capaldi,3715,https://www.youtube.com/watch?v=zABLecsR5UE,90
0x47d94ac50d832c89:0x9ef1e5533783f98a,"Canterbury, England, United Kingdom",CITY,2026-03-11T14:35:04.229642+00:00,19,G:fcqLxs-ns1Q,I Run (feat. Kaitlin Aragon),HAVEN.,1788,https://www.youtube.com/watch?v=imQDelNtwwU,57
0x47dc2c40b157a363:0x40af13e8163fb30,"Boulogne-sur-Mer, Hauts-de-France, France",CITY,2026-03-11T14:33:46.875540+00:00,16,G:Vds7q4pP6Uo,NANANI NANANA,Gazo,2339,https://www.youtube.com/watch?v=8Bkgi6yB6P8,9
0x47dc3f75d7f1e363:0xacbed9e08cd279f4,"Calais, Hauts-de-France, France",CITY,2026-03-11T14:34:54.875434+00:00,20,G:lwCEaqSq7dY,Minimum ça,Dr. Yaro,4591,https://www.youtube.com/watch?v=Xjws8nS606Q,6
0x47dc8b6dd9ff20b9:0x40af13e81646da0,"Dunkirk, Hauts-de-France, France",CITY,2026-03-11T14:55:15.086593+00:00,20,G:lwCEaqSq7dY,Minimum ça,Dr. Yaro,3494,https://www.youtube.com/watch?v=Xjws8nS606Q,6
0x47dd47d866f95a7b:0x6869aedb05652a21,"Arras, Hauts-de-France, France",CITY,2026-03-11T14:32:14.650205+00:00,18,G:qsmzm7jqqu8,APPELLE TA COPINE,GIMS,2111,https://www.youtube.com/watch?v=gtvQOusc5mQ,16
0x47dec322dc36f387:0x280d4f34618ec61e,"Ashford, England, United Kingdom",CITY,2026-03-11T14:32:16.367874+00:00,14,G:6H6cnwzCfv8,The Lazy Song,Bruno Mars,1964,https://www.youtube.com/watch?v=fLexgOxsZu0,2
0x47ded602f8347067:0xa6f562520cb400cd,"Maidstone, England, United Kingdom",CITY,2026-03-11T14:40:28.181381+00:00,16,G:fcqLxs-ns1Q,I Run (feat. Kaitlin Aragon),HAVEN.,3561,https://www.youtube.com/watch?v=imQDelNtwwU,57
0x47df107433235113:0x6d17a64660baced7,"Hastings, England, United Kingdom",CITY,2026-03-11T14:37:44.265794+00:00,17,G:dNbG7VNcSlY,Stargazing,Myles Smith,1871,https://www.youtube.com/watch?v=9p9EauIOPm8,19
0x47df389f0109f8d9:0x73507a3bf176a764,"Royal Tunbridge Wells, England, United Kingdom",CITY,2026-03-11T15:25:56.454838+00:00,19,G:jDwqLZKOHnY,Someone You Loved,Lewis Capaldi,1075,https://www.youtube.com/watch?v=zABLecsR5UE,90
0x47df70ac77af480d:0xf767a9a392d8f605,"Eastbourne, England, United Kingdom",CITY,2026-03-11T15:25:32.075979+00:00,19,G:gq954AxfjUg,End of Beginning,Djo,2155,https://www.youtube.com/watch?v=oXSw8DGjf5E,105
0x47e02f2395218b7d:0x5bc1867aaf33af12,"Le Havre, Normandy, France",CITY,2026-03-11T14:40:00.829766+00:00,20,G:07vQ0ji_394,Biff pas d'love,Bouss,16608,https://www.youtube.com/watch?v=TDO0GRay2fQ,18
0x47e0de76ca71faab:0x3d1cabefa49f93d6,"Rouen, Normandy, France",CITY,2026-03-11T14:44:06.623848+00:00,18,G:JChbmj_IEsI,Coco Chanel,"Meryl, Eva",10053,https://www.youtube.com/watch?v=sbuQWfvihSw,42
0x47e147426882a9c5:0x72fe515be017f18,"Évreux, Normandy, France",CITY,2026-03-11T15:25:37.948727+00:00,19,G:EaU3r_eAnWY,GMK,WIXO & LA2S,2234,https://www.youtube.com/watch?v=wkiTcaab8FA,18
0x47e1bd6c23f8c087:0x26f2f1561148e202,"Normandie, FR",SUBCOUNTRY,2026-03-11T14:56:29.184414+00:00,19,G:qsmzm7jqqu8,APPELLE TA COPINE,GIMS,131496,https://www.youtube.com/watch?v=gtvQOusc5mQ,16
0x47e288d214f3aa31:0x69025d4c6a7de07f,"Le Mans, Pays de la Loire, France",CITY,2026-03-11T15:24:56.469446+00:00,17,G:Dtoy5dDtpIk,Tchébé 2x,Bilouki,5961,https://www.youtube.com/watch?v=k2U4JiHPoPk,38
0x47e3579523c8d25d:0x40dc8d7053829b0,"Blois, Centre-Val de Loire, France",CITY,2026-03-11T14:29:16.370498+00:00,19,G:Dtoy5dDtpIk,Tchébé 2x,Bilouki,1603,https://www.youtube.com/watch?v=k2U4JiHPoPk,38
0x47e40c4424f1e18b:0x7863884853c7ed29,"Chartres, Centre-Val de Loire, France",CITY,2026-03-11T14:29:23.350037+00:00,20,G:EaU3r_eAnWY,GMK,WIXO & LA2S,1560,https://www.youtube.com/watch?v=wkiTcaab8FA,18
0x47e4b97b36085d89:0x10dc8d705332530,"Centre-Val de Loire, France",SUBCOUNTRY,2026-03-11T14:06:09.967408+00:00,15,G:wZVNHdiHeZA,La recette,"JECK, Carla",75494,https://www.youtube.com/watch?v=9kBpbQDZdbQ,20
0x47e4e4d49df386e3:0x9eb97de479c38029,"Orléans, Centre-Val de Loire, France",CITY,2026-03-11T14:23:42.413314+00:00,17,G:Dtoy5dDtpIk,Tchébé 2x,Bilouki,4395,https://www.youtube.com/watch?v=k2U4JiHPoPk,38
0x47e57e2eac27f645:0x62edf407ca60f419,"Montargis, Centre-Val de Loire, France",CITY,2026-03-11T14:29:18.810691+00:00,20,G:JChbmj_IEsI,Coco Chanel,"Meryl, Eva",587,https://www.youtube.com/watch?v=sbuQWfvihSw,42
0x47e5e1c403a68c17:0x10b82c3688b2570,"Île-de-France, France",SUBCOUNTRY,2026-03-11T14:05:33.863056+00:00,20,G:SZWyKUfrJ_U,jaloux fâché,"kulturr, Franglish",875373,https://www.youtube.com/watch?v=8xJuERWDUo8,26
0x47e60caf330272df:0x4573b9315445d467,"Créteil, Île-de-France, France",CITY,2026-03-11T15:25:16.498407+00:00,19,G:HK-2PJ4FEkI,SIERRA LEONE,Timar,3393,https://www.youtube.com/watch?v=zqevVD7fTzg,1
0x47e60cf0a32d86a9:0xb0dd0b84be904e3d,"Saint-Maur-des-Fossés, Île-de-France, France",CITY,2026-03-11T15:25:59.721306+00:00,19,G:SZWyKUfrJ_U,jaloux fâché,"kulturr, Franglish",1940,https://www.youtube.com/watch?v=8xJuERWDUo8,26
0x47e60d5ecd702093:0x40b82c3688b3940,"Fontenay-sous-Bois, Île-de-France, France",CITY,2026-03-11T14:36:11.319851+00:00,20,G:SZWyKUfrJ_U,jaloux fâché,"kulturr, Franglish",1514,https://www.youtube.com/watch?v=8xJuERWDUo8,26
0x47e60db4961e5c2f:0xea5716755685c1a7,"Champigny-sur-Marne, Île-de-France, France",CITY,2026-03-11T14:35:33.736997+00:00,20,G:VfCzPt9xAVY,Pilé,Mauvais Djo,3442,https://www.youtube.com/watch?v=jodJzaVZfj8,8
0x47e60e0d65225253:0x40b82c3688b3b30,"Noisy-le-Grand, Île-de-France, France",CITY,2026-03-11T14:43:59.015637+00:00,20,G:VfCzPt9xAVY,Pilé,Mauvais Djo,2844,https://www.youtube.com/watch?v=jodJzaVZfj8,8
0x47e61053316fd94d:0x40b82c3688c5f60,"Chelles, Île-de-France, France",CITY,2026-03-11T15:25:00.764593+00:00,17,G:Dtoy5dDtpIk,Tchébé 2x,Bilouki,2246,https://www.youtube.com/watch?v=k2U4JiHPoPk,38
0x47e612eca40dec47:0x40b82c3688b3ab0,"Rosny-sous-Bois, Île-de-France, France",CITY,2026-03-11T15:25:55.784902+00:00,20,G:EaU3r_eAnWY,GMK,WIXO & LA2S,1752,https://www.youtube.com/watch?v=wkiTcaab8FA,18
0x47e613181e6ec215:0x40b82c3688b3c40,"Bondy, Île-de-France, France",CITY,2026-03-11T14:33:45.183655+00:00,16,G:VfCzPt9xAVY,Pilé,Mauvais Djo,2328,https://www.youtube.com/watch?v=jodJzaVZfj8,8
0x47e613637e3baf4d:0xdab0d8387e2a4a50,"Aulnay-sous-Bois, Île-de-France, France",CITY,2026-03-11T14:32:27.596562+00:00,19,G:SZWyKUfrJ_U,jaloux fâché,"kulturr, Franglish",3071,https://www.youtube.com/watch?v=8xJuERWDUo8,26
0x47e6140c577ce7e7:0xa70771d68fd6004f,"Sevran, Île-de-France, France",CITY,2026-03-11T14:49:35.219358+00:00,20,G:PM4QCqsXaZU,T'avais raison,"GIMS, Maes",1795,https://www.youtube.com/watch?v=qZu0UngKl3k,1
0x47e614aca01d6a1d:0x187c5de38832d54b,"Le Blanc-Mesnil, Île-de-France, France",CITY,2026-03-11T14:40:00.404204+00:00,19,G:uEqZ64q4_Hk,Mutta Kalakki ,"G.V. Prakash Kumar, Ken Karunaas",2309,https://www.youtube.com/watch?v=jZEA2mMwL1k,16
0x47e6615f055aa22b:0x53b39d03188696d0,"Sartrouville, Île-de-France, France",CITY,2026-03-11T14:49:16.496936+00:00,13,G:Dtoy5dDtpIk,Tchébé 2x,Bilouki,1975,https://www.youtube.com/watch?v=k2U4JiHPoPk,38
0x47e66206d8924985:0x40b82c3688c3840,"Saint-Germain-en-Laye, Île-de-France, France",CITY,2026-03-11T15:25:59.984233+00:00,20,G:-XNJGoVCQOw,Rebanav 126bpm,Chily,1454,https://www.youtube.com/watch?v=YvaPnQboov4,60
0x47e6635a53a7872b:0x40b82c3688b3d20,"Rueil-Malmaison, Île-de-France, France",CITY,2026-03-11T15:25:56.901016+00:00,13,G:nWIAizryGv4,BLOQUÉ,"GIMS, L2B",1877,https://www.youtube.com/watch?v=VaX0AR2akzQ,102
0x47e66484d9df25bf:0x7b21ee1c6ac147e2,"Nanterre, Île-de-France, France",CITY,2026-03-11T14:13:37.573123+00:00,18,G:Dtoy5dDtpIk,Tchébé 2x,Bilouki,3252,https://www.youtube.com/watch?v=k2U4JiHPoPk,38
0x47e664c5b40ecee7:0x40b82c3688b3ce0,"Suresnes, Île-de-France, France",CITY,2026-03-11T14:50:35.591908+00:00,20,G:iCyrGGoSpzk,4 Kampé,Joé Dwèt Filé,790,https://www.youtube.com/watch?v=Srvt_6up-0o,58
0x47e6650ab02fc7bd:0x40b82c3688b3e10,"Courbevoie, Île-de-France, France",CITY,2026-03-11T15:25:14.097448+00:00,20,G:iCyrGGoSpzk,4 Kampé,Joé Dwèt Filé,1847,https://www.youtube.com/watch?v=Srvt_6up-0o,58
0x47e6656373e396b5:0xdc39759cf532b397,"Neuilly-sur-Seine, Île-de-France, France",CITY,2026-03-11T14:43:26.072691+00:00,17,G:ibJsPXOSBL0,AVEC MOI,"RnBoi, Nono La Grinta",992,https://www.youtube.com/watch?v=UcLj3wLcQF4,110
0x47e665c8f21d4c4b:0x40b82c3688b3e20,"Colombes, Île-de-France, France",CITY,2026-03-11T15:25:10.770619+00:00,19,G:SZWyKUfrJ_U,jaloux fâché,"kulturr, Franglish",2592,https://www.youtube.com/watch?v=8xJuERWDUo8,26
0x47e66664dfcb055b:0x40b82c3688b36d0,"Argenteuil, Île-de-France, France",CITY,2026-03-11T14:13:35.480403+00:00,16,G:EaU3r_eAnWY,GMK,WIXO & LA2S,4913,https://www.youtube.com/watch?v=wkiTcaab8FA,18
0x47e66a20fd0c2723:0xc981f58659cbda7b,"Sarcelles, Île-de-France, France",CITY,2026-03-11T14:49:18.627870+00:00,10,G:VfCzPt9xAVY,Pilé,Mauvais Djo,3084,https://www.youtube.com/watch?v=jodJzaVZfj8,8
0x47e66c3d7604e9af:0x306b113348748528,"Aubervilliers, Île-de-France, France",CITY,2026-03-11T14:32:21.956394+00:00,18,G:VfCzPt9xAVY,Pilé,Mauvais Djo,2627,https://www.youtube.com/watch?v=jodJzaVZfj8,8
0x47e66c5167571d4f:0x40b82c3688b3b10,"Pantin, Île-de-France, France",CITY,2026-03-11T14:45:16.524021+00:00,17,G:SZWyKUfrJ_U,jaloux fâché,"kulturr, Franglish",1524,https://www.youtube.com/watch?v=8xJuERWDUo8,26
0x47e66ca349f8bf4d:0x40b82c3688b3bf0,"Drancy, Île-de-France, France",CITY,2026-03-11T15:25:28.360633+00:00,19,G:uEqZ64q4_Hk,Mutta Kalakki ,"G.V. Prakash Kumar, Ken Karunaas",2608,https://www.youtube.com/watch?v=jZEA2mMwL1k,16
0x47e66d45530eef85:0xa3aa7c6db0c45bf0,"Montreuil, Île-de-France, France",CITY,2026-03-11T14:13:36.655075+00:00,19,G:VXrDHUmZD3w,Des mythos,Theodora,3453,https://www.youtube.com/watch?v=zhgFR2L2reE,6
0x47e66e1f06e2b70f:0x40b82c3688c9460,"Paris, Île-de-France, France",CITY,2026-03-11T14:05:44.217642+00:00,18,G:JChbmj_IEsI,Coco Chanel,"Meryl, Eva",617480,https://www.youtube.com/watch?v=sbuQWfvihSw,42
0x47e66eaae7346d61:0xc7efebbaf928e90d,"Saint-Denis, Île-de-France, France",CITY,2026-03-11T14:13:40.616170+00:00,17,G:VfCzPt9xAVY,Pilé,Mauvais Djo,8012,https://www.youtube.com/watch?v=jodJzaVZfj8,8
0x47e66f0c8459badf:0x705da473b0136bcb,"Clichy, Île-de-France, France",CITY,2026-03-11T15:25:08.100305+00:00,19,G:Dtoy5dDtpIk,Tchébé 2x,Bilouki,1365,https://www.youtube.com/watch?v=k2U4JiHPoPk,38
0x47e66f42aca11b2b:0x40b82c3688b3ec0,"Asnières-sur-Seine, Île-de-France, France",CITY,2026-03-11T14:32:16.359462+00:00,18,G:Dtoy5dDtpIk,Tchébé 2x,Bilouki,2213,https://www.youtube.com/watch?v=k2U4JiHPoPk,38
0x47e66f45c618b431:0x950c4e920d76f175,"Gennevilliers, Île-de-France, France",CITY,2026-03-11T14:36:46.321212+00:00,15,G:EaU3r_eAnWY,GMK,WIXO & LA2S,2024,https://www.youtube.com/watch?v=wkiTcaab8FA,18
0x47e6715fa27238f3:0x40b82c3688b3780,"Villejuif, Île-de-France, France",CITY,2026-03-11T14:52:00.660892+00:00,15,G:Dtoy5dDtpIk,Tchébé 2x,Bilouki,2188,https://www.youtube.com/watch?v=k2U4JiHPoPk,38
0x47e67330223988ff:0x1fbb0bf00a0d995d,"Maisons-Alfort, Île-de-France, France",CITY,2026-03-11T14:40:37.574135+00:00,15,G:iCyrGGoSpzk,4 Kampé,Joé Dwèt Filé,1769,https://www.youtube.com/watch?v=Srvt_6up-0o,58
0x47e67391408a8a49:0xdc5c38e751a6eafa,"Vitry-sur-Seine, Île-de-France, France",CITY,2026-03-11T14:13:38.229788+00:00,20,G:SZWyKUfrJ_U,jaloux fâché,"kulturr, Franglish",3437,https://www.youtube.com/watch?v=8xJuERWDUo8,26
0x47e673b5023235ad:0x5dc8118d7cbf704f,"Ivry-sur-Seine, Île-de-France, France",CITY,2026-03-11T14:39:03.669341+00:00,20,G:SZWyKUfrJ_U,jaloux fâché,"kulturr, Franglish",2195,https://www.youtube.com/watch?v=8xJuERWDUo8,26
0x47e677114605c77f:0x40b82c3688b3ed0,"Antony, Île-de-France, France",CITY,2026-03-11T14:32:09.400821+00:00,15,G:iCyrGGoSpzk,4 Kampé,Joé Dwèt Filé,1490,https://www.youtube.com/watch?v=Srvt_6up-0o,58
0x47e67a150fecd221:0x40b82c3688b3e40,"Clamart, Île-de-France, France",CITY,2026-03-11T15:25:06.834671+00:00,18,G:iCyrGGoSpzk,4 Kampé,Joé Dwèt Filé,1503,https://www.youtube.com/watch?v=Srvt_6up-0o,58
0x47e67a8bb6cb2ec7:0x8b26d0771a6e27a1,"Issy-les-Moulineaux, Île-de-France, France",CITY,2026-03-11T14:38:59.263216+00:00,19,G:VXrDHUmZD3w,Des mythos,Theodora,1123,https://www.youtube.com/watch?v=zhgFR2L2reE,6
0x47e67ae810af4761:0x40b82c3688b3e90,"Boulogne-Billancourt, Île-de-France, France",CITY,2026-03-11T14:33:47.128706+00:00,19,G:BE4PPQ868qQ,FASHION DESIGNA (Live),Theodora,1825,https://www.youtube.com/watch?v=u0P3k_d6ypg,4
0x47e67db475f420bd:0x869e00ad0d844aba,"Versailles, Île-de-France, France",CITY,2026-03-11T14:51:57.555038+00:00,17,G:iCyrGGoSpzk,4 Kampé,Joé Dwèt Filé,2121,https://www.youtube.com/watch?v=Srvt_6up-0o,58
0x47e6be53577d3c3d:0x8ae4cadf5d389a34,"Mantes-la-Jolie, Île-de-France, France",CITY,2026-03-11T14:41:02.450741+00:00,19,G:SZWyKUfrJ_U,jaloux fâché,"kulturr, Franglish",1282,https://www.youtube.com/watch?v=8xJuERWDUo8,26
0x47e6f4c72416d693:0x40b82c3688b34e0,"Cergy, Île-de-France, France",CITY,2026-03-11T14:35:25.503114+00:00,20,G:VfCzPt9xAVY,Pilé,Mauvais Djo,2701,https://www.youtube.com/watch?v=jodJzaVZfj8,8
0x47e7012d2102b553:0x33743e4f961c4ef4,"Beauvais, Hauts-de-France, France",CITY,2026-03-11T14:33:02.342071+00:00,18,G:EaU3r_eAnWY,GMK,WIXO & LA2S,3021,https://www.youtube.com/watch?v=wkiTcaab8FA,18
0x47e78413d78b760b:0x40af13e816220e0,"Amiens, Hauts-de-France, France",CITY,2026-03-11T14:32:13.927070+00:00,20,G:ETynCYzQrSg,SPIDER,"GIMS, DYSTINCT",5563,https://www.youtube.com/watch?v=NLXiGXbxl6Q,17
0x47e7d5e621cbedd7:0x40af13e81644610,"Compiègne, Hauts-de-France, France",CITY,2026-03-11T15:25:11.066649+00:00,20,G:kWH_OIQEjxw,"Charger (feat. MC YOSHI, Mauvais Djo & Kokosvoice)",TRIANGLE DES BERMUDES,1488,https://www.youtube.com/watch?v=8p7dQGEkHPk,2
0x47e7f8c099b9bdb9:0x90b400cd653852e2,"Nord-Pas-de-Calais-Picardie, FR",SUBCOUNTRY,2026-03-11T14:56:55.717151+00:00,18,G:qsmzm7jqqu8,APPELLE TA COPINE,GIMS,287739,https://www.youtube.com/watch?v=gtvQOusc5mQ,16
0x47e8186188e01cc5:0x40af13e8169d440,"Saint-Quentin, Hauts-de-France, France",CITY,2026-03-11T15:25:59.948033+00:00,20,G:Vds7q4pP6Uo,NANANI NANANA,Gazo,3059,https://www.youtube.com/watch?v=8Bkgi6yB6P8,9
0x47e8a10f5d8f785f:0x61f3595cb2416a10,"Meaux, Île-de-France, France",CITY,2026-03-11T14:41:22.880459+00:00,19,G:SZWyKUfrJ_U,jaloux fâché,"kulturr, Franglish",2678,https://www.youtube.com/watch?v=8xJuERWDUo8,26
0x47e974334a533b09:0x40a5fb99a3b45c0,"Reims, Grand Est, France",CITY,2026-03-11T15:25:50.090569+00:00,17,G:QlwNM6i8ey0,CIEL,GIMS,6260,https://www.youtube.com/watch?v=KG6ft_YDp5k,68
0x47ea0de06e140c27:0x40a5fb99a3f7a80,"Charleville-Mézières, Grand Est, France",CITY,2026-03-11T14:35:33.612330+00:00,16,G:Vds7q4pP6Uo,NANANI NANANA,Gazo,2240,https://www.youtube.com/watch?v=8Bkgi6yB6P8,9
0x47ebde225bc678c5:0x40a5fb99a3b59e0,"Châlons-en-Champagne, Grand Est, France",CITY,2026-03-11T14:35:24.894195+00:00,11,G:JChbmj_IEsI,Coco Chanel,"Meryl, Eva",1646,https://www.youtube.com/watch?v=sbuQWfvihSw,42
0x47ee9857e787b7b1:0x57dd125566e84f75,"Troyes, Grand Est, France",CITY,2026-03-11T15:26:16.848995+00:00,19,G:SZWyKUfrJ_U,jaloux fâché,"kulturr, Franglish",2775,https://www.youtube.com/watch?v=8xJuERWDUo8,26
0x47f04f5e20402f61:0x58f94858a803848,"Nevers, Bourgogne-Franche-Comté, France",CITY,2026-03-11T15:24:51.388513+00:00,20,G:EaU3r_eAnWY,GMK,WIXO & LA2S,1134,https://www.youtube.com/watch?v=wkiTcaab8FA,18
0x47f29c8c4911d843:0x5c0177c2a5ecc286,"Bourgogne-Franche-Comte, FR",SUBCOUNTRY,2026-03-11T14:56:52.718034+00:00,19,G:2h4qeOLwR1Q,M'envoler,"JECK, Carla",68709,https://www.youtube.com/watch?v=t-Bj-jODTCM,4
0x47f29d8ceffd9675:0x409ce34b31458d0,"Dijon, Bourgogne-Franche-Comté, France",CITY,2026-03-11T15:24:50.615779+00:00,18,G:QlwNM6i8ey0,CIEL,GIMS,5136,https://www.youtube.com/watch?v=KG6ft_YDp5k,68
0x47f2fc97e4ec6639:0x409ce34b30ef070,"Chalon-sur-Saône, Bourgogne-Franche-Comté, France",CITY,2026-03-11T15:24:51.357979+00:00,18,G:ETynCYzQrSg,SPIDER,"GIMS, DYSTINCT",1551,https://www.youtube.com/watch?v=NLXiGXbxl6Q,17
0x47f3522d15689311:0xc2e1d69735f38afb,"Bourg-en-Bresse, Auvergne-Rhône-Alpes, France",CITY,2026-03-11T14:33:52.281002+00:00,19,G:EaU3r_eAnWY,GMK,WIXO & LA2S,1075,https://www.youtube.com/watch?v=wkiTcaab8FA,18
0x47f4c02fcd7623af:0xc3ba0c2b255b2652,"Villeurbanne, Auvergne-Rhône-Alpes, France",CITY,2026-03-11T14:13:55.945426+00:00,19,G:-XNJGoVCQOw,Rebanav 126bpm,Chily,4095,https://www.youtube.com/watch?v=YvaPnQboov4,60
0x47f4c25cec58306d:0xe15f227e4d1ece09,"Vénissieux, Auvergne-Rhône-Alpes, France",CITY,2026-03-11T14:51:53.934181+00:00,17,G:EaU3r_eAnWY,GMK,WIXO & LA2S,1899,https://www.youtube.com/watch?v=wkiTcaab8FA,18
0x47f4c38aa78c4463:0x408ab2ae4bb17c0,"Saint-Priest, Auvergne-Rhône-Alpes, France",CITY,2026-03-11T15:26:00.509303+00:00,17,G:mQah7793A18,C'est nous dans le top (Brainrot),Unchained,1636,https://www.youtube.com/watch?v=VkUycmJM1r4,29
0x47f4ea516ae88797:0x408ab2ae4bb21f0,"Lyon, Auvergne-Rhône-Alpes, France",CITY,2026-03-11T14:05:50.384565+00:00,20,G:wZVNHdiHeZA,La recette,"JECK, Carla",87062,https://www.youtube.com/watch?v=9kBpbQDZdbQ,20
0x47f504e9f6eef8fd:0x3946707e2280e33a,"Auvergne-Rhone-Alpes, FR",SUBCOUNTRY,2026-03-11T14:56:23.033811+00:00,16,G:wZVNHdiHeZA,La recette,"JECK, Carla",314592,https://www.youtube.com/watch?v=9kBpbQDZdbQ,20
0x47f55799c63221c7:0x408ab2ae4bfb580,"Valence, Auvergne-Rhône-Alpes, France",CITY,2026-03-11T14:13:53.419864+00:00,19,G:Ma2U_G099F4,Georgina,"Naps, Alonzo, TK",2075,https://www.youtube.com/watch?v=eS8KyUq3-CM,11
0x47f5abff0dcfe415:0x631b2db87635756,"Saint-Étienne, Auvergne-Rhône-Alpes, France",CITY,2026-03-11T14:13:50.801786+00:00,15,G:wZVNHdiHeZA,La recette,"JECK, Carla",34897,https://www.youtube.com/watch?v=9kBpbQDZdbQ,20
0x47f71bdd7f2e8507:0x3994306038a06f22,"Clermont-Ferrand, Auvergne-Rhône-Alpes, France",CITY,2026-03-11T14:13:53.060795+00:00,16,G:Sfc-yHvXysg,PILIER,Ninho,5026,https://www.youtube.com/watch?v=dIJuNqS9c3w,62
0x47f8bd494a823efb:0x405d39260ee76f0,"Brive-la-Gaillarde, Nouvelle-Aquitaine, France",CITY,2026-03-11T14:34:27.387050+00:00,19,G:zeCcrNEpV50,Tour du monde (feat. L2B),Soolking,1232,https://www.youtube.com/watch?v=j5iOQ9qgThg,10
0x47f934afe6680461:0x10be4a3159364d11,"Limoges, Nouvelle-Aquitaine, France",CITY,2026-03-11T14:40:10.914761+00:00,20,G:wZVNHdiHeZA,La recette,"JECK, Carla",3834,https://www.youtube.com/watch?v=9kBpbQDZdbQ,20
0x47fa9677b89bb417:0xcbfb282ccd5c85be,"Bourges, Centre-Val de Loire, France",CITY,2026-03-11T14:23:41.195962+00:00,20,G:JChbmj_IEsI,Coco Chanel,"Meryl, Eva",2147,https://www.youtube.com/watch?v=sbuQWfvihSw,42
0x47fcd5b34a979a55:0x40dc8d705388430,"Tours, Centre-Val de Loire, France",CITY,2026-03-11T14:23:42.318584+00:00,17,G:VXrDHUmZD3w,Des mythos,Theodora,4336,https://www.youtube.com/watch?v=zhgFR2L2reE,6
0x47fdbe72439eb3ab:0x97de2319c5e09093,"Poitiers, Nouvelle-Aquitaine, France",CITY,2026-03-11T14:47:11.700492+00:00,18,G:Dtoy5dDtpIk,Tchébé 2x,Bilouki,3257,https://www.youtube.com/watch?v=k2U4JiHPoPk,38
0x47fe2d85032bc499:0x405d39260eec0f0,"Angoulême, Nouvelle-Aquitaine, France",CITY,2026-03-11T14:32:08.110049+00:00,20,G:ETynCYzQrSg,SPIDER,"GIMS, DYSTINCT",1475,https://www.youtube.com/watch?v=NLXiGXbxl6Q,17
0x47fe53fd1a44e8df:0x8c9efad54eeee0f4,"Aquitaine-Limousin-Poitou-Charentes, FR",SUBCOUNTRY,2026-03-11T14:56:36.495608+00:00,20,G:qsmzm7jqqu8,APPELLE TA COPINE,GIMS,236104,https://www.youtube.com/watch?v=gtvQOusc5mQ,16
0x48015383c9253d75:0x405d39260ee9640,"La Rochelle, Nouvelle-Aquitaine, France",CITY,2026-03-11T14:39:52.800360+00:00,20,G:wZVNHdiHeZA,La recette,"JECK, Carla",2586,https://www.youtube.com/watch?v=9kBpbQDZdbQ,20
0x48042f866dcec62b:0x40d37521e09b270,"La Roche-sur-Yon, Pays de la Loire, France",CITY,2026-03-11T15:24:57.294589+00:00,20,G:zeCcrNEpV50,Tour du monde (feat. L2B),Soolking,1679,https://www.youtube.com/watch?v=j5iOQ9qgThg,10
0x48051738aa090541:0xcf962b0bd81c47b6,"Pays de la Loire, France",SUBCOUNTRY,2026-03-11T14:06:13.365486+00:00,18,G:2h4qeOLwR1Q,M'envoler,"JECK, Carla",110756,https://www.youtube.com/watch?v=t-Bj-jODTCM,4
0x4805658f3cc2ef13:0x64dfe60d5e7e1f3d,"Saint-Nazaire, Pays de la Loire, France",CITY,2026-03-11T15:24:57.141229+00:00,20,G:zeCcrNEpV50,Tour du monde (feat. L2B),Soolking,2231,https://www.youtube.com/watch?v=j5iOQ9qgThg,10
0x4805ee81f0a8aead:0x40d37521e0ded30,"Nantes, Pays de la Loire, France",CITY,2026-03-11T15:24:56.666139+00:00,15,G:Jhbkx6qNAUM,What You Want,"Angèle, Justice",15861,https://www.youtube.com/watch?v=e5s8MdtnbMM,7
0x48064414adcdf0e5:0x40d37521e0d9680,"Cholet, Pays de la Loire, France",CITY,2026-03-11T15:24:57.881181+00:00,18,G:2h4qeOLwR1Q,M'envoler,"JECK, Carla",1703,https://www.youtube.com/watch?v=t-Bj-jODTCM,4
0x4807303211d686f5:0x405d39260e82ac0,"Niort, Nouvelle-Aquitaine, France",CITY,2026-03-11T14:43:43.542231+00:00,19,G:wZVNHdiHeZA,La recette,"JECK, Carla",2462,https://www.youtube.com/watch?v=9kBpbQDZdbQ,20
0x480878da00e58e9d:0x40d37521e0d9c30,"Angers, Pays de la Loire, France",CITY,2026-03-11T15:24:56.797564+00:00,19,G:JChbmj_IEsI,Coco Chanel,"Meryl, Eva",4964,https://www.youtube.com/watch?v=sbuQWfvihSw,42
0x4808fde9fc596bc1:0x40d37521e0d16e0,"Laval, Pays de la Loire, France",CITY,2026-03-11T14:39:58.801700+00:00,11,G:wZVNHdiHeZA,La recette,"JECK, Carla",2284,https://www.youtube.com/watch?v=9kBpbQDZdbQ,20
0x480a42bd4c04c933:0x3da5749f30d00859,"Caen, Normandy, France",CITY,2026-03-11T14:34:52.688627+00:00,20,G:Sfc-yHvXysg,PILIER,Ninho,3864,https://www.youtube.com/watch?v=dIJuNqS9c3w,62
0x480c52a48c927533:0x519c23a30a1a6cc3,Jersey,COUNTRY,2026-03-11T14:53:30.333291+00:00,19,G:fcqLxs-ns1Q,I Run (feat. Kaitlin Aragon),HAVEN.,2207,https://www.youtube.com/watch?v=imQDelNtwwU,57
0x480c52a557ecee6d:0x635fc31b6df945cd,"St Helier, Jersey",SUBCOUNTRY,2026-03-11T14:53:32.739775+00:00,16,G:fcqLxs-ns1Q,I Run (feat. Kaitlin Aragon),HAVEN.,1975,https://www.youtube.com/watch?v=imQDelNtwwU,57
0x480d20e4f4bfb3ed:0x990ad58a5d0d9899,Guernsey,COUNTRY,2026-03-11T15:26:32.662179+00:00,20,G:s2KS5SgwzpM,FEVER DREAM,Alex Warren,1360,https://www.youtube.com/watch?v=hkUSnrHQJHg,9
0x480d7304a3d6e35b:0x5f9088bb6be7b1da,"Saint Peter Port, Guernsey",SUBCOUNTRY,2026-03-11T15:26:32.177600+00:00,18,G:s2KS5SgwzpM,FEVER DREAM,Alex Warren,1049,https://www.youtube.com/watch?v=hkUSnrHQJHg,9
0x480ede2fa7d69085:0x40ca5cd36e4ab30,"Rennes, Brittany, France",CITY,2026-03-11T15:25:49.825072+00:00,18,G:wZVNHdiHeZA,La recette,"JECK, Carla",34842,https://www.youtube.com/watch?v=9kBpbQDZdbQ,20
0x48101e84c37de291:0xb9f358307b233d13,"Vannes, Brittany, France",CITY,2026-03-11T14:19:08.793945+00:00,19,G:BE4PPQ868qQ,FASHION DESIGNA (Live),Theodora,1553,https://www.youtube.com/watch?v=u0P3k_d6ypg,4
0x48105e56aa6609ed:0xa93367770ccde4ea,"Lorient, Brittany, France",CITY,2026-03-11T14:40:18.630633+00:00,20,G:BE4PPQ868qQ,FASHION DESIGNA (Live),Theodora,1178,https://www.youtube.com/watch?v=u0P3k_d6ypg,4
0x4810d5972e13aeaf:0xd32d85efcaa2cdd0,"Quimper, Brittany, France",CITY,2026-03-11T15:25:47.532858+00:00,19,G:ywsvDW7hLCc,Paris,Nono La Grinta,1658,https://www.youtube.com/watch?v=pVk1BwE_LLg,1
0x4811ca61ae7e8eaf:0x10ca5cd36df24b0,"Brittany, France",SUBCOUNTRY,2026-03-11T14:06:14.404542+00:00,14,G:wZVNHdiHeZA,La recette,"JECK, Carla",124810,https://www.youtube.com/watch?v=9kBpbQDZdbQ,20
0x4816bbe1d9925b93:0xc6488358179c30ab,"Brest, Brittany, France",CITY,2026-03-11T14:34:18.827809+00:00,19,G:VXrDHUmZD3w,Des mythos,Theodora,4292,https://www.youtube.com/watch?v=zhgFR2L2reE,6
0x4842c69c63d9e44d:0xc5bb81888b67b9fb,"Waterford, County Waterford, Ireland",CITY,2026-03-11T14:07:53.383925+00:00,17,G:AKA9Qe33ozg,Yours Eternally (feat. Ed Sheeran & Taras Topolia),U2,1103,https://www.youtube.com/watch?v=zfridIxuzd0,2
0x4844900891beb961:0xa00c7a99731c5d0,"Cork, County Cork, Ireland",CITY,2026-03-11T14:07:51.804667+00:00,18,G:AKA9Qe33ozg,Yours Eternally (feat. Ed Sheeran & Taras Topolia),U2,6227,https://www.youtube.com/watch?v=zfridIxuzd0,2
0x4859bae45c4027fb:0xcf7c1234cedbf408,Ireland,COUNTRY,2026-03-11T14:07:53.760945+00:00,20,G:gmyNxHOOsVM,Diamonds & Roses,Kingfishr,146482,https://www.youtube.com/watch?v=nkL7q4H6OVM,2
0x485b5c611f545113:0xa00c7a997317330,"Limerick, County Limerick, Ireland",CITY,2026-03-11T14:07:56.819934+00:00,1,G:WHV33zrUfs8,Killeagh,Kingfishr,8168,https://www.youtube.com/watch?v=TUn6njI7DyQ,8
0x485e10ca99a69975:0xf7e528ef6eb7e3d8,"Northern Ireland, United Kingdom",SUBCOUNTRY,2026-03-11T14:07:52.983112+00:00,4,G:WHV33zrUfs8,Killeagh,Kingfishr,69958,https://www.youtube.com/watch?v=TUn6njI7DyQ,8
0x485fdde434d09363:0xbd21fa2ac755f32f,"Londonderry, Northern Ireland, United Kingdom",CITY,2026-03-11T14:07:54.045509+00:00,4,G:WHV33zrUfs8,Killeagh,Kingfishr,7634,https://www.youtube.com/watch?v=TUn6njI7DyQ,8
0x4860fffdd7d08a3b:0x2e57162cefc7c531,"Belfast, Northern Ireland, United Kingdom",CITY,2026-03-11T14:07:53.013713+00:00,12,G:WHV33zrUfs8,Killeagh,Kingfishr,13061,https://www.youtube.com/watch?v=TUn6njI7DyQ,8
0x4861e2c403f2a19f:0xe7c1fad809c30714,"Scotland, United Kingdom",SUBCOUNTRY,2026-03-11T14:11:47.488577+00:00,7,G:bc0lIHnDqpw,Rein Me In,"Sam Fender, Olivia Dean",166024,https://www.youtube.com/watch?v=3triLkS0nq4,62
0x48638530442e81d5:0xea025bbcf1f0e00d,Isle of Man,COUNTRY,2026-03-11T15:26:35.602671+00:00,10,G:H1vyE5tpx-k,Too Sweet,Hozier,2640,https://www.youtube.com/watch?v=NTpbbQUBbuo,3
0x486434b66c1c0fed:0x1ebb71bc8aa5e8a2,"Wales, United Kingdom",SUBCOUNTRY,2026-03-11T14:11:45.175787+00:00,18,G:bc0lIHnDqpw,Rein Me In,"Sam Fender, Olivia Dean",61672,https://www.youtube.com/watch?v=3triLkS0nq4,62
0x48670e80ea27ac2f:0xa00c7a9973171a0,"Dublin, County Dublin, Ireland",CITY,2026-03-11T14:07:48.753488+00:00,19,G:gmyNxHOOsVM,Diamonds & Roses,Kingfishr,96684,https://www.youtube.com/watch?v=nkL7q4H6OVM,2
0x486c52c4d4498da7:0xa976e3256bdfad1e,"Exeter, England, United Kingdom",CITY,2026-03-11T15:25:37.724958+00:00,5,G:BR5i6jEYEmk,Come On Home For Christmas,George Ezra,5084,https://www.youtube.com/watch?v=4CkErPWZvbc,1
0x486c8d530e95ea3d:0x3b282cb5cef58593,"Plymouth, England, United Kingdom",CITY,2026-03-11T15:24:47.088019+00:00,11,G:Y7YFw7TJooE,The Days,Chrystal,18302,https://www.youtube.com/watch?v=o8RcHrz2-uU,35
0x486d055c33667be9:0x959f73f24370eb48,"Torquay, England, United Kingdom",CITY,2026-03-11T15:26:12.620143+00:00,14,G:3WTMeZptMhw,Riptide,Vance Joy,1433,https://www.youtube.com/watch?v=uJ_1HMAGb4k,31
0x486d8a921fb7907f:0x75eb0e344edee9fb,"Taunton, England, United Kingdom",CITY,2026-03-11T15:26:07.383145+00:00,4,G:dNbG7VNcSlY,Stargazing,Myles Smith,2725,https://www.youtube.com/watch?v=9p9EauIOPm8,19
0x486df0a7aefb4cd9:0xb8c06f4dc2f4fe23,"Bridgwater, England, United Kingdom",CITY,2026-03-11T14:34:19.130413+00:00,16,G:s2KS5SgwzpM,FEVER DREAM,Alex Warren,1226,https://www.youtube.com/watch?v=hkUSnrHQJHg,9
0x486e02d434ec53f5:0x143406db6586670e,"Cardiff, Wales, United Kingdom",CITY,2026-03-11T14:17:34.107482+00:00,15,G:fcqLxs-ns1Q,I Run (feat. Kaitlin Aragon),HAVEN.,11880,https://www.youtube.com/watch?v=imQDelNtwwU,57
0x486e12c8c98bcee5:0xa6481a2b6370cd7b,"Bridgend, Wales, United Kingdom",CITY,2026-03-11T14:24:10.280800+00:00,15,G:bc0lIHnDqpw,Rein Me In,"Sam Fender, Olivia Dean",1533,https://www.youtube.com/watch?v=3triLkS0nq4,62
0x486e1e131ca04b95:0x495c163a920de244,"Newport, Wales, United Kingdom",CITY,2026-03-11T14:18:22.709269+00:00,20,G:KtYocxeXrCE,Let Me Love You,Mario,2523,https://www.youtube.com/watch?v=H64QG4UsrGI,2
0x486e45555a4e97b1:0x3d77128e2fe7cb74,"Swansea, Wales, United Kingdom",CITY,2026-03-11T14:19:44.211475+00:00,17,G:bc0lIHnDqpw,Rein Me In,"Sam Fender, Olivia Dean",1115,https://www.youtube.com/watch?v=3triLkS0nq4,62
0x486f7655f4dc15c3:0x6ed7820778d6cdc4,"Shrewsbury, England, United Kingdom",CITY,2026-03-11T14:49:38.301592+00:00,18,G:bc0lIHnDqpw,Rein Me In,"Sam Fender, Olivia Dean",1575,https://www.youtube.com/watch?v=3triLkS0nq4,62
0x486fd425aa6e5341:0xd59c9a4bfd3c6c96,"Hereford, England, United Kingdom",CITY,2026-03-11T14:37:59.529711+00:00,20,G:dNbG7VNcSlY,Stargazing,Myles Smith,1415,https://www.youtube.com/watch?v=9p9EauIOPm8,19
0x4870505800bbccd5:0xab9aa4f4d0da911c,"Worcester, England, United Kingdom",CITY,2026-03-11T14:52:36.896297+00:00,19,G:gq954AxfjUg,End of Beginning,Djo,2363,https://www.youtube.com/watch?v=oXSw8DGjf5E,105
0x4870780b0d577243:0x9139ed82d06f8811,"Telford, England, United Kingdom",CITY,2026-03-11T15:26:07.782611+00:00,20,G:cNaPZXALDgg,iloveitiloveitiloveit,Bella Kay,4015,https://www.youtube.com/watch?v=_mNTMz8JalU,9
0x487080d43225d7fd:0x526da09547380126,"Wolverhampton, England, United Kingdom",CITY,2026-03-11T14:52:46.464132+00:00,20,G:KtYocxeXrCE,Let Me Love You,Mario,5482,https://www.youtube.com/watch?v=H64QG4UsrGI,2
0x4870827f6d0b7d5f:0x1b47b3d511d85808,"Stafford, England, United Kingdom",CITY,2026-03-11T14:49:58.240644+00:00,18,G:fcqLxs-ns1Q,I Run (feat. Kaitlin Aragon),HAVEN.,1615,https://www.youtube.com/watch?v=imQDelNtwwU,57
0x4870855155e1a701:0x976870029f16c9e2,"Dudley, England, United Kingdom",CITY,2026-03-11T15:25:30.650945+00:00,18,G:P2HninbUaSY,Dior (feat. Chrystal),MK,2492,https://www.youtube.com/watch?v=w4sN17aNeIA,42
0x48708586300ab85f:0xb26ea77a9ad8d567,"Stourbridge, England, United Kingdom",CITY,2026-03-11T14:50:17.030831+00:00,18,G:P2HninbUaSY,Dior (feat. Chrystal),MK,1119,https://www.youtube.com/watch?v=w4sN17aNeIA,42
0x4870942d1b417173:0xca81fef0aeee7998,"Birmingham, England, United Kingdom",CITY,2026-03-11T14:11:49.549371+00:00,10,G:9c8ctt13GT8,20th January,KayMuni,80727,https://www.youtube.com/watch?v=FN2faZkT__o,3
0x4870978802d5650b:0x5da3785b1d85460f,"West Bromwich, England, United Kingdom",CITY,2026-03-11T14:52:15.353481+00:00,14,G:wI0adtRAyVE,TAI CHI,Sasha Keable,1718,https://www.youtube.com/watch?v=YagSC_kQTCs,6
0x487098817d6d754f:0x66571b177589404d,"Walsall, England, United Kingdom",CITY,2026-03-11T14:52:10.432098+00:00,19,G:0cgdetwXHdk,CHANEL,Tyla,4418,https://www.youtube.com/watch?v=xiZUf98A1Ts,35
0x48709e01fa216d09:0x85a2a2bd588e2d7e,"Cannock, England, United Kingdom",CITY,2026-03-11T14:35:02.355479+00:00,14,G:fcqLxs-ns1Q,I Run (feat. Kaitlin Aragon),HAVEN.,1263,https://www.youtube.com/watch?v=imQDelNtwwU,57
0x4870a8931830eb41:0xf7e67fb3d4c81cef,"Tamworth, England, United Kingdom",CITY,2026-03-11T15:26:04.501244+00:00,19,G:fcqLxs-ns1Q,I Run (feat. Kaitlin Aragon),HAVEN.,1453,https://www.youtube.com/watch?v=imQDelNtwwU,57
0x4870ad520e159447:0x3d3edd02034f289a,"Nuneaton, England, United Kingdom",CITY,2026-03-11T14:44:24.548046+00:00,18,G:3jVSjplE3N8,That’s So True,Gracie Abrams,2085,https://www.youtube.com/watch?v=BDHM8cyJQa8,1
0x4870b0a0a5c6ab81:0xe3f527bb4b0274fc,"Solihull, England, United Kingdom",CITY,2026-03-11T14:49:53.123276+00:00,17,G:gq954AxfjUg,End of Beginning,Djo,999,https://www.youtube.com/watch?v=oXSw8DGjf5E,105
0x4870b151656e22b7:0x4f660f5564f0689,"Coventry, England, United Kingdom",CITY,2026-03-11T15:25:14.945767+00:00,16,G:fcqLxs-ns1Q,I Run (feat. Kaitlin Aragon),HAVEN.,11921,https://www.youtube.com/watch?v=imQDelNtwwU,57
0x4870c01326daf509:0x5cc3928de2c3bebb,"Redditch, England, United Kingdom",CITY,2026-03-11T15:25:48.877522+00:00,18,G:fcqLxs-ns1Q,I Run (feat. Kaitlin Aragon),HAVEN.,1755,https://www.youtube.com/watch?v=imQDelNtwwU,57
0x4870d4d3688e13e7:0xe0ff5e2eefa0ecaa,"Banbury, England, United Kingdom",CITY,2026-03-11T14:32:38.797894+00:00,18,G:gq954AxfjUg,End of Beginning,Djo,1300,https://www.youtube.com/watch?v=oXSw8DGjf5E,105
0x4870fdfbf6ebf2cf:0xec709b9621e819cf,"Gloucester, England, United Kingdom",CITY,2026-03-11T14:36:53.739157+00:00,20,G:jDwqLZKOHnY,Someone You Loved,Lewis Capaldi,1741,https://www.youtube.com/watch?v=zABLecsR5UE,90
0x48710338502e34ab:0xd067bca541f9e020,"Cheltenham, England, United Kingdom",CITY,2026-03-11T15:25:00.745038+00:00,20,G:dNbG7VNcSlY,Stargazing,Myles Smith,1908,https://www.youtube.com/watch?v=9p9EauIOPm8,19
0x48713380adc41faf:0xc820dba8cb547402,"Oxford, England, United Kingdom",CITY,2026-03-11T14:45:13.168652+00:00,20,G:gq954AxfjUg,End of Beginning,Djo,3352,https://www.youtube.com/watch?v=oXSw8DGjf5E,105
0x487178a6743ee12d:0x138b27d0d66d9a09,"Bath, England, United Kingdom",CITY,2026-03-11T14:32:53.339915+00:00,11,G:BjwyJQvOfLE,Aperture,Harry Styles,2804,https://www.youtube.com/watch?v=7sxVHYZ_PnA,1
0x48717d0a13b4a533:0xfcf81a2e9c24722d,"Trowbridge, England, United Kingdom",CITY,2026-03-11T15:26:16.513675+00:00,20,G:dNbG7VNcSlY,Stargazing,Myles Smith,794,https://www.youtube.com/watch?v=9p9EauIOPm8,19
0x4871836681b3d861:0x8ee4b22e4b9ad71f,"Bristol, England, United Kingdom",CITY,2026-03-11T14:34:20.029747+00:00,17,G:gq954AxfjUg,End of Beginning,Djo,14257,https://www.youtube.com/watch?v=oXSw8DGjf5E,105
0x487214c92446a7b5:0x9d6e9767b709360d,"Yeovil, England, United Kingdom",CITY,2026-03-11T15:26:18.300233+00:00,17,G:jDwqLZKOHnY,Someone You Loved,Lewis Capaldi,1346,https://www.youtube.com/watch?v=zABLecsR5UE,90
0x48738957be152909:0xa78c5a6a4cda71f0,"Southampton, England, United Kingdom",CITY,2026-03-11T14:18:50.917985+00:00,19,G:Y7YFw7TJooE,The Days,Chrystal,11345,https://www.youtube.com/watch?v=o8RcHrz2-uU,35
0x487398a0b1a067fd:0x3b2ee0156ba92c94,"Bournemouth, England, United Kingdom",CITY,2026-03-11T14:24:41.867856+00:00,20,G:gq954AxfjUg,End of Beginning,Djo,3749,https://www.youtube.com/watch?v=oXSw8DGjf5E,105
0x4873a0b58d42cecd:0xb0d1a294691958a7,"Poole, England, United Kingdom",CITY,2026-03-11T15:23:55.014493+00:00,19,G:gq954AxfjUg,End of Beginning,Djo,2610,https://www.youtube.com/watch?v=oXSw8DGjf5E,105
0x4873f09af8f411c7:0x94f77c4aa05e123f,"Andover, England, United Kingdom",CITY,2026-03-11T14:32:07.344943+00:00,18,G:s2KS5SgwzpM,FEVER DREAM,Alex Warren,1486,https://www.youtube.com/watch?v=hkUSnrHQJHg,9
0x487404c180a05953:0x682dc7216eb9702a,"Basingstoke, England, United Kingdom",CITY,2026-03-11T14:32:55.220177+00:00,20,G:C5z7egbtL_Q,How It’s Done,"HUNTR/X, EJAE, AUDREY NUNA, REI AMI, KPop Demon Hunters Cast",2380,https://www.youtube.com/watch?v=QGsevnbItdU,195
0x487405528df97463:0x67a4865d66a8eda1,"Winchester, England, United Kingdom",CITY,2026-03-11T14:52:32.370984+00:00,6,G:v2_qMZWGoYA,"Jacuzzi Dream, Pt. 2",Relaxing White Noise Sounds,1747,https://www.youtube.com/watch?v=oTLXrRy8Mf8,1
0x48742078d93d3db7:0x2ae19f7fcefa7994,"Reading, England, United Kingdom",CITY,2026-03-11T14:27:44.905692+00:00,14,G:M3gXP4g08jY,WHERE IS MY HUSBAND!,RAYE,5791,https://www.youtube.com/watch?v=rK5TyISxZ_M,240
0x48742ac28424763b:0x8deb0ce49313925d,"Farnborough, England, United Kingdom",CITY,2026-03-11T15:25:38.946919+00:00,18,G:M3gXP4g08jY,WHERE IS MY HUSBAND!,RAYE,1098,https://www.youtube.com/watch?v=rK5TyISxZ_M,240
0x487442a41814f1e9:0x45b683ea03373b79,"Portsmouth, England, United Kingdom",CITY,2026-03-11T14:21:59.275964+00:00,20,G:gq954AxfjUg,End of Beginning,Djo,4525,https://www.youtube.com/watch?v=oXSw8DGjf5E,105
0x4874435154c383b3:0x277f8ea3cc382bb1,"Havant, England, United Kingdom",CITY,2026-03-11T14:37:48.726253+00:00,17,G:dNbG7VNcSlY,Stargazing,Myles Smith,1095,https://www.youtube.com/watch?v=9p9EauIOPm8,19
0x487466142f9bda5f:0x5312889e08c5e933,"Gosport, England, United Kingdom",CITY,2026-03-11T14:37:00.594985+00:00,19,G:3WTMeZptMhw,Riptide,Vance Joy,1164,https://www.youtube.com/watch?v=uJ_1HMAGb4k,31
0x4875980560805317:0x767491b2f6a8f334,"Worthing, England, United Kingdom",CITY,2026-03-11T14:52:40.303140+00:00,20,G:gq954AxfjUg,End of Beginning,Djo,1721,https://www.youtube.com/watch?v=oXSw8DGjf5E,105
0x4875c4afb79659df:0x946699b2f9eba8a1,"Guildford, England, United Kingdom",CITY,2026-03-11T14:37:11.644980+00:00,20,G:2XPxfk6k7GI,So Easy (To Fall In Love),Olivia Dean,1492,https://www.youtube.com/watch?v=3sur4BmjQt8,44
0x4875d41816d163b7:0x20f9e2ba0648b374,"Woking, England, United Kingdom",CITY,2026-03-11T14:52:33.751683+00:00,12,G:M3gXP4g08jY,WHERE IS MY HUSBAND!,RAYE,1690,https://www.youtube.com/watch?v=rK5TyISxZ_M,240
0x4875ed930f13ff35:0x12f9939e52364adb,"Crawley, England, United Kingdom",CITY,2026-03-11T15:25:15.943810+00:00,20,G:C5z7egbtL_Q,How It’s Done,"HUNTR/X, EJAE, AUDREY NUNA, REI AMI, KPop Demon Hunters Cast",3063,https://www.youtube.com/watch?v=QGsevnbItdU,195
0x4875fe2a84421673:0xd574f25dc50c4945,"Croydon, England, United Kingdom",CITY,2026-03-11T15:25:16.206446+00:00,17,G:LPFAPmUZDCU,SLAUGHTER,"Central Cee, J Hus",3444,https://www.youtube.com/watch?v=-cgTFSrmrwQ,3
0x48760645a5de4efd:0x468060da7eb566e8,"Mitcham, England, United Kingdom",CITY,2026-03-11T14:41:51.247180+00:00,12,G:LPFAPmUZDCU,SLAUGHTER,"Central Cee, J Hus",1035,https://www.youtube.com/watch?v=-cgTFSrmrwQ,3
0x4876093778987453:0x4c3f21b23e3e35ec,"Kingston upon Thames, England, United Kingdom",CITY,2026-03-11T14:39:28.188780+00:00,20,G:jDwqLZKOHnY,Someone You Loved,Lewis Capaldi,677,https://www.youtube.com/watch?v=zABLecsR5UE,90
0x487614c908fcc35b:0x5d521bb3eb9734f1,"Watford, England, United Kingdom",CITY,2026-03-11T14:52:12.185282+00:00,15,G:X4ld6D_G6_w,Shararat,"Shashwat Sachdev, Madhubanti Bagchi, Jasmine Sandlas",2748,https://www.youtube.com/watch?v=YyepU5ztLf4,190
0x487622c2ad50ed1d:0x3b18c69ece5fefb0,"Hatfield, England, United Kingdom",CITY,2026-03-11T14:37:47.298983+00:00,2,G:7YSkdhRDlkg,Aaya Sher,"Anirudh Ravichander, Jangi Reddy, Arjun Chandy, Kasarla Shyam",2163,https://www.youtube.com/watch?v=iAtoZar5W58,57
0x48762916a02a64d9:0x4341e6e1cebe29fa,"Stevenage, England, United Kingdom",CITY,2026-03-11T14:50:12.528716+00:00,20,G:ZSGxEIotPK8,Die On This Hill,SIENNA SPIRO,1798,https://www.youtube.com/watch?v=pxC9NhXv_1M,105
0x48763233cbbba8d1:0x4e1913f5b672bfc4,"Letchworth Garden City, England, United Kingdom",CITY,2026-03-11T14:40:07.009962+00:00,12,G:M3gXP4g08jY,WHERE IS MY HUSBAND!,RAYE,796,https://www.youtube.com/watch?v=rK5TyISxZ_M,240
0x4876360018f62c49:0x33fa5303edefd681,"Luton, England, United Kingdom",CITY,2026-03-11T15:24:34.795051+00:00,20,G:7YSkdhRDlkg,Aaya Sher,"Anirudh Ravichander, Jangi Reddy, Arjun Chandy, Kasarla Shyam",6248,https://www.youtube.com/watch?v=iAtoZar5W58,57
0x487638a0e793c909:0x71ec848046a64059,"St Albans, England, United Kingdom",CITY,2026-03-11T14:49:59.509463+00:00,20,G:gq954AxfjUg,End of Beginning,Djo,1468,https://www.youtube.com/watch?v=oXSw8DGjf5E,105
0x487640d05cd71ac1:0xf0e07f1fcfdff2b2,"Hemel Hempstead, England, United Kingdom",CITY,2026-03-11T14:37:56.206169+00:00,20,G:C5z7egbtL_Q,How It’s Done,"HUNTR/X, EJAE, AUDREY NUNA, REI AMI, KPop Demon Hunters Cast",1857,https://www.youtube.com/watch?v=QGsevnbItdU,195
0x48764cf882238685:0x161a9df74cb97e14,"Milton Keynes, England, United Kingdom",CITY,2026-03-11T14:15:59.733713+00:00,5,G:AbbqwqbvMIs,Gimme Gimme,Anson Lo 盧瀚霆,1671,https://www.youtube.com/watch?v=jteOH600zpI,1
0x487657882dadcdbd:0xd81b10fa587ffbb3,"Aylesbury, England, United Kingdom",CITY,2026-03-11T14:32:39.091810+00:00,15,G:M3gXP4g08jY,WHERE IS MY HUSBAND!,RAYE,1960,https://www.youtube.com/watch?v=rK5TyISxZ_M,240
0x4876600361b47cc3:0xcd47a66f382f4def,"High Wycombe, England, United Kingdom",CITY,2026-03-11T14:38:04.570547+00:00,15,G:sF5afz9W3mQ,قلبي في المدينة,"Maher Zain, Harris J",1897,https://www.youtube.com/watch?v=2VLqZtded_0,117
0x487662409cc2c793:0xde54c6f43e749cf6,"Maidenhead, England, United Kingdom",CITY,2026-03-11T14:40:32.185232+00:00,20,G:jDwqLZKOHnY,Someone You Loved,Lewis Capaldi,1045,https://www.youtube.com/watch?v=zABLecsR5UE,90
0x487663427e9e92a9:0xb16ca352b90b0206,"Slough, England, United Kingdom",CITY,2026-03-11T14:21:52.731169+00:00,20,G:unCdoBJqF9Q,5-7,"Karan Aujla, Mxrci",5165,https://www.youtube.com/watch?v=x9RC77Oc-0Q,74
0x48766d7b3d92f16f:0x6ab6a155c3d7b196,"Hayes, England, United Kingdom",CITY,2026-03-11T14:37:50.507687+00:00,19,G:XG8UPTi07yA,Lehnga,Diljit Dosanjh,2717,https://www.youtube.com/watch?v=G8PU1HjZZj4,6
0x48767c29377d25fd:0x2b035d7df603e639,"Bracknell, England, United Kingdom",CITY,2026-03-11T14:33:55.233685+00:00,16,G:M3gXP4g08jY,WHERE IS MY HUSBAND!,RAYE,1179,https://www.youtube.com/watch?v=rK5TyISxZ_M,240
0x487704236e4aa273:0xcdf495d0d9e86209,"Northampton, England, United Kingdom",CITY,2026-03-11T14:44:11.259688+00:00,19,G:C5z7egbtL_Q,How It’s Done,"HUNTR/X, EJAE, AUDREY NUNA, REI AMI, KPop Demon Hunters Cast",5490,https://www.youtube.com/watch?v=QGsevnbItdU,195
0x4877155fc08c57e9:0x1bcfbdbca9e41c3,"Rugby, England, United Kingdom",CITY,2026-03-11T15:25:57.655607+00:00,18,G:gq954AxfjUg,End of Beginning,Djo,1698,https://www.youtube.com/watch?v=oXSw8DGjf5E,105
0x48773134f8c8a587:0xc558ff5e604fbae3,"Royal Leamington Spa, England, United Kingdom",CITY,2026-03-11T15:25:56.345612+00:00,6,G:vd491qS2Sd4,My Love(Live),Westlife,2433,https://www.youtube.com/watch?v=F5oC5DsFk5c,1
0x487742ab49b76c73:0x9a151d2a6fb49cb8,"Leicester, England, United Kingdom",CITY,2026-03-11T14:28:17.400012+00:00,17,G:b8mew2hniPk,संकटमोचन हनुमान अष्टक,Hariharan,11255,https://www.youtube.com/watch?v=HH_a6aRO1TE,27
0x4877742712505a65:0xd6fe0d61db36fcb5,"Kettering, England, United Kingdom",CITY,2026-03-11T14:39:25.963497+00:00,20,G:jDwqLZKOHnY,Someone You Loved,Lewis Capaldi,1585,https://www.youtube.com/watch?v=zABLecsR5UE,90
0x4877b6c6c66c36cd:0x125df4c90cabaf30,"Bedford, England, United Kingdom",CITY,2026-03-11T15:24:13.395596+00:00,20,G:0cgdetwXHdk,CHANEL,Tyla,2425,https://www.youtube.com/watch?v=xiZUf98A1Ts,35
0x48780ccb711104fb:0x36603dcfe8c7ddc7,"Lincoln, England, United Kingdom",CITY,2026-03-11T14:40:10.794713+00:00,16,G:bc0lIHnDqpw,Rein Me In,"Sam Fender, Olivia Dean",2858,https://www.youtube.com/watch?v=3triLkS0nq4,62
0x487820d7b8e18acd:0xec445ad0df69f289,"Grantham, England, United Kingdom",CITY,2026-03-11T14:37:03.112307+00:00,15,G:Y7YFw7TJooE,The Days,Chrystal,1297,https://www.youtube.com/watch?v=o8RcHrz2-uU,35
0x487832d2390779cd:0x108063201919db15,"Nottingham, England, United Kingdom",CITY,2026-03-11T14:29:27.122683+00:00,20,G:9c8ctt13GT8,20th January,KayMuni,8376,https://www.youtube.com/watch?v=FN2faZkT__o,3
0x4878e14c66603897:0xf5db46553ac8b350,"Scunthorpe, England, United Kingdom",CITY,2026-03-11T14:49:28.740684+00:00,18,G:dNbG7VNcSlY,Stargazing,Myles Smith,2123,https://www.youtube.com/watch?v=9p9EauIOPm8,19
0x4878e2a8b277ed2f:0x829cbce4b81d7048,"Doncaster, England, United Kingdom",CITY,2026-03-11T15:25:26.206612+00:00,18,G:_uMyrgMtbYY,Family Matters,Skye Newman,3345,https://www.youtube.com/watch?v=0mPbZPDUpLg,17
0x48790a41d8154027:0x5d4fabde0673d601,"Rotherham, England, United Kingdom",CITY,2026-03-11T15:25:56.063536+00:00,15,G:Y7YFw7TJooE,The Days,Chrystal,2309,https://www.youtube.com/watch?v=o8RcHrz2-uU,35
0x48790aa9fae8be15:0x3e2827f5af06b078,"Sheffield, England, United Kingdom",CITY,2026-03-11T14:49:36.271864+00:00,16,G:Y7YFw7TJooE,The Days,Chrystal,17851,https://www.youtube.com/watch?v=o8RcHrz2-uU,35
0x48793e4ada64bd99:0x51adbafd0213dca9,"Leeds, England, United Kingdom",CITY,2026-03-11T14:40:01.683096+00:00,20,G:_uMyrgMtbYY,Family Matters,Skye Newman,20068,https://www.youtube.com/watch?v=0mPbZPDUpLg,17
0x48794e237175bd01:0x3c084fbaadea4ff,"Harrogate, England, United Kingdom",CITY,2026-03-11T14:37:40.532171+00:00,10,G:bc0lIHnDqpw,Rein Me In,"Sam Fender, Olivia Dean",1674,https://www.youtube.com/watch?v=3triLkS0nq4,62
0x48795d6047fb0b31:0x71697d7cd4b2dac8,"Wakefield, England, United Kingdom",CITY,2026-03-11T14:52:09.094987+00:00,14,G:Y7YFw7TJooE,The Days,Chrystal,2642,https://www.youtube.com/watch?v=o8RcHrz2-uU,35
0x48795f7ae9c21919:0x8fe0edd83227194f,"Bradford, England, United Kingdom",CITY,2026-03-11T14:33:54.754564+00:00,13,G:lYPCjl3rxWc,سبيل الدموع سبيل مريح,Muhammad Al Muqit,9243,https://www.youtube.com/watch?v=kqk58wOpfHA,1
0x487962132bcdb7bb:0x653c3a498c896a17,"Huddersfield, England, United Kingdom",CITY,2026-03-11T14:38:16.186639+00:00,19,G:Y7YFw7TJooE,The Days,Chrystal,3233,https://www.youtube.com/watch?v=o8RcHrz2-uU,35
0x487962b7c1b768c3:0xc2476c02bf53d08a,"Barnsley, England, United Kingdom",CITY,2026-03-11T14:32:50.751431+00:00,18,G:_uMyrgMtbYY,Family Matters,Skye Newman,2407,https://www.youtube.com/watch?v=0mPbZPDUpLg,17
0x4879842c07774617:0x603c8e349b6fb8e5,"Chesterfield, England, United Kingdom",CITY,2026-03-11T15:25:03.686195+00:00,19,G:Y7YFw7TJooE,The Days,Chrystal,1929,https://www.youtube.com/watch?v=o8RcHrz2-uU,35
0x4879960103837b17:0x8ddae75902857c2a,"Mansfield, England, United Kingdom",CITY,2026-03-11T14:41:03.844708+00:00,19,G:Y7YFw7TJooE,The Days,Chrystal,1868,https://www.youtube.com/watch?v=o8RcHrz2-uU,35
0x4879c24c8f06887d:0xcf33cd98839728f,"West Bridgford, England, United Kingdom",CITY,2026-03-11T14:52:14.760372+00:00,20,G:jDwqLZKOHnY,Someone You Loved,Lewis Capaldi,582,https://www.youtube.com/watch?v=zABLecsR5UE,90
0x4879d926a0f7320d:0x8bd926f2baff035d,"Loughborough, England, United Kingdom",CITY,2026-03-11T14:40:24.241565+00:00,13,G:bc0lIHnDqpw,Rein Me In,"Sam Fender, Olivia Dean",2038,https://www.youtube.com/watch?v=3triLkS0nq4,62
0x4879e43286a4caa7:0x5fc9de954e36df,"Derby, England, United Kingdom",CITY,2026-03-11T15:23:54.780465+00:00,20,G:ZSGxEIotPK8,Die On This Hill,SIENNA SPIRO,6684,https://www.youtube.com/watch?v=pxC9NhXv_1M,105
0x4879e88cd5031f81:0xe5da45a411c989f6,"Long Eaton, England, United Kingdom",CITY,2026-03-11T14:40:17.080820+00:00,20,G:jDwqLZKOHnY,Someone You Loved,Lewis Capaldi,796,https://www.youtube.com/watch?v=zABLecsR5UE,90
0x4879f85f88608b8b:0x23e87ea274e82263,"Burton upon Trent, England, United Kingdom",CITY,2026-03-11T14:34:42.860674+00:00,19,G:fcqLxs-ns1Q,I Run (feat. Kaitlin Aragon),HAVEN.,1950,https://www.youtube.com/watch?v=imQDelNtwwU,57
0x487a11520fae440d:0xf1cdcd2f02caee04,"Stoke-on-Trent, England, United Kingdom",CITY,2026-03-11T15:24:10.804468+00:00,20,G:Y7YFw7TJooE,The Days,Chrystal,6946,https://www.youtube.com/watch?v=o8RcHrz2-uU,35
0x487a453052544847:0xf9ed0703788b83a,"Crewe, England, United Kingdom",CITY,2026-03-11T15:25:16.250686+00:00,20,G:dNbG7VNcSlY,Stargazing,Myles Smith,1882,https://www.youtube.com/watch?v=9p9EauIOPm8,19
0x487a4d4c5226f5db:0xd9be143804fe6baa,"Manchester, England, United Kingdom",CITY,2026-03-11T14:11:49.413653+00:00,19,G:vRmpibIO56M,REHAB,Blair Muir,52365,https://www.youtube.com/watch?v=Uhby9lQaZ6g,7
0x487ab5d05739375d:0xd575606934cc778c,"Wrexham, Wales, United Kingdom",CITY,2026-03-11T14:25:42.804581+00:00,13,G:fcqLxs-ns1Q,I Run (feat. Kaitlin Aragon),HAVEN.,1599,https://www.youtube.com/watch?v=imQDelNtwwU,57
0x487ac1d9629cf569:0x49626cb38dd8f89f,"Chester, England, United Kingdom",CITY,2026-03-11T15:25:03.797941+00:00,12,G:bc0lIHnDqpw,Rein Me In,"Sam Fender, Olivia Dean",2230,https://www.youtube.com/watch?v=3triLkS0nq4,62
0x487ad9533edc276d:0xffd9ac3c5a1329d1,"Ellesmere Port, England, United Kingdom",CITY,2026-03-11T15:25:34.176573+00:00,19,G:fcqLxs-ns1Q,I Run (feat. Kaitlin Aragon),HAVEN.,1558,https://www.youtube.com/watch?v=imQDelNtwwU,57
0x487adf8a647060b7:0x42dc046f3f176e01,"Liverpool, England, United Kingdom",CITY,2026-03-11T14:40:13.044010+00:00,14,G:cwyZUo1jOLI,Blessings (feat. Clementine Douglas),Calvin Harris,21480,https://www.youtube.com/watch?v=JEmbyx8NLxA,1
0x487ae1de62d42b49:0xbab18b7c9aa632d5,"Widnes, England, United Kingdom",CITY,2026-03-11T14:52:20.726004+00:00,20,G:P2HninbUaSY,Dior (feat. Chrystal),MK,1661,https://www.youtube.com/watch?v=w4sN17aNeIA,42
0x487ae230b9cf8731:0xf48c6c2a5af9dd08,"Runcorn, England, United Kingdom",CITY,2026-03-11T15:25:57.423932+00:00,20,G:_uMyrgMtbYY,Family Matters,Skye Newman,1483,https://www.youtube.com/watch?v=0mPbZPDUpLg,17
0x487b01835b28c2a7:0x88e8e7e8adef7e45,"Warrington, England, United Kingdom",CITY,2026-03-11T14:24:43.146561+00:00,19,G:fcqLxs-ns1Q,I Run (feat. Kaitlin Aragon),HAVEN.,3225,https://www.youtube.com/watch?v=imQDelNtwwU,57
0x487b04345517a4d3:0x5702a66b03f2d953,"Wigan, England, United Kingdom",CITY,2026-03-11T14:52:19.751512+00:00,14,G:P2HninbUaSY,Dior (feat. Chrystal),MK,2763,https://www.youtube.com/watch?v=w4sN17aNeIA,42
0x487b04abddf46587:0x50cf99eed6d3dc0,"St Helens, England, United Kingdom",CITY,2026-03-11T14:50:02.078829+00:00,16,G:_uMyrgMtbYY,Family Matters,Skye Newman,3625,https://www.youtube.com/watch?v=0mPbZPDUpLg,17
0x487b0629dc3b1c93:0xcaa40cfafe557822,"Bolton, England, United Kingdom",CITY,2026-03-11T14:33:44.336316+00:00,10,G:FH-6Wcm6u0k,Waka Waka (This Time for Africa) (feat. Freshlyground),Shakira,6408,https://www.youtube.com/watch?v=pRpeEdMmmQ0,28
0x487b06314d0d9451:0x87d2cb12838f33f6,"Leigh, England, United Kingdom",CITY,2026-03-11T14:40:04.486661+00:00,20,G:Y7YFw7TJooE,The Days,Chrystal,1347,https://www.youtube.com/watch?v=o8RcHrz2-uU,35
0x487b0ccb0b7b3c4d:0xd68703fb79b28721,"Preston, England, United Kingdom",CITY,2026-03-11T14:48:15.631245+00:00,14,G:_uMyrgMtbYY,Family Matters,Skye Newman,2901,https://www.youtube.com/watch?v=0mPbZPDUpLg,17
0x487b15315eb47ffb:0x9464ca1ad2094f88,"Southport, England, United Kingdom",CITY,2026-03-11T14:49:53.362941+00:00,9,G:bc0lIHnDqpw,Rein Me In,"Sam Fender, Olivia Dean",2276,https://www.youtube.com/watch?v=3triLkS0nq4,62
0x487b2645d09cf51f:0x9ab8a8c59c2eb14a,"Birkenhead, England, United Kingdom",CITY,2026-03-11T14:33:23.643752+00:00,19,G:cNaPZXALDgg,iloveitiloveitiloveit,Bella Kay,4770,https://www.youtube.com/watch?v=_mNTMz8JalU,9
0x487b4117e942d017:0xb52db2179232c2c9,"Blackpool, England, United Kingdom",CITY,2026-03-11T14:15:28.898891+00:00,20,G:_uMyrgMtbYY,Family Matters,Skye Newman,4790,https://www.youtube.com/watch?v=0mPbZPDUpLg,17
0x487b6141d2138751:0xbea089595c0b389,"Lancaster, England, United Kingdom",CITY,2026-03-11T14:40:00.032452+00:00,16,G:3WTMeZptMhw,Riptide,Vance Joy,1707,https://www.youtube.com/watch?v=uJ_1HMAGb4k,31
0x487b741704ba4199:0x37471046e7905a42,"Blackburn, England, United Kingdom",CITY,2026-03-11T14:33:24.829144+00:00,12,G:mNIIzjH0fcI,رحمةٌ للعالمين,Maher Zain,3591,https://www.youtube.com/watch?v=tBbdSzwxqyY,6
0x487b9042f0923d57:0x4feaa828ce73e4cb,"Burnley, England, United Kingdom",CITY,2026-03-11T14:34:46.298584+00:00,16,G:_uMyrgMtbYY,Family Matters,Skye Newman,2219,https://www.youtube.com/watch?v=0mPbZPDUpLg,17
0x487ba2d7be45c869:0x5ecbd6be7ddd28b4,"Bury, England, United Kingdom",CITY,2026-03-11T14:34:49.652346+00:00,20,G:_uMyrgMtbYY,Family Matters,Skye Newman,1377,https://www.youtube.com/watch?v=0mPbZPDUpLg,17
0x487bab7ffec440d1:0x24be9c8c42b76580,"Sale, England, United Kingdom",CITY,2026-03-11T15:26:00.574945+00:00,18,G:P2HninbUaSY,Dior (feat. Chrystal),MK,1272,https://www.youtube.com/watch?v=w4sN17aNeIA,42
0x487bae0dfe455711:0x6df4febf58f5d816,"Salford, England, United Kingdom",CITY,2026-03-11T15:26:01.202616+00:00,15,G:_uMyrgMtbYY,Family Matters,Skye Newman,2260,https://www.youtube.com/watch?v=0mPbZPDUpLg,17
0x487bb0aa67777af1:0x18b3b8d9a96b3258,"Oldham, England, United Kingdom",CITY,2026-03-11T14:44:41.130979+00:00,17,G:mNIIzjH0fcI,رحمةٌ للعالمين,Maher Zain,3474,https://www.youtube.com/watch?v=tBbdSzwxqyY,6
0x487bb88ceb3db3ab:0x9a885edb20da6527,"Rochdale, England, United Kingdom",CITY,2026-03-11T15:25:53.219358+00:00,14,G:P2HninbUaSY,Dior (feat. Chrystal),MK,3429,https://www.youtube.com/watch?v=w4sN17aNeIA,42
0x487bc201a120ef39:0x6c3f29996afa5893,"Halifax, England, United Kingdom",CITY,2026-03-11T14:37:27.460426+00:00,15,G:_uMyrgMtbYY,Family Matters,Skye Newman,2536,https://www.youtube.com/watch?v=0mPbZPDUpLg,17
0x487c24202d751389:0x86c0f359dfda50ed,"Darlington, England, United Kingdom",CITY,2026-03-11T14:25:35.225870+00:00,16,G:vRmpibIO56M,REHAB,Blair Muir,2676,https://www.youtube.com/watch?v=Uhby9lQaZ6g,7
0x487c2aa525d8b1c1:0x678a46d5f522452b,"Durham, England, United Kingdom",CITY,2026-03-11T15:25:31.483648+00:00,18,G:yWFreMZTbNs,Sailor Song,Gigi Perez,1624,https://www.youtube.com/watch?v=1lrFsXkT_rM,30
0x487ce1df3eee6b0f:0x5c0a43b6ba15682d,"Carlisle, England, United Kingdom",CITY,2026-03-11T14:35:10.621764+00:00,20,G:dNbG7VNcSlY,Stargazing,Myles Smith,2103,https://www.youtube.com/watch?v=9p9EauIOPm8,19
0x487d857e0c6f64cd:0xbe252b072a76191,"Newcastle upon Tyne, England, United Kingdom",CITY,2026-03-11T14:11:53.108764+00:00,11,G:vRmpibIO56M,REHAB,Blair Muir,37776,https://www.youtube.com/watch?v=Uhby9lQaZ6g,7
0x487e612d8af0739f:0x749d6e7d017f03c3,"Sunderland, England, United Kingdom",CITY,2026-03-11T14:50:38.279798+00:00,17,G:vRmpibIO56M,REHAB,Blair Muir,5046,https://www.youtube.com/watch?v=Uhby9lQaZ6g,7
0x487e65525287ead7:0x594570c53db4f5c6,"Gateshead, England, United Kingdom",CITY,2026-03-11T14:36:49.505169+00:00,19,G:vRmpibIO56M,REHAB,Blair Muir,2844,https://www.youtube.com/watch?v=Uhby9lQaZ6g,7
0x487e68ad7f2a3d9b:0xd02c285f1cdc5288,"South Shields, England, United Kingdom",CITY,2026-03-11T14:49:52.481053+00:00,20,G:3WTMeZptMhw,Riptide,Vance Joy,1771,https://www.youtube.com/watch?v=uJ_1HMAGb4k,31
0x487e8a33e97e0a65:0x50dc644f0bd33136,"Hartlepool, England, United Kingdom",CITY,2026-03-11T14:29:34.937245+00:00,12,G:_uMyrgMtbYY,Family Matters,Skye Newman,3479,https://www.youtube.com/watch?v=0mPbZPDUpLg,17
0x487e931ee6d5b3bb:0xbcec2c396a18ae44,"Stockton-on-Tees, England, United Kingdom",CITY,2026-03-11T14:27:34.147127+00:00,14,G:_uMyrgMtbYY,Family Matters,Skye Newman,3826,https://www.youtube.com/watch?v=0mPbZPDUpLg,17
0x487e935561999019:0x6f839f20e3c1fa9c,"Middlesbrough, England, United Kingdom",CITY,2026-03-11T14:13:19.875089+00:00,11,G:_uMyrgMtbYY,Family Matters,Skye Newman,6903,https://www.youtube.com/watch?v=0mPbZPDUpLg,17
0x4884054c1fd77549:0xe8bb05da5cf4c472,"Aberdeen, Scotland, United Kingdom",CITY,2026-03-11T15:24:59.402527+00:00,16,G:bc0lIHnDqpw,Rein Me In,"Sam Fender, Olivia Dean",4911,https://www.youtube.com/watch?v=3triLkS0nq4,62
0x488615c6fb484d03:0xb65f146e7df49618,"Perth, Scotland, United Kingdom",CITY,2026-03-11T14:45:54.601083+00:00,13,G:3WTMeZptMhw,Riptide,Vance Joy,1429,https://www.youtube.com/watch?v=uJ_1HMAGb4k,31
0x488635542fda10bd:0xd0017abd4be5692d,"Kirkcaldy, Scotland, United Kingdom",CITY,2026-03-11T14:39:29.431180+00:00,19,G:dNbG7VNcSlY,Stargazing,Myles Smith,1149,https://www.youtube.com/watch?v=9p9EauIOPm8,19
0x48864144ab639cd3:0x94e43b1e384be52a,"Dundee, Scotland, United Kingdom",CITY,2026-03-11T15:25:30.657081+00:00,18,G:dNbG7VNcSlY,Stargazing,Myles Smith,3771,https://www.youtube.com/watch?v=9p9EauIOPm8,19
0x4887b800a5982623:0x64f2147b7ce71727,"Edinburgh, Scotland, United Kingdom",CITY,2026-03-11T14:11:46.271429+00:00,20,G:vRmpibIO56M,REHAB,Blair Muir,26627,https://www.youtube.com/watch?v=Uhby9lQaZ6g,7
0x4887d8d80d55377f:0x680b3fb98e524246,"Livingston, Scotland, United Kingdom",CITY,2026-03-11T14:40:13.315748+00:00,12,G:bc0lIHnDqpw,Rein Me In,"Sam Fender, Olivia Dean",1705,https://www.youtube.com/watch?v=3triLkS0nq4,62
0x488814440aab5e6b:0x63246ad22e47d6ca,"Hamilton, Scotland, United Kingdom",CITY,2026-03-11T14:37:26.809485+00:00,7,G:bc0lIHnDqpw,Rein Me In,"Sam Fender, Olivia Dean",1715,https://www.youtube.com/watch?v=3triLkS0nq4,62
0x488815562056ceeb:0x71e683b805ef511e,"Glasgow, Scotland, United Kingdom",CITY,2026-03-11T14:11:54.010669+00:00,7,G:bc0lIHnDqpw,Rein Me In,"Sam Fender, Olivia Dean",40069,https://www.youtube.com/watch?v=3triLkS0nq4,62
0x488848c12dd36531:0xe6ef2c85a9703847,"Paisley, Scotland, United Kingdom",CITY,2026-03-11T14:45:05.067562+00:00,19,G:3WTMeZptMhw,Riptide,Vance Joy,1979,https://www.youtube.com/watch?v=uJ_1HMAGb4k,31
0x4889a54d98f64263:0xe225f63045361dfc,"Greenock, Scotland, United Kingdom",CITY,2026-03-11T14:37:06.494668+00:00,20,G:cNaPZXALDgg,iloveitiloveitiloveit,Bella Kay,919,https://www.youtube.com/watch?v=_mNTMz8JalU,9
0x488f715b2d17de2b:0x624309d12e3ec43d,"Inverness, Scotland, United Kingdom",CITY,2026-03-11T14:38:49.568578+00:00,6,G:Wt3Nt3c64Ts,Santa Claus Is Coming To Town,Michael Bublé,2134,https://www.youtube.com/watch?v=SnA52s7qceM,1
0x48bc1593762df9eb:0x3fb0314864f71b24,Faroe Islands,COUNTRY,2026-03-11T15:25:41.521837+00:00,8,G:8itb9D9mAKE,Míttland,Kendar Røddir,1582,https://www.youtube.com/watch?v=MTeRBNprvTo,3
0x48bc25d098d9233f:0x6f5fe534925af5d3,"Streymoy, Faroe Islands",SUBCOUNTRY,2026-03-11T15:25:40.583219+00:00,20,G:oDxbebwyC1M,Hvítar flykrur,Frændur,653,https://www.youtube.com/watch?v=ISEfMJtRBWQ,1
0x48bc2e1c5f994095:0xddae09988c0225a9,"Tórshavn, Streymoy, Faroe Islands",CITY,2026-03-11T15:25:40.331899+00:00,8,G:8itb9D9mAKE,Míttland,Kendar Røddir,904,https://www.youtube.com/watch?v=MTeRBNprvTo,3
0x48d22b52a3eb6043:0x6f8a0434e5c1459a,Iceland,COUNTRY,2026-03-11T14:07:42.333350+00:00,9,G:mwx6vLKCkb8,Harpy Hare,Yaelokre,7868,https://www.youtube.com/watch?v=5-I1lT6Jbdo,2
0x48d674b9eedcedc3:0xec912ca230d26071,"Reykjavík, Reykjavíkurborg, Iceland",CITY,2026-03-11T14:07:11.863300+00:00,16,G:vNHL_-ks75Y,Gangsta's Paradise (feat. L.V.),Coolio,4236,https://www.youtube.com/watch?v=fPO76Jlnz6c,1
0x4b0d03d337cc6ad9:0x9968b72aa2438fa5,Canada,COUNTRY,2026-03-11T14:04:07.930271+00:00,3,G:unCdoBJqF9Q,5-7,"Karan Aujla, Mxrci",1786435,https://www.youtube.com/watch?v=x9RC77Oc-0Q,74
0x4b591298de18cf45:0x102581ef8cf0940,"Nova Scotia, Canada",SUBCOUNTRY,2026-03-11T14:55:35.246401+00:00,16,G:UeOjFqjy3_s,Have You Ever Seen The Rain,Creedence Clearwater Revival,25027,https://www.youtube.com/watch?v=u1V8YRJnr4Q,11
0x4b594fcf093b81a7:0x3896ccf871a7b76e,"Truro, Nova Scotia, Canada",CITY,2026-03-11T14:55:38.319938+00:00,9,G:MXfa0TKUzK4,Those Eyes,New West,778,https://www.youtube.com/watch?v=GDND88fqt1o,1
0x4b5a211407dbfac1:0x666be3a6438b2ddc,"Halifax, Nova Scotia, Canada",CITY,2026-03-11T14:37:27.475256+00:00,17,G:UeOjFqjy3_s,Have You Ever Seen The Rain,Creedence Clearwater Revival,9516,https://www.youtube.com/watch?v=u1V8YRJnr4Q,11
0x4b5a23ddf20334b3:0xda5007be195731e7,"Dartmouth, Nova Scotia, Canada",CITY,2026-03-11T15:25:19.842233+00:00,18,G:POQl0hx9gNo,Pink Pony Club,Chappell Roan,3253,https://www.youtube.com/watch?v=GR3Liudev18,5
0x4b5e52ddd47f83c5:0x5a5777b89f519b27,"Charlottetown, Prince Edward Island, Canada",CITY,2026-03-11T14:35:39.238280+00:00,10,G:01kAjWLQmnQ,Stimulated,Tia Wood,1520,https://www.youtube.com/watch?v=y49tqBVOySY,1
0x4b5e52ddd47f83c5:0xa968d6d5f4926686,"Prince Edward Island, Canada",SUBCOUNTRY,2026-03-11T14:55:50.469583+00:00,20,G:POQl0hx9gNo,Pink Pony Club,Chappell Roan,2560,https://www.youtube.com/watch?v=GR3Liudev18,5
0x4b67fb367e723415:0xa783539b7b308087,"Sydney, Nova Scotia, Canada",CITY,2026-03-11T14:50:45.346283+00:00,18,G:K5wBoga5oqA,On The Floor (feat. Pitbull),Jennifer Lopez,955,https://www.youtube.com/watch?v=t4H_Zoh7G5A,1
0x4c58b5349fd1a8a1:0x1040cadae4d0020,"Quebec, Canada",SUBCOUNTRY,2026-03-11T14:03:50.478806+00:00,19,G:FxoR1HDQG5c,Le stade,Fredz,218160,https://www.youtube.com/watch?v=C5dGUqqwkq0,12
0x4c95d9070d5559d3:0x61da5fba47f4a47d,"Rimouski, Quebec, Canada",CITY,2026-03-11T15:25:53.240862+00:00,11,G:0hrmSOaQOg8,Last Resort,Papa Roach,1816,https://www.youtube.com/watch?v=j0lSpNtjPM8,1
0x4ca0b92918d41765:0xdc10a333a4e63c4,"Moncton, New Brunswick, Canada",CITY,2026-03-11T14:41:53.142862+00:00,13,G:DCtB7D5PITQ,Bloom (afro house edit),Aqyila,3442,https://www.youtube.com/watch?v=U9wxkBFpruE,7
0x4ca1f5385602b0a5:0x94c72c35d46ab43d,"Miramichi, New Brunswick, Canada",CITY,2026-03-11T14:43:35.440195+00:00,13,G:-0JZpFvqjI8,People Are Crazy,Billy Currington,902,https://www.youtube.com/watch?v=PKpQRjj_WbU,1
0x4ca3fdd032350ecd:0xe66dc95a026805cc,"New Brunswick, Canada",SUBCOUNTRY,2026-03-11T14:44:18.314487+00:00,16,G:UeOjFqjy3_s,Have You Ever Seen The Rain,Creedence Clearwater Revival,16072,https://www.youtube.com/watch?v=u1V8YRJnr4Q,11
0x4ca4220ba498fb2b:0xe7de2f297a415db4,"Fredericton, New Brunswick, Canada",CITY,2026-03-11T14:36:27.364157+00:00,16,G:deMcuw-FJuM,23,Chayce Beckham,2894,https://www.youtube.com/watch?v=Iade9zGnpJM,1
0x4ca7c50d1ef9f977:0xf08156072617d267,"Saint John, New Brunswick, Canada",CITY,2026-03-11T14:43:28.092091+00:00,14,G:DCtB7D5PITQ,Bloom (afro house edit),Aqyila,2095,https://www.youtube.com/watch?v=U9wxkBFpruE,7
0x4cae4b46101129bd:0x4d0918b0a7af7677,"Bangor, Maine, United States",CITY,2026-03-11T14:24:12.769841+00:00,18,G:uFMTr8bVcCw,Save Me,Jelly Roll,1150,https://www.youtube.com/watch?v=FxFNprPOdss,5
0x4cb01dde1d538ad5:0xd679cc6f6720a8d0,"Maine, United States",SUBCOUNTRY,2026-03-11T14:24:12.108562+00:00,18,G:RGS4XTuWbIA,Don't Stop Believin' (Live),Journey,19305,https://www.youtube.com/watch?v=VcjzHMhBtf0,33
0x4cb26bc07b32961f:0xf3750b5ad8e67d10,"Lewiston, Maine, United States",CITY,2026-03-11T14:24:08.477800+00:00,16,G:uFMTr8bVcCw,Save Me,Jelly Roll,1048,https://www.youtube.com/watch?v=FxFNprPOdss,5
0x4cb29c72aab0ee2d:0x7e9db6b53372fa29,"Portland, Maine, United States",CITY,2026-03-11T14:24:04.631563+00:00,20,G:diKxju-DnHk,Creep,Radiohead,1697,https://www.youtube.com/watch?v=XFkzRNyygfk,61
0x4cb3444b9dc0a6eb:0xd7c802af25a680eb,"New Hampshire, United States",SUBCOUNTRY,2026-03-11T14:15:52.485247+00:00,16,G:g_YLYpev3ls,Iris,The Goo Goo Dolls,18958,https://www.youtube.com/watch?v=NdYWuo9OFAw,195
0x4cb4dc6c48daceff:0x264d897436546bb4,"Vermont, United States",SUBCOUNTRY,2026-03-11T14:13:59.495094+00:00,20,G:POQl0hx9gNo,Pink Pony Club,Chappell Roan,8555,https://www.youtube.com/watch?v=GR3Liudev18,5
0x4cb7b30cd735cbff:0xf11a8d21d25c0767,"Sherbrooke, Quebec, Canada",CITY,2026-03-11T14:49:39.979021+00:00,20,G:DCtB7D5PITQ,Bloom (afro house edit),Aqyila,4182,https://www.youtube.com/watch?v=U9wxkBFpruE,7
0x4cb8016b6a132937:0x5040cadae4d3480,"Victoriaville, Quebec, Canada",CITY,2026-03-11T14:31:08.863120+00:00,20,G:1GOYia5HKC8,Extraordinaire,Fredz,1198,https://www.youtube.com/watch?v=ECk9BBJutAY,5
0x4cc02768304203bd:0xfe107b2c38d93d34,"Saguenay, Quebec, Canada",CITY,2026-03-11T15:25:58.355075+00:00,20,G:TVWShWzrVp4,PICTURE (v.f.),Clement Jacques,3671,https://www.youtube.com/watch?v=877X-D7IU24,2
0x4cc7c8cfcf1f467d:0xb9d6b0325e28c3d2,"Trois-Rivières, Quebec, Canada",CITY,2026-03-11T15:26:16.216362+00:00,15,G:T-Vx5-USTxY,L'Amérique pleure,Les Cowboys Fringants,3660,https://www.youtube.com/watch?v=sYRp8oP0yiw,9
0x4cc81165a7226e1b:0x4aa92d429689be2f,"Drummondville, Quebec, Canada",CITY,2026-03-11T15:25:32.289733+00:00,20,G:3hxqVAa33e0,The Kids Aren't Alright,The Offspring,2177,https://www.youtube.com/watch?v=7iNbnineUCI,1
0x4cc84dd740cd62cb:0x5040cadae4d4290,"Saint-Hyacinthe, Quebec, Canada",CITY,2026-03-11T15:25:59.505472+00:00,18,G:T-Vx5-USTxY,L'Amérique pleure,Les Cowboys Fringants,1626,https://www.youtube.com/watch?v=sYRp8oP0yiw,9
0x4cc8bdb99340567b:0xc6448884fc5822a6,"Joliette, Quebec, Canada",CITY,2026-03-11T14:39:13.604967+00:00,11,G:FxoR1HDQG5c,Le stade,Fredz,2210,https://www.youtube.com/watch?v=C5dGUqqwkq0,12
0x4cc8d7d3b70c861b:0xfabe67a302e9227d,"Blainville, Quebec, Canada",CITY,2026-03-11T14:33:33.681475+00:00,19,G:aCI8w8No53Y,PARISIENNE,"GIMS, La Mano 1.9",1238,https://www.youtube.com/watch?v=7CGKeID7nRc,191
0x4cc8dc711510e05f:0xf97eef202e671f32,"Terrebonne, Quebec, Canada",CITY,2026-03-11T15:26:09.317749+00:00,16,G:aCI8w8No53Y,PARISIENNE,"GIMS, La Mano 1.9",2617,https://www.youtube.com/watch?v=7CGKeID7nRc,191
0x4cc8e5cc87e498ff:0x6efa92668df92c85,"Repentigny, Quebec, Canada",CITY,2026-03-11T15:25:50.272215+00:00,19,G:mQah7793A18,C'est nous dans le top (Brainrot),Unchained,2027,https://www.youtube.com/watch?v=VkUycmJM1r4,29
0x4cc90589d64dba89:0xda6c733c59f64a6f,"Brossard, Quebec, Canada",CITY,2026-03-11T14:34:28.389616+00:00,13,G:W0x0GDT9GRM,Risk It All,Bruno Mars,1712,https://www.youtube.com/watch?v=lY5V4hSLWY8,469
0x4cc9150bf002489f:0x6552f8359b6df45e,"Châteauguay, Quebec, Canada",CITY,2026-03-11T14:35:44.398180+00:00,20,G:0cgdetwXHdk,CHANEL,Tyla,1197,https://www.youtube.com/watch?v=xiZUf98A1Ts,35
0x4cc91a541c64b70d:0x654e3138211fefef,"Montreal, Quebec, Canada",CITY,2026-03-11T14:03:42.804223+00:00,15,G:kxarLA2_LY0,Danza Kuduro (feat. Lucenzo),Don Omar,104281,https://www.youtube.com/watch?v=7zp1TbLFPp8,50
0x4cc91b69886574f9:0x1c63438a7316da2e,"Longueuil, Quebec, Canada",CITY,2026-03-11T14:40:17.692804+00:00,17,G:1NkXgJFaoyI,Papaoutai,Stromae,6660,https://www.youtube.com/watch?v=oiKj0Z_Xnjc,69
0x4cc92107b4dfda6b:0x2eb4b26fe333c419,"Laval, Quebec, Canada",CITY,2026-03-11T14:39:58.805057+00:00,18,G:1NkXgJFaoyI,Papaoutai,Stromae,9152,https://www.youtube.com/watch?v=oiKj0Z_Xnjc,69
0x4cc92efb79104feb:0x15e99fa7f5721020,"Saint-Eustache, Quebec, Canada",CITY,2026-03-11T15:25:59.282330+00:00,16,G:kxarLA2_LY0,Danza Kuduro (feat. Lucenzo),Don Omar,1572,https://www.youtube.com/watch?v=7zp1TbLFPp8,50
0x4cc935fe287e6f93:0x5040cadae4d5050,"Vaudreuil-Dorion, Quebec, Canada",CITY,2026-03-11T14:27:23.552299+00:00,17,G:crPMo0sxTuo,I Just Might,Bruno Mars,1623,https://www.youtube.com/watch?v=mrV8kK5t0V8,455
0x4cc9a20d03b56265:0x5040cadae4d44f0,"Saint-Jean-sur-Richelieu, Quebec, Canada",CITY,2026-03-11T15:26:00.060061+00:00,19,G:T-Vx5-USTxY,L'Amérique pleure,Les Cowboys Fringants,2125,https://www.youtube.com/watch?v=sYRp8oP0yiw,9
0x4cc9ce3f50905aff:0xd833dbb1e7b33892,"Granby, Quebec, Canada",CITY,2026-03-11T14:37:02.269150+00:00,18,G:T-Vx5-USTxY,L'Amérique pleure,Les Cowboys Fringants,2182,https://www.youtube.com/watch?v=sYRp8oP0yiw,9
0x4cca7a55b69b55e5:0xc35fe519720e498e,"Burlington, Vermont, United States",CITY,2026-03-11T14:13:57.730421+00:00,16,G:BSs9rV5l7Po,The Great Divide,Noah Kahan,1201,https://www.youtube.com/watch?v=SKs80r2Lp34,1
0x4ccc19cb8559e755:0x5037b28c7231430,"Cornwall, Ontario, Canada",CITY,2026-03-11T15:25:12.616835+00:00,14,G:RGS4XTuWbIA,Don't Stop Believin' (Live),Journey,1523,https://www.youtube.com/watch?v=VcjzHMhBtf0,33
0x4ccc4bf0f123a5a9:0xddcfc6c1de189567,"New York State, US",SUBCOUNTRY,2026-03-11T14:12:01.901656+00:00,15,G:7JCDm_RCJwQ,EoO,Bad Bunny,688194,https://www.youtube.com/watch?v=myDIeOjqQos,144
0x4cce05b25f5113af:0x70f8425629621e09,"Ontario, Canada",SUBCOUNTRY,2026-03-11T14:03:42.551478+00:00,11,G:9y4qPIob0Kc,Nazare,"Gur Sidhu, Kaptaan, Cheema Y",454892,https://www.youtube.com/watch?v=4jyD5k-Y7Nc,21
0x4cce05b25f5113af:0x8a6a51e131dd15ed,"Ottawa, Ontario, Canada",CITY,2026-03-11T14:03:54.164076+00:00,17,G:unCdoBJqF9Q,5-7,"Karan Aujla, Mxrci",40514,https://www.youtube.com/watch?v=x9RC77Oc-0Q,74
0x4cce1a7e0babee53:0x7cedf5701a140956,"Gatineau, Quebec, Canada",CITY,2026-03-11T14:36:49.591244+00:00,19,G:iCyrGGoSpzk,4 Kampé,Joé Dwèt Filé,6663,https://www.youtube.com/watch?v=Srvt_6up-0o,58
0x4ccf2ca32d386ced:0x5040cadae4d5210,"Saint-Jérôme, Quebec, Canada",CITY,2026-03-11T15:25:59.606551+00:00,13,G:FxoR1HDQG5c,Le stade,Fredz,3126,https://www.youtube.com/watch?v=C5dGUqqwkq0,12
0x4cd2ab0674408ea9:0x76a5497715d6d9ea,"Kingston, Ontario, Canada",CITY,2026-03-11T14:39:29.112701+00:00,16,G:unCdoBJqF9Q,5-7,"Karan Aujla, Mxrci",4509,https://www.youtube.com/watch?v=x9RC77Oc-0Q,74
0x4d2854b13122e2ef:0x5037b28c7232700,"North Bay, Ontario, Canada",CITY,2026-03-11T14:44:02.951252+00:00,16,G:06O9FtowLlI,Thunderstruck,AC/DC,1443,https://www.youtube.com/watch?v=v2AC41dglnM,8
0x4d2eff36c6f132ed:0x668dd5b8879c8cf8,"Greater Sudbury, Ontario, Canada",CITY,2026-03-11T14:37:05.358040+00:00,12,G:RGS4XTuWbIA,Don't Stop Believin' (Live),Journey,3599,https://www.youtube.com/watch?v=VcjzHMhBtf0,33
0x4d36311508818c7b:0xc55b0eb513db21cd,"Sault Ste. Marie, Ontario, Canada",CITY,2026-03-11T14:49:26.549687+00:00,12,G:06O9FtowLlI,Thunderstruck,AC/DC,2032,https://www.youtube.com/watch?v=v2AC41dglnM,8
0x4d3ca5dd51cd3fcd:0x77f8e96afeea9c76,"Timmins, Ontario, Canada",CITY,2026-03-11T15:26:11.599619+00:00,20,G:13z8-cvCqaY,Hotel California (Live),Eagles,996,https://www.youtube.com/watch?v=09839DpTctU,12
0x4d4caa3dc7ca0411:0x97dd48597a62c9b3,"Michigan, United States",SUBCOUNTRY,2026-03-11T15:24:02.211303+00:00,11,G:Fa1Vkz6kNP4,Thick One,"42 Dugg, Skilla Baby",293277,https://www.youtube.com/watch?v=o6NHHpue4Xs,7
0x4d585b9a60780b9b:0x2a2c99b10fea20f,"Minnesota, United States",SUBCOUNTRY,2026-03-11T14:27:56.346160+00:00,20,G:C5z7egbtL_Q,How It’s Done,"HUNTR/X, EJAE, AUDREY NUNA, REI AMI, KPop Demon Hunters Cast",149941,https://www.youtube.com/watch?v=QGsevnbItdU,195
0x4d5921774c16e98d:0x3d0557348f1d8b74,"Thunder Bay, Ontario, Canada",CITY,2026-03-11T15:26:10.942206+00:00,15,G:u2M9TJG_mVY,Save Your Tears,The Weeknd,3266,https://www.youtube.com/watch?v=XXYlFuWEuKI,2
0x526de06f45e7b513:0x1c0f55f2abc1c768,"Manitoba, Canada",SUBCOUNTRY,2026-03-11T14:03:55.928469+00:00,11,G:XytiPYr1pjo,Club Song,94fatso,55479,https://www.youtube.com/watch?v=iFLPFcXqm2M,6
0x52a8f40f9384e3af:0xf2d5d5b8f88649d6,"Wisconsin, United States",SUBCOUNTRY,2026-03-11T15:23:45.385597+00:00,20,G:C5z7egbtL_Q,How It’s Done,"HUNTR/X, EJAE, AUDREY NUNA, REI AMI, KPop Demon Hunters Cast",123563,https://www.youtube.com/watch?v=QGsevnbItdU,195
0x52ae527e782e37ff:0x90fdbf76eb580c72,"Duluth, Minnesota, United States",CITY,2026-03-11T15:25:31.792329+00:00,18,G:yWFreMZTbNs,Sailor Song,Gigi Perez,1498,https://www.youtube.com/watch?v=1lrFsXkT_rM,30
0x52b2d4cee4e9379f:0xc87291d23fda2e29,"Saint Paul, Minnesota, United States",CITY,2026-03-11T14:27:53.660488+00:00,16,G:C5z7egbtL_Q,How It’s Done,"HUNTR/X, EJAE, AUDREY NUNA, REI AMI, KPop Demon Hunters Cast",8462,https://www.youtube.com/watch?v=QGsevnbItdU,195
0x52b3241bcf7d291b:0x5744c99882d6244f,"Blaine, Minnesota, United States",CITY,2026-03-11T14:33:35.071662+00:00,16,G:C5z7egbtL_Q,How It’s Done,"HUNTR/X, EJAE, AUDREY NUNA, REI AMI, KPop Demon Hunters Cast",1672,https://www.youtube.com/watch?v=QGsevnbItdU,195
0x52b333909377bbbd:0x939fc9842f7aee07,"Minneapolis, Minnesota, United States",CITY,2026-03-11T14:27:50.170589+00:00,12,G:eQbn7kemCQY,Trap Queen,Fetty Wap,72425,https://www.youtube.com/watch?v=i_kF4zLNKio,203
0x52b33a04ab97f237:0xe4b26b2ae4641588,"Brooklyn Park, Minnesota, United States",CITY,2026-03-11T14:27:53.413720+00:00,20,G:uSU3Wx2_xuU,Free,"Rumi, Jinu, EJAE, Andrew Choi, KPop Demon Hunters Cast",1855,https://www.youtube.com/watch?v=fjOeJssZX_Q,1
0x52b347b48f359b0b:0x8dfc73200e5e410f,"Maple Grove, Minnesota, United States",CITY,2026-03-11T14:27:49.817411+00:00,14,G:C5z7egbtL_Q,How It’s Done,"HUNTR/X, EJAE, AUDREY NUNA, REI AMI, KPop Demon Hunters Cast",2590,https://www.youtube.com/watch?v=QGsevnbItdU,195
0x52b48aa982cb02f5:0x55b4e60ed08b7f44,"St. Cloud, Minnesota, United States",CITY,2026-03-11T14:27:57.469266+00:00,10,G:C5z7egbtL_Q,How It’s Done,"HUNTR/X, EJAE, AUDREY NUNA, REI AMI, KPop Demon Hunters Cast",2370,https://www.youtube.com/watch?v=QGsevnbItdU,195
0x52c681355bbc5e25:0xb6b94d87c5f3d5a,"Grand Forks, North Dakota, United States",CITY,2026-03-11T14:13:31.655770+00:00,20,G:diKxju-DnHk,Creep,Radiohead,1495,https://www.youtube.com/watch?v=XFkzRNyygfk,61
0x52c8cb8d84677145:0x81aa30a52791aaca,"Fargo, North Dakota, United States",CITY,2026-03-11T14:13:30.281682+00:00,17,G:C5z7egbtL_Q,How It’s Done,"HUNTR/X, EJAE, AUDREY NUNA, REI AMI, KPop Demon Hunters Cast",3371,https://www.youtube.com/watch?v=QGsevnbItdU,195
0x52d7831257d8e963:0xccaabd12f9bbca93,"Bismarck, North Dakota, United States",CITY,2026-03-11T14:13:32.186272+00:00,19,G:yWFreMZTbNs,Sailor Song,Gigi Perez,1898,https://www.youtube.com/watch?v=1lrFsXkT_rM,30
0x52d7831257d8e963:0xd849a39835ecfc9,"North Dakota, United States",SUBCOUNTRY,2026-03-11T14:13:35.136680+00:00,20,G:yWFreMZTbNs,Sailor Song,Gigi Perez,14599,https://www.youtube.com/watch?v=1lrFsXkT_rM,30
0x52deb78ae5ce7f0d:0xbcc590331b734416,"Minot, North Dakota, United States",CITY,2026-03-11T14:13:28.653401+00:00,20,G:vavcWlmCVDE,LET THE WORLD BURN,Chris Grey,1313,https://www.youtube.com/watch?v=fdJrSjMgPFE,24
0x52e790b200b97cd7:0xca31c0dc4c8e2e0a,"Brandon, Manitoba, Canada",CITY,2026-03-11T15:24:49.843925+00:00,18,G:XytiPYr1pjo,Club Song,94fatso,2111,https://www.youtube.com/watch?v=iFLPFcXqm2M,6
0x52ea73fbf91a2b11:0x2b2a1afac6b9ca64,"Winnipeg, Manitoba, Canada",CITY,2026-03-11T15:24:50.258477+00:00,8,G:XytiPYr1pjo,Club Song,94fatso,40766,https://www.youtube.com/watch?v=iFLPFcXqm2M,6
0x52f871b12365762f:0x15342b5792c2e12b,"Saskatchewan, Canada",SUBCOUNTRY,2026-03-11T14:03:51.626405+00:00,19,G:d-DnscUQLTs,I Never Lie,Zach Top,33854,https://www.youtube.com/watch?v=P6LeMSLYhko,2
0x53010585d23add25:0xc30c9c446135fe27,"Prince Albert, Saskatchewan, Canada",CITY,2026-03-11T14:30:44.961205+00:00,6,G:BnG_OSYqAX4,Home,Klangkarussell,6914,https://www.youtube.com/watch?v=ZwdglO0_bBM,1
0x5304f6bf47ed992b:0x5049e3295772690,"Saskatoon, Saskatchewan, Canada",CITY,2026-03-11T14:30:48.871935+00:00,8,G:BVExJyGgc2A,2am,94fatso,16039,https://www.youtube.com/watch?v=ccUoajXAtjM,7
0x5309b282a82419b5:0xb0a9479a409b8e9e,"Alberta, Canada",SUBCOUNTRY,2026-03-11T14:03:45.658313+00:00,13,G:9y4qPIob0Kc,Nazare,"Gur Sidhu, Kaptaan, Cheema Y",150348,https://www.youtube.com/watch?v=4jyD5k-Y7Nc,21
0x53132c563df9d417:0x13665e8c3280473f,"Medicine Hat, Alberta, Canada",CITY,2026-03-11T14:41:26.252452+00:00,18,G:06O9FtowLlI,Thunderstruck,AC/DC,1209,https://www.youtube.com/watch?v=v2AC41dglnM,8
0x531c1e40fba53deb:0x354a3296b77b54b1,"Regina, Saskatchewan, Canada",CITY,2026-03-11T14:31:01.328638+00:00,17,G:XytiPYr1pjo,Club Song,94fatso,11490,https://www.youtube.com/watch?v=iFLPFcXqm2M,6
0x53412b9c2d7b8ad3:0xf571d658cf2a6c18,"Montana, United States",SUBCOUNTRY,2026-03-11T14:26:26.683993+00:00,20,G:eXjIJ2QoRLw,Wondering Why (Live),The Red Clay Strays,16157,https://www.youtube.com/watch?v=GhcMmaUPtrk,3
0x5342378d658cb83b:0xd6de56b18e5945a8,"Great Falls, Montana, United States",CITY,2026-03-11T14:26:30.613728+00:00,8,G:iM1f7_YUIQc,Do It,Stray Kids,1615,https://www.youtube.com/watch?v=NED7nev2ywQ,1
0x5345444c4fba8813:0x63f5d064f73b60aa,"Bozeman, Montana, United States",CITY,2026-03-11T14:26:25.465108+00:00,17,G:-rd2dCSDV74,Feel Good Inc.,Gorillaz,757,https://www.youtube.com/watch?v=HyHNuVaZJ-k,3
0x53486f8888fa9d97:0x373556d4f179b550,"Billings, Montana, United States",CITY,2026-03-11T14:26:26.535577+00:00,10,G:2cpHZ0vMAS4,Sweater Weather,The Neighbourhood,3966,https://www.youtube.com/watch?v=GCdwKhTtNNw,29
0x5354594e739512b5:0x2311c9fc094c49c9,"Idaho Falls, Idaho, United States",CITY,2026-03-11T15:24:32.495703+00:00,15,G:2cpHZ0vMAS4,Sweater Weather,The Neighbourhood,2363,https://www.youtube.com/watch?v=GCdwKhTtNNw,29
0x53554f20d5d09b0d:0x70c6a2484ce39b0,"Pocatello, Idaho, United States",CITY,2026-03-11T15:24:34.361690+00:00,10,G:kw-4UAJJ3Tg,Counting Stars,OneRepublic,1379,https://www.youtube.com/watch?v=hT_nvWreIhg,9
0x5358ffa885e499e9:0xd06b300515f78758,"Idaho, United States",SUBCOUNTRY,2026-03-11T15:24:31.017636+00:00,20,G:2cpHZ0vMAS4,Sweater Weather,The Neighbourhood,31831,https://www.youtube.com/watch?v=GCdwKhTtNNw,29
0x535dcc2a50f367cb:0xe9e31277ca94802e,"Missoula, Montana, United States",CITY,2026-03-11T14:26:24.926623+00:00,13,G:-rd2dCSDV74,Feel Good Inc.,Gorillaz,1293,https://www.youtube.com/watch?v=HyHNuVaZJ-k,3
0x5361b4f8ba557c8f:0x5fe5995b05bf5290,"Coeur d'Alene, Idaho, United States",CITY,2026-03-11T15:25:08.405432+00:00,10,G:kw-4UAJJ3Tg,Counting Stars,OneRepublic,1092,https://www.youtube.com/watch?v=hT_nvWreIhg,9
0x536650959ceac247:0xaf1fbdda1d5abb62,"Kalispell, Montana, United States",CITY,2026-03-11T14:26:25.612777+00:00,20,G:kw-4UAJJ3Tg,Counting Stars,OneRepublic,708,https://www.youtube.com/watch?v=hT_nvWreIhg,9
0x536e864af15acd23:0x1c5c78e36295beae,"Lethbridge, Alberta, Canada",CITY,2026-03-11T14:16:18.656924+00:00,17,G:C5z7egbtL_Q,How It’s Done,"HUNTR/X, EJAE, AUDREY NUNA, REI AMI, KPop Demon Hunters Cast",2502,https://www.youtube.com/watch?v=QGsevnbItdU,195
0x537170039f843fd5:0x266d3bb1b652b63a,"Calgary, Alberta, Canada",CITY,2026-03-11T14:03:43.294291+00:00,4,G:9y4qPIob0Kc,Nazare,"Gur Sidhu, Kaptaan, Cheema Y",113667,https://www.youtube.com/watch?v=4jyD5k-Y7Nc,21
0x5374542947119299:0x500a390441644b0,"Red Deer, Alberta, Canada",CITY,2026-03-11T14:16:17.027563+00:00,14,G:g_YLYpev3ls,Iris,The Goo Goo Dolls,3117,https://www.youtube.com/watch?v=NdYWuo9OFAw,195
0x537a66c7aa6b6aaf:0x881b41e937e7f1f9,"British Columbia, Canada",SUBCOUNTRY,2026-03-11T14:03:47.836259+00:00,19,G:VVUSIDuTet0,Deewane (feat. Bir),Navaan Sandhu,130240,https://www.youtube.com/watch?v=BNHeuQ8Wli8,17
0x537d8cb6e3c730b3:0x4ef8e53ddab4c4f7,"Kelowna, British Columbia, Canada",CITY,2026-03-11T14:39:24.217110+00:00,12,G:9y4qPIob0Kc,Nazare,"Gur Sidhu, Kaptaan, Cheema Y",3174,https://www.youtube.com/watch?v=4jyD5k-Y7Nc,21
0x537dd8e746d9fce3:0x8fd4e1b6add1e987,"Vernon, British Columbia, Canada",CITY,2026-03-11T14:51:57.261220+00:00,17,G:ZvIe3D2CcCQ,What's Up?,4 Non Blondes,1187,https://www.youtube.com/watch?v=6NXnxTNIWkc,3
0x537e2cd33d0d3b31:0xd23e96aa9a6945e7,"Kamloops, British Columbia, Canada",CITY,2026-03-11T14:39:16.371691+00:00,12,G:H1vyE5tpx-k,Too Sweet,Hozier,2020,https://www.youtube.com/watch?v=NTpbbQUBbuo,3
0x538898f7ef590fe9:0x50135152a7b3050,"Prince George, British Columbia, Canada",CITY,2026-03-11T14:48:34.126674+00:00,16,G:kw-4UAJJ3Tg,Counting Stars,OneRepublic,1995,https://www.youtube.com/watch?v=hT_nvWreIhg,9
0x5390914965fb9b97:0x60726bc60c9e6409,"Grande Prairie, Alberta, Canada",CITY,2026-03-11T14:16:23.754724+00:00,20,G:a1m5OqjMS3w,I Had Some Help (feat. Morgan Wallen),Post Malone,1970,https://www.youtube.com/watch?v=4QIZE708gJ4,3
0x53a0134249546cbd:0xe467d3d92d40e3e9,"Sherwood Park, Alberta, Canada",CITY,2026-03-11T14:49:42.387045+00:00,13,G:POQl0hx9gNo,Pink Pony Club,Chappell Roan,1589,https://www.youtube.com/watch?v=GR3Liudev18,5
0x53a0224580deff23:0x411fa00c4af6155d,"Edmonton, Alberta, Canada",CITY,2026-03-11T14:03:55.221318+00:00,3,G:unCdoBJqF9Q,5-7,"Karan Aujla, Mxrci",66432,https://www.youtube.com/watch?v=x9RC77Oc-0Q,74
0x53a02678f161c8b5:0x43cd32c503f525a2,"St. Albert, Alberta, Canada",CITY,2026-03-11T14:50:01.692596+00:00,19,G:POQl0hx9gNo,Pink Pony Club,Chappell Roan,1379,https://www.youtube.com/watch?v=GR3Liudev18,5
0x53b03aeeff1a4459:0x5c8133330dca74b7,"Fort McMurray, Alberta, Canada",CITY,2026-03-11T14:16:20.516750+00:00,18,G:MWRfJaXJC7M,Life On a Chain,Pete Yorn,1630,https://www.youtube.com/watch?v=_XwOeJW_9HU,7
0x5400df9cc0aec01b:0xbcdb5e27a98adb35,"Alaska, United States",SUBCOUNTRY,2026-03-11T14:12:42.392738+00:00,20,G:2cpHZ0vMAS4,Sweater Weather,The Neighbourhood,14772,https://www.youtube.com/watch?v=GCdwKhTtNNw,29
0x548435c6706ab783:0x50135152a7b0560,"Abbotsford, British Columbia, Canada",CITY,2026-03-11T15:24:59.328997+00:00,12,G:nL4t7DswWq8,Courtside,"Karan Aujla, Signature By Sb",5782,https://www.youtube.com/watch?v=Z8IRRphKFZA,4
0x54843f9d75e9f3a7:0x1d49386fd2f9a230,"Chilliwack, British Columbia, Canada",CITY,2026-03-11T15:25:04.879388+00:00,14,G:RGS4XTuWbIA,Don't Stop Believin' (Live),Journey,2043,https://www.youtube.com/watch?v=VcjzHMhBtf0,33
0x5485962ef2458717:0xd57a9ca9cd39e0f0,"Bellingham, Washington, United States",CITY,2026-03-11T14:33:01.690634+00:00,9,G:6lQpODWqPF4,"The Moon Cave (feat. Asha Puthli, Bobby Womack, Jalen Ngonda & Jalen Ngonda and Black Thought)",Gorillaz,2426,https://www.youtube.com/watch?v=ucRulNQsuYQ,8
0x5485d3614f013ecb:0x47a5c3ea30cde8ea,"Maple Ridge, British Columbia, Canada",CITY,2026-03-11T15:25:41.787763+00:00,18,G:unCdoBJqF9Q,5-7,"Karan Aujla, Mxrci",1710,https://www.youtube.com/watch?v=x9RC77Oc-0Q,74
0x5485d5feded69fd5:0xa19d45c0bb19b8b3,"Port Coquitlam, British Columbia, Canada",CITY,2026-03-11T15:25:12.473592+00:00,20,G:gq954AxfjUg,End of Beginning,Djo,1024,https://www.youtube.com/watch?v=oXSw8DGjf5E,105
0x5485d8753ddb5097:0xeca8e918f64dfeee,"New Westminster, British Columbia, Canada",CITY,2026-03-11T14:43:33.598475+00:00,17,G:MWRfJaXJC7M,Life On a Chain,Pete Yorn,1641,https://www.youtube.com/watch?v=_XwOeJW_9HU,7
0x5485dc034d3fa75b:0xd28b4898abd598e0,"Surrey, British Columbia, Canada",CITY,2026-03-11T14:13:28.255957+00:00,18,G:CMz8_baECD8,I Really Do...,"Karan Aujla, Ikky",29250,https://www.youtube.com/watch?v=K9R7KcaettM,1
0x5485e5ffe7c3b0f9:0x944278686c5ff3ba,"Washington, US",SUBCOUNTRY,2026-03-11T14:25:29.555358+00:00,17,G:C5z7egbtL_Q,How It’s Done,"HUNTR/X, EJAE, AUDREY NUNA, REI AMI, KPop Demon Hunters Cast",212578,https://www.youtube.com/watch?v=QGsevnbItdU,195
0x5485fce1db8802b7:0xe7af052ac3c8ad9b,"Delta, British Columbia, Canada",CITY,2026-03-11T15:25:22.574614+00:00,19,G:oz8K-sPjAAQ,Masla,"Hustinder, Shiva Choudhary,  ShowKidd, Big Khan",2356,https://www.youtube.com/watch?v=hoQcWlHX3ng,2
0x54867046f9232b41:0x6f85cb4bd4fbec5a,"North Vancouver, British Columbia, Canada",CITY,2026-03-11T14:44:09.916402+00:00,18,G:0fJQfvpDi4U,BIRDS OF A FEATHER,Billie Eilish,1643,https://www.youtube.com/watch?v=V9PVRfjEBTI,24
0x548673f143a94fb3:0xbb9196ea9b81f38b,"Vancouver, British Columbia, Canada",CITY,2026-03-11T14:03:49.838886+00:00,9,G:wPzh_faJO_A,Bonafide,"Gur Sidhu, Kaptaan",68376,https://www.youtube.com/watch?v=LpWBcftyTfI,1
0x54867599f4ef4d3d:0x6a5024adba02fab5,"Richmond, British Columbia, Canada",CITY,2026-03-11T15:25:10.344215+00:00,20,G:_hsBGwAfwTI,天命最高 (賀歲版) (電影《尋秦記》主題曲),"宣萱, 郭羡妮, 朱鉴然",4356,https://www.youtube.com/watch?v=9hFYpcfb3nU,4
0x548677a8219c8373:0xdd0a72738752b169,"Burnaby, British Columbia, Canada",CITY,2026-03-11T14:34:42.158119+00:00,19,G:0fJQfvpDi4U,BIRDS OF A FEATHER,Billie Eilish,6074,https://www.youtube.com/watch?v=V9PVRfjEBTI,24
0x548678c85ac25e9f:0x595768762eee76cf,"Coquitlam, British Columbia, Canada",CITY,2026-03-11T15:25:12.570079+00:00,20,G:0fJQfvpDi4U,BIRDS OF A FEATHER,Billie Eilish,2675,https://www.youtube.com/watch?v=V9PVRfjEBTI,24
0x5488a15e20ac1c5b:0x50135152a7b0fd0,"Nanaimo, British Columbia, Canada",CITY,2026-03-11T14:43:27.516484+00:00,20,G:H1vyE5tpx-k,Too Sweet,Hozier,2366,https://www.youtube.com/watch?v=NTpbbQUBbuo,3
0x548f738bddb06171:0x38e8f3741ebb48ed,"Victoria, British Columbia, Canada",CITY,2026-03-11T14:31:09.233974+00:00,19,G:aYANt9Zcbb4,Manchild,Sabrina Carpenter,2294,https://www.youtube.com/watch?v=aSugSGCC12I,1
0x5490006404f52f5b:0x72449f271b24790,"Everett, Washington, United States",CITY,2026-03-11T14:25:22.828509+00:00,17,G:C5z7egbtL_Q,How It’s Done,"HUNTR/X, EJAE, AUDREY NUNA, REI AMI, KPop Demon Hunters Cast",3265,https://www.youtube.com/watch?v=QGsevnbItdU,195
0x549004c59d078911:0x6e735266fc477816,"Lynnwood, Washington, United States",CITY,2026-03-11T14:40:24.665334+00:00,14,G:C5z7egbtL_Q,How It’s Done,"HUNTR/X, EJAE, AUDREY NUNA, REI AMI, KPop Demon Hunters Cast",934,https://www.youtube.com/watch?v=QGsevnbItdU,195
0x549008cc03bb6f23:0xcd42b24716babb9f,"Renton, Washington, United States",CITY,2026-03-11T15:25:51.016602+00:00,20,G:WVhqE2_wCY0,Folded,Kehlani,2244,https://www.youtube.com/watch?v=KFMYx1TibeQ,348
0x54900cad2000ee23:0x5e0390eac5d804f2,"Redmond, Washington, United States",CITY,2026-03-11T15:25:50.251668+00:00,20,G:fUum61-q-MU,Endhayya Saami (Special Surprise),"Shweta Mohan, Ajay Gogavale, Ramajogayya Sastry",2121,https://www.youtube.com/watch?v=yLKKz4-M_y8,3
0x5490102c93e83355:0x102565466944d59a,"Seattle, Washington, United States",CITY,2026-03-11T14:25:26.387457+00:00,19,G:diKxju-DnHk,Creep,Radiohead,97678,https://www.youtube.com/watch?v=XFkzRNyygfk,61
0x549012c02852ce7b:0x7a776aaa70782857,"Kirkland, Washington, United States",CITY,2026-03-11T14:39:32.020506+00:00,13,G:WSbCbK2F3pY,Gehra Hua,"Shashwat Sachdev, Arijit Singh, Irshad Kamil, Armaan Khan",1932,https://www.youtube.com/watch?v=GX9x62kFsVU,129
0x549054ee2b659567:0x62219c07ebb09e82,"Tacoma, Washington, United States",CITY,2026-03-11T14:25:27.814449+00:00,11,G:WVhqE2_wCY0,Folded,Kehlani,5586,https://www.youtube.com/watch?v=KFMYx1TibeQ,348
0x549058122dce6c0d:0x5d47c86dbf15005a,"Kent, Washington, United States",CITY,2026-03-11T14:26:38.464664+00:00,16,G:HaUBdT6yZFI,Gnarly,KATSEYE,3202,https://www.youtube.com/watch?v=R2-yomhYAj4,98
0x54905817fd0d36db:0xd4d9d813280ec095,"Federal Way, Washington, United States",CITY,2026-03-11T15:25:40.604432+00:00,17,G:WVhqE2_wCY0,Folded,Kehlani,2517,https://www.youtube.com/watch?v=KFMYx1TibeQ,348
0x54906bcfa3a66041:0xbacf5482ead00765,"Bellevue, Washington, United States",CITY,2026-03-11T14:32:59.393425+00:00,9,G:7YSkdhRDlkg,Aaya Sher,"Anirudh Ravichander, Jangi Reddy, Arjun Chandy, Kasarla Shyam",4397,https://www.youtube.com/watch?v=iAtoZar5W58,57
0x5491c9c1ae285569:0x4f146197e2881b83,"Olympia, Washington, United States",CITY,2026-03-11T14:44:52.579620+00:00,16,G:lv66M_R0ZlI,Opalite,Taylor Swift,1491,https://www.youtube.com/watch?v=3PJC6uPIekc,274
0x54936e7c9b9f6a55:0x7d4c65db7a0bb876,"Oregon, United States",SUBCOUNTRY,2026-03-11T14:16:03.829849+00:00,19,G:diKxju-DnHk,Creep,Radiohead,107880,https://www.youtube.com/watch?v=XFkzRNyygfk,61
0x5495055f56bce579:0x7d29ff866a33ed86,"Hillsboro, Oregon, United States",CITY,2026-03-11T14:16:11.338657+00:00,17,G:DYFO9ZFMYtY,Ya Borracho,Herencia De Grandes,2891,https://www.youtube.com/watch?v=7SsmyjVF1Oo,421
0x5495082476f88863:0x10e0cf158aacbd08,"Beaverton, Oregon, United States",CITY,2026-03-11T14:16:09.750316+00:00,10,G:lv66M_R0ZlI,Opalite,Taylor Swift,2850,https://www.youtube.com/watch?v=3PJC6uPIekc,274
0x54950b0b7da97427:0x1c36b9e6f6d18591,"Portland, Oregon, United States",CITY,2026-03-11T14:16:07.371803+00:00,18,G:KnTaGdimvnQ,Not Like Us,Kendrick Lamar,47051,https://www.youtube.com/watch?v=H58vbez_m4E,4
0x549575e85d2e60bb:0x9fc30a18adce5d2f,"Gresham, Oregon, United States",CITY,2026-03-11T14:37:07.112936+00:00,17,G:C-5U1VCTLrw,Sunflower,"Post Malone, Swae Lee",2467,https://www.youtube.com/watch?v=ApXoWvfEYVU,378
0x5495af63c85914f9:0x8456d5112c91e3f3,"Vancouver, Washington, United States",CITY,2026-03-11T14:19:14.071748+00:00,18,G:C5z7egbtL_Q,How It’s Done,"HUNTR/X, EJAE, AUDREY NUNA, REI AMI, KPop Demon Hunters Cast",4710,https://www.youtube.com/watch?v=QGsevnbItdU,195
0x5497625dd01644ff:0x1a3b860e719e7b4b,"Yakima, Washington, United States",CITY,2026-03-11T14:52:55.207424+00:00,12,G:tXJZzPCuZMg,Amor,Emmanuel Cortes,3646,https://www.youtube.com/watch?v=TX-1dI8t6WM,149
0x54987854e7f54da3:0x787d7dadae8c8ae0,"Kennewick, Washington, United States",CITY,2026-03-11T14:39:26.017098+00:00,18,G:tSJmmVygHPA,El Mayor de los Ranas,"Victor Valverde, Jr Torres",2245,https://www.youtube.com/watch?v=4Ez2wJnlwag,375
0x54987953225bd285:0x72449f1539863f0,"Pasco, Washington, United States",CITY,2026-03-11T14:45:31.812719+00:00,18,G:Iq5q6GGpJmY,Montagem Miau,Lenar,2352,https://www.youtube.com/watch?v=JJjEl_EVsLA,26
0x549e185c30bbe7e5:0xddfcc9d60b84d9b1,"Spokane, Washington, United States",CITY,2026-03-11T14:25:25.377698+00:00,19,G:2cpHZ0vMAS4,Sweater Weather,The Neighbourhood,4665,https://www.youtube.com/watch?v=GCdwKhTtNNw,29
0x54aca3a4c5b26eaf:0x24cb77ec2cf8c1aa,"Twin Falls, Idaho, United States",CITY,2026-03-11T15:24:32.838186+00:00,20,G:2cpHZ0vMAS4,Sweater Weather,The Neighbourhood,1397,https://www.youtube.com/watch?v=GCdwKhTtNNw,29
0x54ae4c694e97f129:0xae19866371324a52,"Nampa, Idaho, United States",CITY,2026-03-11T15:24:32.179675+00:00,17,G:4B9ulw10Uvs,I Got Better,Morgan Wallen,3008,https://www.youtube.com/watch?v=H1xu44kH5BE,139
0x54ae538b220ed685:0x536c60562646a434,"Meridian, Idaho, United States",CITY,2026-03-11T15:24:37.543896+00:00,20,G:2cpHZ0vMAS4,Sweater Weather,The Neighbourhood,2083,https://www.youtube.com/watch?v=GCdwKhTtNNw,29
0x54aef172e947b49d:0x9a5b989b36679d9b,"Boise, Idaho, United States",CITY,2026-03-11T15:24:32.669511+00:00,20,G:C5z7egbtL_Q,How It’s Done,"HUNTR/X, EJAE, AUDREY NUNA, REI AMI, KPop Demon Hunters Cast",9756,https://www.youtube.com/watch?v=QGsevnbItdU,195
0x54b8c0ffa5d3d251:0x1088e7acc720d1b4,"Bend, Oregon, United States",CITY,2026-03-11T14:32:59.589032+00:00,18,G:-rd2dCSDV74,Feel Good Inc.,Gorillaz,1288,https://www.youtube.com/watch?v=HyHNuVaZJ-k,3
0x54bffefcbc4b9c63:0xf93429e08f0357c2,"Salem, Oregon, United States",CITY,2026-03-11T14:16:08.476059+00:00,18,G:C5z7egbtL_Q,How It’s Done,"HUNTR/X, EJAE, AUDREY NUNA, REI AMI, KPop Demon Hunters Cast",4771,https://www.youtube.com/watch?v=QGsevnbItdU,195
0x54c119b0ac501919:0x57ec61894a43894d,"Eugene, Oregon, United States",CITY,2026-03-11T14:16:08.745097+00:00,7,G:6lQpODWqPF4,"The Moon Cave (feat. Asha Puthli, Bobby Womack, Jalen Ngonda & Jalen Ngonda and Black Thought)",Gorillaz,3492,https://www.youtube.com/watch?v=ucRulNQsuYQ,8
0x54cf7c5b37361f6d:0x7db736c5541136e,"Medford, Oregon, United States",CITY,2026-03-11T14:16:04.640684+00:00,16,G:AFW9N2zb_-U,Kryptonite,3 Doors Down,4339,https://www.youtube.com/watch?v=xPU8OAjjS4k,58
0x54d291d63b4a202f:0x1f3358ec7b360f57,"Redding, California, United States",CITY,2026-03-11T15:25:48.681817+00:00,19,G:2cpHZ0vMAS4,Sweater Weather,The Neighbourhood,2104,https://www.youtube.com/watch?v=GCdwKhTtNNw,29
0x54eab584e432360b:0x1c3bb99243deb742,United States,COUNTRY,2026-03-11T14:12:05.733284+00:00,15,G:4vR9qlKE5Cw,FDO,Pooh Shiesty,10620346,https://www.youtube.com/watch?v=MPuK06zUIhc,249
0x56c8917604b33f41:0x257dba5aa78468e3,"Anchorage, Alaska, United States",CITY,2026-03-11T14:12:43.206967+00:00,16,G:yWFreMZTbNs,Sailor Song,Gigi Perez,9792,https://www.youtube.com/watch?v=1lrFsXkT_rM,30
0x5beb1a032f51336b:0x32e00a48a227d58e,"Sakha Republic, Russia",SUBCOUNTRY,2026-03-11T14:55:45.502447+00:00,10,G:ma5fD_LxvUg,Homay,AY YOLA,5004,https://www.youtube.com/watch?v=V88rmlzIp5k,42
0x5bf63939a0d2c47d:0x69b4c4b35cafa2fb,"Yakutsk, Sakha Republic, Russia",CITY,2026-03-11T15:26:18.275959+00:00,10,G:ma5fD_LxvUg,Homay,AY YOLA,4178,https://www.youtube.com/watch?v=V88rmlzIp5k,42
0x5c35b1aa0b8162cf:0xd150d2dc718dbfb7,"Zabaykalsky Krai, Russia",SUBCOUNTRY,2026-03-11T14:56:15.155972+00:00,18,G:HOZ4HdExXAQ,Банкомат,Dead Blonde,1345,https://www.youtube.com/watch?v=m80jEPGrr7o,14
0x5c5879e6fa31bc9f:0x103c6af52459670,"Irkutsk Oblast, Russia",SUBCOUNTRY,2026-03-11T14:39:00.034267+00:00,20,G:xRTTt-A5q6M,OIIA OIIA (Spinning Cat),W&W,7837,https://www.youtube.com/watch?v=IxX_QHay02M,34
0x5ca88a91291d231f:0xd2695d442c35e12e,"Krasnoyarsk Krai, Russia",SUBCOUNTRY,2026-03-11T14:39:46.837420+00:00,13,G:aGNPWRMInjA,Лопаю Лайки,"Марьяна Локель, SteshOK, Вау Вероника, Макар Давыдов",18635,https://www.youtube.com/watch?v=udtYom0VMnc,13
0x5cd7afc9a1ff37e3:0xd597e1468fd647ff,"Krasnoyarsk, Krasnoyarsk Krai, Russia",CITY,2026-03-11T14:39:42.452484+00:00,13,G:aGNPWRMInjA,Лопаю Лайки,"Марьяна Локель, SteshOK, Вау Вероника, Макар Давыдов",12710,https://www.youtube.com/watch?v=udtYom0VMnc,13
0x5d2c22b82d2bb843:0x197273c24754fd70,"Abakan, Republic of Khakassia, Russia",CITY,2026-03-11T15:24:58.903748+00:00,17,G:vj9NGkV3YrY,Можно я с тобой,AP$ENT,613,https://www.youtube.com/watch?v=DJPekxRZ7UQ,8
0x5d96925be2b18aab:0x9b0c9b6bc4a1e851,"Ulaanbaatar, Mongolia",SUBCOUNTRY,2026-03-11T14:14:06.900722+00:00,1,G:qJ_m9pqwVH4,Тэнгри: Гэгээн (feat. Ninjin & Monjigo),Thunderz,2218217,https://www.youtube.com/watch?v=owNpbh-UhHs,3
0x5d96925be2b18aab:0xe606927864a1847f,"Ulaanbaatar, Ulaanbaatar, Mongolia",CITY,2026-03-11T14:14:01.698290+00:00,1,G:qJ_m9pqwVH4,Тэнгри: Гэгээн (feat. Ninjin & Monjigo),Thunderz,2199076,https://www.youtube.com/watch?v=owNpbh-UhHs,3
0x5da83ad353e2f665:0x31d6cd1456d8e94e,"Irkutsk, Irkutsk Oblast, Russia",CITY,2026-03-11T14:38:54.405730+00:00,20,G:M8CgPhGRhEs,"Сыпь, гармоника!",СДП,3877,https://www.youtube.com/watch?v=JsZhtUjeQAE,37
0x5dacfb1131848fe7:0x103c6af52459440,"Buryatia, Russia",SUBCOUNTRY,2026-03-11T14:34:49.993585+00:00,9,G:xRTTt-A5q6M,OIIA OIIA (Spinning Cat),W&W,4458,https://www.youtube.com/watch?v=IxX_QHay02M,34
0x5dafdb196f6730cb:0x38da928c03aec496,"Ulan-Ude, Buryatia, Russia",CITY,2026-03-11T14:34:44.072201+00:00,20,G:ihSAPtV0u8Y,Ягода малинка,Khabib,2732,https://www.youtube.com/watch?v=Rt2zZSaOFtw,5
0x5dca351539f218ed:0x76432ffaf2ae72d8,"Chita, Zabaykalsky Krai, Russia",CITY,2026-03-11T15:25:05.092434+00:00,14,G:R6eJwQUZPJo,ループザルーム (feat. Hatsune Miku),rusino,1004,https://www.youtube.com/watch?v=icBDYkfxpMs,44
0x5e8947a60aa8bf37:0x356038b921707c61,"Blagoveshchensk, Amur Oblast, Russia",CITY,2026-03-11T14:33:27.444467+00:00,17,G:BpxlqlBCvYw,speed,dabbackwood,928,https://www.youtube.com/watch?v=PwEj4Iq1Kzg,12
0x5e9b0b7f8a9bbe89:0x1045834396f95d0,"Amur Oblast, Russia",SUBCOUNTRY,2026-03-11T14:54:45.288762+00:00,18,G:H_MoP3aNmOc,Duymasi (feat. Roshka),Boburbek Arapbaev,1975,https://www.youtube.com/watch?v=JDWX6dd8qmE,4
0x5eb7ba84e6f50047:0x3d95b5be6f643c19,"Khabarovsk Krai, Russia",SUBCOUNTRY,2026-03-11T14:55:18.222245+00:00,20,G:5YElWCDPbOA,СВЕТЛАНА!,NEXTIME,3836,https://www.youtube.com/watch?v=KLbkyunVsnY,67
0x5ee85089d87fcf4b:0x63a4cf4a513c2e68,"Komsomolsk-on-Amur, Khabarovsk Krai, Russia",CITY,2026-03-11T14:39:33.933932+00:00,20,G:2RTjpP3tVoQ,LUA NA PRAÇA,"Dj Samir, DJ Zarek, Dj Duda, LUNxdiE",630,https://www.youtube.com/watch?v=iLfVnU23E34,11
0x5f0ad4755a973633:0x33937e9d4687bad5,"Sapporo, Hokkaido, Japan",CITY,2026-03-11T14:08:30.935942+00:00,17,G:0a6tfAbMfWI,SAD SONG (feat. No No Girls),CHANMINA,258909,https://www.youtube.com/watch?v=CFBStXempJY,16
0x5f19016b4f195737:0x848c2ae7bb49394b,"Yuzhno-Sakhalinsk, Sakhalin Oblast, Russia",CITY,2026-03-11T15:26:20.027931+00:00,19,G:ma5fD_LxvUg,Homay,AY YOLA,901,https://www.youtube.com/watch?v=V88rmlzIp5k,42
0x5f2c2f5254f56009:0x1045834396f9820,"Sakhalin Oblast, Russia",SUBCOUNTRY,2026-03-11T14:55:54.695260+00:00,20,G:ma5fD_LxvUg,Homay,AY YOLA,1061,https://www.youtube.com/watch?v=V88rmlzIp5k,42
0x5f85755195bcfe01:0x1f3c2dde5b005696,"Morioka, Iwate, Japan",CITY,2026-03-11T14:17:50.097386+00:00,18,G:XawzUHfoJRA,一秒 (Live) ,SixTONES,12122,https://www.youtube.com/watch?v=IpJtFH90Qvc,20
0x5f8590d0ed093a23:0x662c817ee87f406c,"Iwate, Japan",SUBCOUNTRY,2026-03-11T14:17:52.536631+00:00,15,G:jj1OX3Yf7Xg,バブるバブル ,MADAMADA,37601,https://www.youtube.com/watch?v=dnXc48FLyE4,53
0x5f8892ddfbe0dc71:0xce6fb9385107a4ad,"Miyagi, Japan",SUBCOUNTRY,2026-03-11T15:24:29.319376+00:00,18,G:FXYluXQOGFc,イイじゃん,M!LK,89937,https://www.youtube.com/watch?v=GW-XMhRQDFI,63
0x5f8a2aee30cd55d3:0xba2579e0b846b1ee,"Sendai, Miyagi, Japan",CITY,2026-03-11T15:24:29.880021+00:00,20,G:0a6tfAbMfWI,SAD SONG (feat. No No Girls),CHANMINA,58294,https://www.youtube.com/watch?v=CFBStXempJY,16
0x5f8a8ed12a3a4dd9:0xc064d0fc14fe346,"Fukushima, Fukushima, Japan",CITY,2026-03-11T14:26:44.611355+00:00,17,G:XawzUHfoJRA,一秒 (Live) ,SixTONES,10013,https://www.youtube.com/watch?v=IpJtFH90Qvc,20
0x5f8bca074b9d6e51:0xa6b2924e0dbf31eb,"Yamagata, Yamagata, Japan",CITY,2026-03-11T14:27:05.731223+00:00,20,G:XawzUHfoJRA,一秒 (Live) ,SixTONES,10083,https://www.youtube.com/watch?v=IpJtFH90Qvc,20
0x5f8bec7787e8e26d:0xe6dcc4b069648f5e,"Yamagata, Japan",SUBCOUNTRY,2026-03-11T14:27:11.277054+00:00,19,G:9MsLol5apWI,ビバリウム,Ado,29032,https://www.youtube.com/watch?v=YvYii6dluM8,36
0x5f8c85f6d84a3b01:0xb48bd9847cddf348,"Niigata, Japan",SUBCOUNTRY,2026-03-11T14:16:24.782720+00:00,15,G:JX6oKX5HDik,3XL,Number_i,92790,https://www.youtube.com/watch?v=WzG4uF_afwE,60
0x5f8feaaf4d415e85:0x95eb25914685bab1,"Akita, Akita, Japan",CITY,2026-03-11T14:28:57.505637+00:00,18,G:XawzUHfoJRA,一秒 (Live) ,SixTONES,10983,https://www.youtube.com/watch?v=IpJtFH90Qvc,20
0x5f8feb5ed12ef1bf:0x9a7dfbec605c1c12,"Akita, Japan",SUBCOUNTRY,2026-03-11T14:29:02.020359+00:00,20,G:9MsLol5apWI,ビバリウム,Ado,23607,https://www.youtube.com/watch?v=YvYii6dluM8,36
0x5f9b4d6d1a08926b:0x5de124698da3784,"Hachinohe, Aomori, Japan",CITY,2026-03-11T14:19:36.872566+00:00,19,G:GuyTxWPF-gQ,Tiger,HANA,7933,https://www.youtube.com/watch?v=DX_zuR10ZVY,17
0x5f9b9bbd202fad47:0xa905ae9fa600f9a3,"Aomori, Japan",SUBCOUNTRY,2026-03-11T14:19:37.149582+00:00,13,G:jj1OX3Yf7Xg,バブるバブル ,MADAMADA,44016,https://www.youtube.com/watch?v=dnXc48FLyE4,53
0x5f9b9ff01c2b6aa3:0xffc62d9c6d85a17e,"Aomori, Aomori, Japan",CITY,2026-03-11T14:19:43.013748+00:00,18,G:jj1OX3Yf7Xg,バブるバブル ,MADAMADA,10771,https://www.youtube.com/watch?v=dnXc48FLyE4,53
0x5f9e5c2dd5bc4d21:0x917d7d2a9678c35b,"Hakodate, Hokkaido, Japan",CITY,2026-03-11T14:21:19.717380+00:00,15,G:jj1OX3Yf7Xg,バブるバブル ,MADAMADA,10792,https://www.youtube.com/watch?v=dnXc48FLyE4,53
0x5f9f59209f6c888b:0x1c3cc3564fce038f,"Hokkaido, Japan",SUBCOUNTRY,2026-03-11T14:08:27.755463+00:00,20,G:0a6tfAbMfWI,SAD SONG (feat. No No Girls),CHANMINA,337969,https://www.youtube.com/watch?v=CFBStXempJY,16
0x5faadb57dee96537:0x7e7b7d06607faafe,"Primorsky Krai, Russia",SUBCOUNTRY,2026-03-11T14:55:43.055439+00:00,20,G:unB6rY3Q3B4,Взгляни на небо,Galibri & Mavik,6552,https://www.youtube.com/watch?v=Sxwc6vxA4BY,27
0x5fb2e82c7a30123d:0x3ea6992838cb31b3,"Ussuriysk, Primorsky Krai, Russia",CITY,2026-03-11T14:51:40.945723+00:00,14,G:M8CgPhGRhEs,"Сыпь, гармоника!",СДП,532,https://www.youtube.com/watch?v=JsZhtUjeQAE,37
0x5fb39cba5249d485:0x186704d4dd967e35,"Vladivostok, Primorsky Krai, Russia",CITY,2026-03-11T14:52:06.207541+00:00,19,G:IlSTRmoS_j0,Zhurek (Isko Alvarez remix),Adam,4661,https://www.youtube.com/watch?v=N3onZdIIPh0,12
0x5fd8bcf47b703db1:0x7af4c058b4253fc8,"Sokcho-si, Gangwon-do, South Korea",CITY,2026-03-11T14:15:10.227073+00:00,18,G:h_bIUkcvlVM,Eternal Moment,Lim Young-woong,3066,https://www.youtube.com/watch?v=sFK89gemgKM,25
0x5ff17e5ec1bc1aef:0x4bd43c138d189ab4,"Ishikawa, Japan",SUBCOUNTRY,2026-03-11T15:24:53.201837+00:00,20,G:JX6oKX5HDik,3XL,Number_i,37816,https://www.youtube.com/watch?v=WzG4uF_afwE,60
0x5ff4c5c255c7c0f7:0xf1509bcbc990230d,"Niigata, Niigata, Japan",CITY,2026-03-11T14:16:25.465499+00:00,16,G:JX6oKX5HDik,3XL,Number_i,51014,https://www.youtube.com/watch?v=WzG4uF_afwE,60
0x5ff7921409b6c649:0x7c9341c058815173,"Toyama, Japan",SUBCOUNTRY,2026-03-11T14:19:32.990421+00:00,15,G:jj1OX3Yf7Xg,バブるバブル ,MADAMADA,34018,https://www.youtube.com/watch?v=dnXc48FLyE4,53
0x5ff7f20918176af5:0x6d5abf97791f1de3,"Toyama, Toyama, Japan",CITY,2026-03-11T14:19:34.027510+00:00,20,G:9MsLol5apWI,ビバリウム,Ado,16734,https://www.youtube.com/watch?v=YvYii6dluM8,36
0x5ff83655468566c3:0x8df155c46fde6215,"Kanazawa, Ishikawa, Japan",CITY,2026-03-11T15:24:53.346877+00:00,17,G:JX6oKX5HDik,3XL,Number_i,22790,https://www.youtube.com/watch?v=WzG4uF_afwE,60
0x5ff8beaf3b742b4f:0xa41b1476580dbbbd,"Fukui, Fukui, Japan",CITY,2026-03-11T14:18:47.341949+00:00,19,G:9MsLol5apWI,ビバリウム,Ado,10712,https://www.youtube.com/watch?v=YvYii6dluM8,36
0x5fff55a870acbe11:0xa215f311ee70e60,"Fukui, Japan",SUBCOUNTRY,2026-03-11T14:18:43.688654+00:00,12,G:jj1OX3Yf7Xg,バブるバブル ,MADAMADA,29346,https://www.youtube.com/watch?v=dnXc48FLyE4,53
0x5fff7420f91f1b61:0x590a7bc238b19538,"Kyoto, Japan",SUBCOUNTRY,2026-03-11T14:16:27.131317+00:00,18,G:QjwvEaovwA8,NON STOP,HANA,128170,https://www.youtube.com/watch?v=St6UOLqRAGY,84
0x60005f7a56557af9:0xc7a7391c822060c4,"Takarazuka, Hyogo, Japan",CITY,2026-03-11T14:15:54.064354+00:00,19,G:jwTg2A-R4MA,BANQUET BANG,MAZZEL,5381,https://www.youtube.com/watch?v=KmWhrWESKPU,1
0x60007d812aed89d9:0xc7126106c2f670f4,"Kobe, Hyogo, Japan",CITY,2026-03-11T14:15:47.505651+00:00,19,G:FXYluXQOGFc,イイじゃん,M!LK,92731,https://www.youtube.com/watch?v=GW-XMhRQDFI,63
0x6000b28519bc7e79:0x8fce76d4fd4f71ca,"Wakayama, Wakayama, Japan",CITY,2026-03-11T14:16:40.642583+00:00,17,G:9MsLol5apWI,ビバリウム,Ado,16328,https://www.youtube.com/watch?v=YvYii6dluM8,36
0x6000c9b2ff83062b:0x6fe5dede9d4ff6ea,"Izumisano, Osaka, Japan",CITY,2026-03-11T14:39:05.133628+00:00,16,G:nHYUXqIK_AI,Star Wish,STARGLOW,2835,https://www.youtube.com/watch?v=-Fhuw0VzelM,1
0x6000da67aec56b5b:0xbeb7d49ef698a420,"Sakai, Osaka, Japan",CITY,2026-03-11T14:14:08.782135+00:00,20,G:jj1OX3Yf7Xg,バブるバブル ,MADAMADA,43954,https://www.youtube.com/watch?v=dnXc48FLyE4,53
0x6000e4a6bda73c45:0x527cc777508a7d95,"Suita, Osaka, Japan",CITY,2026-03-11T14:14:14.729841+00:00,19,G:QjwvEaovwA8,NON STOP,HANA,12275,https://www.youtube.com/watch?v=St6UOLqRAGY,84
0x6000e5334557fe35:0x77f0a5585071d563,"Toyonaka, Osaka, Japan",CITY,2026-03-11T14:14:14.401349+00:00,13,G:JX6oKX5HDik,3XL,Number_i,15818,https://www.youtube.com/watch?v=WzG4uF_afwE,60
0x6000e6553406e2e1:0xc55bc16ee46a2fe7,"Osaka, Osaka, Japan",CITY,2026-03-11T14:08:20.984337+00:00,19,G:53n81ZIhKGs,怪獣の花唄 ,Vaundy,481089,https://www.youtube.com/watch?v=UM9XNpgrqVk,6
0x6000e86b2acc70d7:0xa399ff48811f596d,"Osaka, Japan",SUBCOUNTRY,2026-03-11T14:08:22.177598+00:00,19,G:0a6tfAbMfWI,SAD SONG (feat. No No Girls),CHANMINA,681342,https://www.youtube.com/watch?v=CFBStXempJY,16
0x6000efb488f2c329:0x93978126e69f7a8d,"Amagasaki, Hyogo, Japan",CITY,2026-03-11T14:15:50.590290+00:00,20,G:XawzUHfoJRA,一秒 (Live) ,SixTONES,13544,https://www.youtube.com/watch?v=IpJtFH90Qvc,20
0x6000f4a8e56dca8b:0xc18c2d78725d5a70,"Nishinomiya, Hyogo, Japan",CITY,2026-03-11T14:15:44.012840+00:00,10,G:JX6oKX5HDik,3XL,Number_i,24643,https://www.youtube.com/watch?v=WzG4uF_afwE,60
0x600102620847b5a7:0xbe4451ac28f4201d,"Takatsuki, Osaka, Japan",CITY,2026-03-11T14:50:59.329110+00:00,20,G:FXYluXQOGFc,イイじゃん,M!LK,11385,https://www.youtube.com/watch?v=GW-XMhRQDFI,63
0x60011b88c5dd7c87:0xa48a7fa837e1a5a4,"Hirakata, Osaka, Japan",CITY,2026-03-11T14:14:17.192054+00:00,16,G:JX6oKX5HDik,3XL,Number_i,21076,https://www.youtube.com/watch?v=WzG4uF_afwE,60
0x6001206044b1e4bd:0xa6b71e68f4c4e7e5,"Higashiosaka, Osaka, Japan",CITY,2026-03-11T14:14:13.943899+00:00,20,G:JX6oKX5HDik,3XL,Number_i,18302,https://www.youtube.com/watch?v=WzG4uF_afwE,60
0x600137c578a70cc1:0x4afed9b0b9492622,"Nara, Nara, Japan",CITY,2026-03-11T14:19:44.608344+00:00,19,G:vQIf74sv4Bc,Theater,King & Prince,16035,https://www.youtube.com/watch?v=miF9eiOuiGo,2
0x6001724567c96bfb:0x684c7c99280299ed,"Kusatsu, Shiga, Japan",CITY,2026-03-11T15:23:47.138414+00:00,18,G:XawzUHfoJRA,一秒 (Live) ,SixTONES,4837,https://www.youtube.com/watch?v=IpJtFH90Qvc,20
0x600174ece1b10c2d:0x8bccbbd569908646,"Otsu, Shiga, Japan",CITY,2026-03-11T15:23:46.955779+00:00,20,G:9MsLol5apWI,ビバリウム,Ado,19752,https://www.youtube.com/watch?v=YvYii6dluM8,36
0x60017f54840a177d:0x4412e436db7c88d0,"Shiga, Japan",SUBCOUNTRY,2026-03-11T15:23:47.916352+00:00,20,G:9MsLol5apWI,ビバリウム,Ado,44194,https://www.youtube.com/watch?v=YvYii6dluM8,36
0x6001a8d6cd3cc3f1:0xc0961d366bbb1d3d,"Kyoto, Kyoto, Japan",CITY,2026-03-11T14:16:34.322710+00:00,17,G:QjwvEaovwA8,NON STOP,HANA,106658,https://www.youtube.com/watch?v=St6UOLqRAGY,84
0x6002f1f20a88c38b:0xaf2714adeeccd667,"Gifu, Japan",SUBCOUNTRY,2026-03-11T14:12:30.085866+00:00,20,G:XawzUHfoJRA,一秒 (Live) ,SixTONES,54315,https://www.youtube.com/watch?v=IpJtFH90Qvc,20
0x6003709e107b2365:0x2a9622d4e8ceb352,"Nagoya, Aichi, Japan",CITY,2026-03-11T14:08:26.515355+00:00,18,G:0a6tfAbMfWI,SAD SONG (feat. No No Girls),CHANMINA,270204,https://www.youtube.com/watch?v=CFBStXempJY,16
0x600392853152b2a5:0xdeff06ba7db83931,"Yokkaichi, Mie, Japan",CITY,2026-03-11T14:16:36.159026+00:00,19,G:9MsLol5apWI,ビバリウム,Ado,11365,https://www.youtube.com/watch?v=YvYii6dluM8,36
0x6003abd3dcb01f7f:0x94fbfc3b6d00644c,"Gifu, Gifu, Japan",CITY,2026-03-11T14:12:29.577948+00:00,20,G:XawzUHfoJRA,一秒 (Live) ,SixTONES,17986,https://www.youtube.com/watch?v=IpJtFH90Qvc,20
0x60040f81cd869f5b:0xe47afd5b8431ac78,"Tsu, Mie, Japan",CITY,2026-03-11T14:16:43.415950+00:00,15,G:JX6oKX5HDik,3XL,Number_i,10547,https://www.youtube.com/watch?v=WzG4uF_afwE,60
0x60043df54a474163:0x429e72fe7d388728,"Mie, Japan",SUBCOUNTRY,2026-03-11T14:16:38.195298+00:00,20,G:jj1OX3Yf7Xg,バブるバブル ,MADAMADA,55975,https://www.youtube.com/watch?v=dnXc48FLyE4,53
0x6004a86772f821e3:0x84c650390ac80a88,"Toyota, Aichi, Japan",CITY,2026-03-11T15:24:05.819348+00:00,18,G:JX6oKX5HDik,3XL,Number_i,18034,https://www.youtube.com/watch?v=WzG4uF_afwE,60
0x6004bad5499332e7:0xeb5fa65d181541a7,"Aichi, Japan",SUBCOUNTRY,2026-03-11T14:08:30.287832+00:00,20,G:JX6oKX5HDik,3XL,Number_i,417168,https://www.youtube.com/watch?v=WzG4uF_afwE,60
0x6006c72a378527d3:0xea476003f6e9c172,"Nara, Japan",SUBCOUNTRY,2026-03-11T14:19:43.063426+00:00,20,G:9MsLol5apWI,ビバリウム,Ado,38126,https://www.youtube.com/watch?v=YvYii6dluM8,36
0x600704f2b4a102d7:0xd44833f16fe04f9d,"Wakayama, Japan",SUBCOUNTRY,2026-03-11T14:16:43.368255+00:00,18,G:9MsLol5apWI,ビバリウム,Ado,26131,https://www.youtube.com/watch?v=YvYii6dluM8,36
0x60183f970a869e57:0x5220e231a4d9673f,"Yokosuka, Kanagawa, Japan",CITY,2026-03-11T14:12:16.192541+00:00,15,G:JX6oKX5HDik,3XL,Number_i,12570,https://www.youtube.com/watch?v=WzG4uF_afwE,60
0x6018518de700c4f5:0x347bbe959a029ba8,"Fujisawa, Kanagawa, Japan",CITY,2026-03-11T14:12:16.384306+00:00,20,G:FXYluXQOGFc,イイじゃん,M!LK,13779,https://www.youtube.com/watch?v=GW-XMhRQDFI,63
0x601854c7fb67d4ab:0x11f79cd042272356,"Kanagawa, Japan",SUBCOUNTRY,2026-03-11T14:08:24.892594+00:00,17,G:JX6oKX5HDik,3XL,Number_i,515817,https://www.youtube.com/watch?v=WzG4uF_afwE,60
0x60185becbbb66509:0x69683f660285400,"Yokohama, Kanagawa, Japan",CITY,2026-03-11T14:08:28.162680+00:00,17,G:JX6oKX5HDik,3XL,Number_i,274207,https://www.youtube.com/watch?v=WzG4uF_afwE,60
0x60185f7b01bd5057:0x88c9f317cacfd3cb,"Kawasaki, Kanagawa, Japan",CITY,2026-03-11T14:12:13.127248+00:00,15,G:JX6oKX5HDik,3XL,Number_i,107561,https://www.youtube.com/watch?v=WzG4uF_afwE,60
0x60186052c1a36643:0x4fc26aac505c0d49,"Ota City, Tokyo, Japan",CITY,2026-03-11T14:16:46.220567+00:00,14,G:JX6oKX5HDik,3XL,Number_i,60069,https://www.youtube.com/watch?v=WzG4uF_afwE,60
0x60188021854c5eb7:0x8128bb400a876b09,"Funabashi, Chiba, Japan",CITY,2026-03-11T14:12:53.095867+00:00,20,G:XawzUHfoJRA,一秒 (Live) ,SixTONES,26633,https://www.youtube.com/watch?v=IpJtFH90Qvc,20
0x6018837c157a353d:0xe9a6e851b12a2799,"Matsudo, Chiba, Japan",CITY,2026-03-11T14:12:59.606457+00:00,20,G:nulkh8ITCG8,Rebellion,SixTONES,17515,https://www.youtube.com/watch?v=MLPkxjD2J4k,3
0x601886d6050f14c7:0xff20e99af91ac539,"Ichikawa, Chiba, Japan",CITY,2026-03-11T14:12:51.863257+00:00,20,G:XawzUHfoJRA,一秒 (Live) ,SixTONES,19944,https://www.youtube.com/watch?v=IpJtFH90Qvc,20
0x60188bbbb41922f3:0x33ebfd75f2f06cac,"Minato City, Tokyo, Japan",CITY,2026-03-11T14:16:46.475560+00:00,20,G:Rc_AAK-8Z1s,とくべチュ、して,=LOVE,72007,https://www.youtube.com/watch?v=F3P8vcZkIh4,4
0x60188c0c0b13f54d:0xb630953beee48188,"Chiyoda City, Tokyo, Japan",CITY,2026-03-11T14:16:50.585214+00:00,19,G:Rc_AAK-8Z1s,とくべチュ、して,=LOVE,67035,https://www.youtube.com/watch?v=F3P8vcZkIh4,4
0x60188cb2eb3108d1:0xf11cd9b2395b6677,"Shibuya, Tokyo, Japan",CITY,2026-03-11T14:16:45.529271+00:00,19,G:Rc_AAK-8Z1s,とくべチュ、して,=LOVE,102545,https://www.youtube.com/watch?v=F3P8vcZkIh4,4
0x60188d2059b7fd4b:0xec61c68fe232efd2,"Shinjuku City, Tokyo, Japan",CITY,2026-03-11T14:08:35.349872+00:00,20,G:Rc_AAK-8Z1s,とくべチュ、して,=LOVE,145883,https://www.youtube.com/watch?v=F3P8vcZkIh4,4
0x6018948a0c9ceef7:0xb7b232bac1bbd9a0,"Kawaguchi, Saitama, Japan",CITY,2026-03-11T14:15:18.820688+00:00,19,G:9MsLol5apWI,ビバリウム,Ado,23912,https://www.youtube.com/watch?v=YvYii6dluM8,36
0x60189617e8b4d773:0xceda2ebeadc3fbc2,"Koshigaya, Saitama, Japan",CITY,2026-03-11T14:15:27.600417+00:00,14,G:JX6oKX5HDik,3XL,Number_i,16027,https://www.youtube.com/watch?v=WzG4uF_afwE,60
0x60189d534644f8c5:0x2f719703fd7ae716,"Kashiwa, Chiba, Japan",CITY,2026-03-11T14:12:59.321813+00:00,18,G:JX6oKX5HDik,3XL,Number_i,18058,https://www.youtube.com/watch?v=WzG4uF_afwE,60
0x6018c1205c87e7af:0x8c74f2c0bfa2f65e,"Saitama, Saitama, Japan",CITY,2026-03-11T14:15:15.374612+00:00,20,G:XawzUHfoJRA,一秒 (Live) ,SixTONES,92496,https://www.youtube.com/watch?v=IpJtFH90Qvc,20
0x6018da49f61066b7:0xdfd5d75b60b9af9e,"Kawagoe, Saitama, Japan",CITY,2026-03-11T14:15:25.425842+00:00,20,G:XawzUHfoJRA,一秒 (Live) ,SixTONES,13010,https://www.youtube.com/watch?v=IpJtFH90Qvc,20
0x6018ddc190683269:0x5d5263fd8075d024,"Tokorozawa, Saitama, Japan",CITY,2026-03-11T14:15:18.902867+00:00,11,G:JX6oKX5HDik,3XL,Number_i,15911,https://www.youtube.com/watch?v=WzG4uF_afwE,60
0x6018f38bdd6d8d61:0x4ebc10d2858da879,"Setagaya City, Tokyo, Japan",CITY,2026-03-11T14:16:47.724650+00:00,11,G:JX6oKX5HDik,3XL,Number_i,87437,https://www.youtube.com/watch?v=WzG4uF_afwE,60
0x60191b3fdc3418d1:0xfe65b16187c0be03,"Sagamihara, Kanagawa, Japan",CITY,2026-03-11T14:12:17.929593+00:00,13,G:JX6oKX5HDik,3XL,Number_i,33684,https://www.youtube.com/watch?v=WzG4uF_afwE,60
0x60191eb9b729f437:0x27d80e549d4e1c62,"Hachioji, Tokyo, Japan",CITY,2026-03-11T14:37:17.197935+00:00,17,G:JX6oKX5HDik,3XL,Number_i,36033,https://www.youtube.com/watch?v=WzG4uF_afwE,60
0x60192a8d477b01e9:0xfed91267aa80526c,"Saitama, Japan",SUBCOUNTRY,2026-03-11T14:15:17.316500+00:00,16,G:JX6oKX5HDik,3XL,Number_i,328027,https://www.youtube.com/watch?v=WzG4uF_afwE,60
0x601b162de5079791:0x67a49b39e2edf623,"Hamamatsu, Shizuoka, Japan",CITY,2026-03-11T14:29:16.051237+00:00,19,G:FXYluXQOGFc,イイじゃん,M!LK,41604,https://www.youtube.com/watch?v=GW-XMhRQDFI,63
0x601bb6ce8cb0c32f:0xfcfa66ebdf6f1655,"Shizuoka, Japan",SUBCOUNTRY,2026-03-11T14:29:15.640027+00:00,17,G:JX6oKX5HDik,3XL,Number_i,143929,https://www.youtube.com/watch?v=WzG4uF_afwE,60
0x601bbf207a58856f:0xadc77626a8878101,"Shizuoka, Shizuoka, Japan",CITY,2026-03-11T14:29:17.035408+00:00,17,G:JX6oKX5HDik,3XL,Number_i,35066,https://www.youtube.com/watch?v=WzG4uF_afwE,60
0x601be3729342ee21:0x7304e8e48f9f6eaa,"Yamanashi, Japan",SUBCOUNTRY,2026-03-11T14:13:22.649540+00:00,20,G:9MsLol5apWI,ビバリウム,Ado,24127,https://www.youtube.com/watch?v=YvYii6dluM8,36
0x601bf850977851a9:0xc276c11755ca7309,"Kofu, Yamanashi, Japan",CITY,2026-03-11T14:13:18.444756+00:00,19,G:XawzUHfoJRA,一秒 (Live) ,SixTONES,7856,https://www.youtube.com/watch?v=IpJtFH90Qvc,20
0x601d012318c98c6b:0x25c2b4f04bf0b94,"Nagano, Japan",SUBCOUNTRY,2026-03-11T14:27:18.533697+00:00,18,G:9MsLol5apWI,ビバリウム,Ado,81838,https://www.youtube.com/watch?v=YvYii6dluM8,36
0x601d1400e84368c7:0xcb8d6d363210cddd,"Matsumoto, Nagano, Japan",CITY,2026-03-11T14:27:22.453049+00:00,20,G:XawzUHfoJRA,一秒 (Live) ,SixTONES,10092,https://www.youtube.com/watch?v=IpJtFH90Qvc,20
0x601d805de6344499:0xf128a974072892c8,"Nagano, Nagano, Japan",CITY,2026-03-11T14:27:22.029709+00:00,19,G:XawzUHfoJRA,一秒 (Live) ,SixTONES,16821,https://www.youtube.com/watch?v=IpJtFH90Qvc,20
0x601e6085c836ae59:0xd799356889717292,"Gunma, Japan",SUBCOUNTRY,2026-03-11T14:24:37.846768+00:00,20,G:9MsLol5apWI,ビバリウム,Ado,59758,https://www.youtube.com/watch?v=YvYii6dluM8,36
0x601e889b70261815:0xed6a8c78b096bf51,"Takasaki, Gunma, Japan",CITY,2026-03-11T14:24:35.653268+00:00,17,G:FXYluXQOGFc,イイじゃん,M!LK,14846,https://www.youtube.com/watch?v=GW-XMhRQDFI,63
0x601ef3ddea67b0ad:0xdf83af6546ce3e54,"Maebashi, Gunma, Japan",CITY,2026-03-11T14:24:34.333850+00:00,19,G:9MsLol5apWI,ビバリウム,Ado,13848,https://www.youtube.com/watch?v=YvYii6dluM8,36
0x601f666c9356803b:0xc9357749798654c2,"Utsunomiya, Tochigi, Japan",CITY,2026-03-11T14:26:52.524991+00:00,19,G:JX6oKX5HDik,3XL,Number_i,29895,https://www.youtube.com/watch?v=WzG4uF_afwE,60
0x601f70556b9715ed:0x6d65459eb920d007,"Tochigi, Japan",SUBCOUNTRY,2026-03-11T14:26:52.016677+00:00,20,G:jj1OX3Yf7Xg,バブるバブル ,MADAMADA,65287,https://www.youtube.com/watch?v=dnXc48FLyE4,53
0x602004816ddcd52f:0x341fa6c1d0d6465c,"Fukushima, Japan",SUBCOUNTRY,2026-03-11T14:26:43.189685+00:00,13,G:jj1OX3Yf7Xg,バブるバブル ,MADAMADA,63791,https://www.youtube.com/watch?v=dnXc48FLyE4,53
0x60200d991cc0aa93:0xb24e911473db36cb,"Koriyama, Fukushima, Japan",CITY,2026-03-11T14:26:44.587475+00:00,20,G:jj1OX3Yf7Xg,バブるバブル ,MADAMADA,12318,https://www.youtube.com/watch?v=dnXc48FLyE4,53
0x60210447d5208bc7:0x807a04d828077453,"Iwaki, Fukushima, Japan",CITY,2026-03-11T14:26:44.184207+00:00,20,G:9MsLol5apWI,ビバリウム,Ado,10619,https://www.youtube.com/watch?v=YvYii6dluM8,36
0x60220bebeb830b69:0x6a50beac31c4b783,"Tsukuba, Ibaraki, Japan",CITY,2026-03-11T15:24:44.639245+00:00,20,G:FXYluXQOGFc,イイじゃん,M!LK,14280,https://www.youtube.com/watch?v=GW-XMhRQDFI,63
0x6022185bef27c217:0x9a4afb839b78c580,"Ibaraki, Japan",SUBCOUNTRY,2026-03-11T15:24:43.702173+00:00,19,G:FXYluXQOGFc,イイじゃん,M!LK,118708,https://www.youtube.com/watch?v=GW-XMhRQDFI,63
0x6022243f9f62c197:0xdd18887b2b7be65e,"Mito, Ibaraki, Japan",CITY,2026-03-11T15:24:44.089252+00:00,19,G:9MsLol5apWI,ビバリウム,Ado,17345,https://www.youtube.com/watch?v=YvYii6dluM8,36
0x60229ac1c8eec4df:0x689c0bdcac1d91e6,"Chiba, Chiba, Japan",CITY,2026-03-11T14:12:51.113851+00:00,18,G:JX6oKX5HDik,3XL,Number_i,73516,https://www.youtube.com/watch?v=WzG4uF_afwE,60
0x60229b5fd61b9511:0x1cb677dbffe07bbe,"Chiba, Japan",SUBCOUNTRY,2026-03-11T14:13:00.629953+00:00,18,G:JX6oKX5HDik,3XL,Number_i,280238,https://www.youtube.com/watch?v=WzG4uF_afwE,60
0x605d1b87f02e57e7:0x2e01618b22571b89,"Tokyo, Japan",SUBCOUNTRY,2026-03-11T14:08:25.009515+00:00,20,G:FXYluXQOGFc,イイじゃん,M!LK,1442652,https://www.youtube.com/watch?v=GW-XMhRQDFI,63
0x66d8b13490995c51:0x9db7ebab7c3a0e32,Northern Mariana Islands,COUNTRY,2026-03-11T15:24:07.212855+00:00,14,G:-F_9eDoR6wQ,Unwritten,Maoli,4553,https://www.youtube.com/watch?v=wTWgk_IhY9o,1
0x671f76ff930f24ef:0x5571ae91c5b3e5a6,Guam,COUNTRY,2026-03-11T15:26:33.889836+00:00,1,G:xjChz18XxkM,Cruise,Lomez Brown,20688,https://www.youtube.com/watch?v=SHYJ4X7-QyU,5
0x6aa7589e5be8c7f3:0xdb7e79993dfad0d8,"South Australia, Australia",SUBCOUNTRY,2026-03-11T15:23:22.534184+00:00,18,G:g_YLYpev3ls,Iris,The Goo Goo Dolls,44531,https://www.youtube.com/watch?v=NdYWuo9OFAw,195
0x6ab735c7c526b33f:0x4033654628ec640,"Adelaide, South Australia, Australia",CITY,2026-03-11T14:02:03.641576+00:00,18,G:g_YLYpev3ls,Iris,The Goo Goo Dolls,42248,https://www.youtube.com/watch?v=NdYWuo9OFAw,195
0x6ad4314b7e18954f:0x5a4efce2be829534,"Victoria, Australia",SUBCOUNTRY,2026-03-11T14:01:23.814553+00:00,20,G:0fJQfvpDi4U,BIRDS OF A FEATHER,Billie Eilish,173882,https://www.youtube.com/watch?v=V9PVRfjEBTI,24
0x6ad646b5d2ba4df7:0x4045675218ccd90,"Melbourne, Victoria, Australia",CITY,2026-03-11T14:01:38.285581+00:00,18,G:2XPxfk6k7GI,So Easy (To Fall In Love),Olivia Dean,181256,https://www.youtube.com/watch?v=3sur4BmjQt8,44
0x6b0dcb74f75e4b0d:0x1780af1122c49f2d,"New South Wales, Australia",SUBCOUNTRY,2026-03-11T14:01:46.913190+00:00,15,G:2XPxfk6k7GI,So Easy (To Fall In Love),Olivia Dean,257445,https://www.youtube.com/watch?v=3sur4BmjQt8,44
0x6b129838f39a743f:0x3017d681632a850,"Sydney, New South Wales, Australia",CITY,2026-03-11T14:01:19.259940+00:00,20,G:0fJQfvpDi4U,BIRDS OF A FEATHER,Billie Eilish,202300,https://www.youtube.com/watch?v=V9PVRfjEBTI,24
0x6b131ad136a8c94b:0x4017d681632a8c0,"Wollongong, New South Wales, Australia",CITY,2026-03-11T14:23:18.581714+00:00,16,G:2XPxfk6k7GI,So Easy (To Fall In Love),Olivia Dean,1973,https://www.youtube.com/watch?v=3sur4BmjQt8,44
0x6b164ca3b20b34bb:0x400ea6ea7695970,"Canberra, Australian Capital Territory, Australia",CITY,2026-03-11T15:24:53.924359+00:00,20,G:0fJQfvpDi4U,BIRDS OF A FEATHER,Billie Eilish,5973,https://www.youtube.com/watch?v=V9PVRfjEBTI,24
0x6b164cdfa09b104b:0xe75844385c6e7803,"Australian Capital Territory, Australia",SUBCOUNTRY,2026-03-11T15:24:53.956333+00:00,20,G:0fJQfvpDi4U,BIRDS OF A FEATHER,Billie Eilish,5973,https://www.youtube.com/watch?v=V9PVRfjEBTI,24
0x6b733e1371c702e5:0x4017d681632a8a0,"Newcastle, New South Wales, Australia",CITY,2026-03-11T14:23:14.897639+00:00,14,G:2XPxfk6k7GI,So Easy (To Fall In Love),Olivia Dean,2427,https://www.youtube.com/watch?v=3sur4BmjQt8,44
0x6b911a472b5d60b7:0x302a35af3deaf70,"Gold Coast, Queensland, Australia",CITY,2026-03-11T15:23:13.136156+00:00,9,G:2XPxfk6k7GI,So Easy (To Fall In Love),Olivia Dean,7528,https://www.youtube.com/watch?v=3sur4BmjQt8,44
0x6b91579aac93d233:0x402a35af3deaf40,"Brisbane, Queensland, Australia",CITY,2026-03-11T15:23:12.685209+00:00,12,G:2XPxfk6k7GI,So Easy (To Fall In Love),Olivia Dean,136592,https://www.youtube.com/watch?v=3sur4BmjQt8,44
0x6b937fb66d7d48ed:0x302a35af3deaf50,"Sunshine Coast, Queensland, Australia",CITY,2026-03-11T14:29:27.942259+00:00,19,G:13z8-cvCqaY,Hotel California (Live),Eagles,1349,https://www.youtube.com/watch?v=09839DpTctU,12
0x6bd4df247a62dcfd:0xf5f2d0227612be99,"Queensland, Australia",SUBCOUNTRY,2026-03-11T14:01:48.192621+00:00,13,G:2XPxfk6k7GI,So Easy (To Fall In Love),Olivia Dean,159428,https://www.youtube.com/watch?v=3sur4BmjQt8,44
0x6c27e2693f1a32cb:0x7bf1b22af312dd00,"Nouméa, South Province, New Caledonia",CITY,2026-03-11T14:44:17.352565+00:00,20,G:n-Tk5OUlq8A,Ma Calédonienne,DJ KENSIDE,12605,https://www.youtube.com/watch?v=pTtcBD-UAMo,1
0x6c27e2693f1a32cb:0xf6d0f68fd5937aec,New Caledonia,COUNTRY,2026-03-11T14:54:02.520144+00:00,3,G:KvdDU_k2b1w,Hitangimai,Joe Briz,27208,https://www.youtube.com/watch?v=4xpGo_pSC8s,3
0x6c2817714eac84f5:0xdadc0a8527b42fab,"South Province, New Caledonia",SUBCOUNTRY,2026-03-11T14:54:01.149843+00:00,3,G:KvdDU_k2b1w,Hitangimai,Joe Briz,27040,https://www.youtube.com/watch?v=4xpGo_pSC8s,3
0x6d0cd6af8570c4fd:0x611b5d936c5cc416,"Auckland, New Zealand",SUBCOUNTRY,2026-03-11T14:09:07.672988+00:00,14,G:EHYmlhTzeGY,Lonely Days (Live) (feat. J Boog),Fiji,96858,https://www.youtube.com/watch?v=BBCyq6KMPkA,10
0x6d0d47fb5a9ce6fb:0x500ef6143a29917,"Auckland, Auckland, New Zealand",CITY,2026-03-11T14:09:09.730054+00:00,13,G:EHYmlhTzeGY,Lonely Days (Live) (feat. J Boog),Fiji,95684,https://www.youtube.com/watch?v=BBCyq6KMPkA,10
0x6d14f9e62364ce0d:0x500ef6143a2e9a0,"New Plymouth, Taranaki Region, New Zealand",CITY,2026-03-11T14:17:43.509596+00:00,9,G:w8IaKSIgkXQ,We Made It,SIX60,1558,https://www.youtube.com/watch?v=70NoK22ItUg,19
0x6d15043772b2b629:0xf424ae151424bff1,"Taranaki Region, New Zealand",SUBCOUNTRY,2026-03-11T14:17:44.295924+00:00,20,G:hD6aXHEDWkg,You Can Have It All,Maoli,1670,https://www.youtube.com/watch?v=YEXzSrkRTTI,17
0x6d2c200e17779687:0xb1d618e2756a4733,New Zealand,COUNTRY,2026-03-11T14:09:18.541202+00:00,20,G:EHYmlhTzeGY,Lonely Days (Live) (feat. J Boog),Fiji,165964,https://www.youtube.com/watch?v=BBCyq6KMPkA,10
0x6d2dd8337875d903:0x337764303169e281,"Canterbury Region, New Zealand",SUBCOUNTRY,2026-03-11T14:09:13.103331+00:00,13,G:w8IaKSIgkXQ,We Made It,SIX60,29467,https://www.youtube.com/watch?v=70NoK22ItUg,19
0x6d322f4863c5ed01:0x500ef8684799945,"Christchurch, Canterbury Region, New Zealand",CITY,2026-03-11T14:09:05.487696+00:00,19,G:MRCnmd5h-ks,A Couple Minutes,Olivia Dean,22382,https://www.youtube.com/watch?v=euYe6W7d-rI,13
0x6d38b1fc49e974cb:0xa00ef63a213b470,"Wellington, Wellington Region, New Zealand",CITY,2026-03-11T14:09:08.763805+00:00,16,G:ZzaR04BvNUY,Ready To Ride,"Hori shaw, Te Wehi",11998,https://www.youtube.com/watch?v=TPKnhaTaFo0,7
0x6d3f5205bd43cf57:0xf7ade3e9c48078c2,"Wellington Region, New Zealand",SUBCOUNTRY,2026-03-11T14:09:11.986284+00:00,17,G:e-tDVLkOZ3M,Catch A Wave,"Te Wehi, Hori shaw",18320,https://www.youtube.com/watch?v=aVlUG--9_mo,11
0x6d41ad9fbda34483:0x500ef6143a29915,"Palmerston North, Manawatū-Whanganui Region, New Zealand",CITY,2026-03-11T14:45:12.239514+00:00,20,G:e-tDVLkOZ3M,Catch A Wave,"Te Wehi, Hori shaw",1914,https://www.youtube.com/watch?v=aVlUG--9_mo,11
0x6d4756496ea708fb:0x500ef6143a2db20,"Lower Hutt, Wellington Region, New Zealand",CITY,2026-03-11T14:09:10.418597+00:00,18,G:MRCnmd5h-ks,A Couple Minutes,Olivia Dean,2632,https://www.youtube.com/watch?v=euYe6W7d-rI,13
0x6d69b343861c81c1:0x454e29826582867,"Hawke's Bay Region, New Zealand",SUBCOUNTRY,2026-03-11T14:30:10.096488+00:00,12,G:ZzaR04BvNUY,Ready To Ride,"Hori shaw, Te Wehi",4632,https://www.youtube.com/watch?v=TPKnhaTaFo0,7
0x6d69c9d64fb1ca99:0x500ef6143a2e850,"Napier, Hawke's Bay Region, New Zealand",CITY,2026-03-11T14:30:06.592551+00:00,13,G:ZzaR04BvNUY,Ready To Ride,"Hori shaw, Te Wehi",2137,https://www.youtube.com/watch?v=TPKnhaTaFo0,7
0x6d6a5edf3935d103:0x5727d9c14fab6a55,"Manawatū-Whanganui Region, New Zealand",SUBCOUNTRY,2026-03-11T14:09:14.634877+00:00,15,G:e-tDVLkOZ3M,Catch A Wave,"Te Wehi, Hori shaw",5099,https://www.youtube.com/watch?v=aVlUG--9_mo,11
0x6d6cfeff26ce7a37:0x452777392145e03,"Waikato Region, New Zealand",SUBCOUNTRY,2026-03-11T14:09:15.109572+00:00,20,G:ZzaR04BvNUY,Ready To Ride,"Hori shaw, Te Wehi",11007,https://www.youtube.com/watch?v=TPKnhaTaFo0,7
0x6d6d227487a63621:0x500ef6143a29903,"Hamilton, Waikato Region, New Zealand",CITY,2026-03-11T14:09:09.463386+00:00,20,G:EOwQrOYruFc,SAW,Son & Water,6515,https://www.youtube.com/watch?v=QDyO1MVTbaY,1
0x6d6e76e77bd464e5:0x500ef6143a39926,"Tauranga, Bay of Plenty Region, New Zealand",CITY,2026-03-11T14:09:13.402903+00:00,15,G:ZzaR04BvNUY,Ready To Ride,"Hori shaw, Te Wehi",3889,https://www.youtube.com/watch?v=TPKnhaTaFo0,7
0x6d6e983d82f6b22b:0x500ef6143a39931,"Rotorua, Bay of Plenty Region, New Zealand",CITY,2026-03-11T15:24:16.902937+00:00,17,G:tEzgd-xlCNw,Star of the Show,Latasha Lee,2018,https://www.youtube.com/watch?v=g_lsCAHfDeE,1
0x6d6f1de3b5bd5365:0xfb884e9e43e1e910,"Bay of Plenty Region, New Zealand",SUBCOUNTRY,2026-03-11T14:09:11.594980+00:00,16,G:BRibT8omiD0,Unaware,Te Wehi,7813,https://www.youtube.com/watch?v=oyQww6T5WKo,2
0x6e196214516715f5:0xcef083cbe1652210,"Central Division, Fiji",SUBCOUNTRY,2026-03-11T14:21:25.735291+00:00,1,G:P7YHEBzxTnY,Me Nomuni,New Way International Fellowship Worship,207722,https://www.youtube.com/watch?v=HKzUs7jRRbQ,3
0x6e1990fd703cdc5d:0x9e9c319946ef5b93,Fiji,COUNTRY,2026-03-11T15:26:30.865567+00:00,1,G:P7YHEBzxTnY,Me Nomuni,New Way International Fellowship Worship,320191,https://www.youtube.com/watch?v=HKzUs7jRRbQ,3
0x6e1bde2242114fad:0xe2077574bb4dd7c9,"Suva, Central Division, Fiji",CITY,2026-03-11T14:21:23.420746+00:00,1,G:P7YHEBzxTnY,Me Nomuni,New Way International Fellowship Worship,206041,https://www.youtube.com/watch?v=HKzUs7jRRbQ,3
0x7007c9d931c86c5:0x1de0196a93401726,"State of Pernambuco, Brazil",SUBCOUNTRY,2026-03-11T14:03:31.535414+00:00,8,G:hqXcfyCxs6A,Tropa do Vô,"Bruninho no Beat, Pinho na Voz, Biurifol",865308,https://www.youtube.com/watch?v=dRZXusLLSNY,5
0x700fd232f520d9b:0x7e2d39e57f3df62d,"State of Alagoas, Brazil",SUBCOUNTRY,2026-03-11T14:27:31.577001+00:00,18,G:tg_Y0feHFz4,Treme o Bumbum,MC Leléto,288197,https://www.youtube.com/watch?v=U6rK_v1il90,3
0x70146fcd6688849:0xee2c725b43e07653,"Maceió, State of Alagoas, Brazil",CITY,2026-03-11T14:27:33.320829+00:00,18,G:tg_Y0feHFz4,Treme o Bumbum,MC Leléto,104367,https://www.youtube.com/watch?v=U6rK_v1il90,3
0x705bd3f16601621:0xaccaca6b66fef1d9,"State of Sergipe, Brazil",SUBCOUNTRY,2026-03-11T14:22:14.360028+00:00,10,G:hZwKSrOUSqc,Hit dos Paredões,O REI DOS FAIXAS,187801,https://www.youtube.com/watch?v=HMyaOWLV7SU,2
0x705d59f85ab6275:0x60b6f0374f7f3fba,"Arapiraca, State of Alagoas, Brazil",CITY,2026-03-11T14:27:30.318732+00:00,18,G:vHiVvSztkpY,Não Sirvo,Eduardinho dos Teclados,40080,https://www.youtube.com/watch?v=5DNCMd1sCc0,1
0x7070d200a110927:0x51f45fae994f83b3,"Garanhuns, State of Pernambuco, Brazil",CITY,2026-03-11T15:23:59.320362+00:00,18,G:g3vbTfj1S8I,Não Mexe nas Minhas Gavetas (Ao Vivo),Danilo e Davi,25807,https://www.youtube.com/watch?v=sp1ubzi3Yiw,4
0x71439dbd0766da9:0xed4d58d8df9d5ffe,"Feira de Santana, State of Bahia, Brazil",CITY,2026-03-11T14:26:57.745223+00:00,12,G:i8BpxpOhzy0,SERESTÃO DO AS - É o Amor/Dormi na Praça,Anderson Silva,71488,https://www.youtube.com/watch?v=Zrx2dw4oruE,1
0x716037ca23ca5b3:0x7e926f5fb491ed05,"State of Bahia, Brazil",SUBCOUNTRY,2026-03-11T14:03:22.096930+00:00,9,G:Poj64Lp4i_E,Hipnotiza,"Diggo, Léo Santana",1230055,https://www.youtube.com/watch?v=-wV71gxPQlk,5
0x716112050422ebd:0xf71c84369573db9d,"Salvador, State of Bahia, Brazil",CITY,2026-03-11T14:03:31.784933+00:00,6,G:i33HWXHN_Bg,"Vai Logo, Vida","Filhos de Jorge, Macaco Gordo",561533,https://www.youtube.com/watch?v=O2poqlc6PO0,1
0x71ab04015be27cd:0x804434fd92ec3b36,"Aracaju, State of Sergipe, Brazil",CITY,2026-03-11T14:22:05.460043+00:00,12,G:hZwKSrOUSqc,Hit dos Paredões,O REI DOS FAIXAS,88564,https://www.youtube.com/watch?v=HMyaOWLV7SU,2
0x73546a9c0f417ef:0x998e8c1f371f1c5b,"Teixeira de Freitas, State of Bahia, Brazil",CITY,2026-03-11T14:26:50.719952+00:00,3,G:BKjihhsTkzs,Tá Mudando a Cena,Jonatas Santos,28120,https://www.youtube.com/watch?v=2CKN1vzCp7o,1
0x73e2a45a6a3f323:0x946c6ae973aa35c2,"Santo Antônio de Jesus, State of Bahia, Brazil",CITY,2026-03-11T14:26:50.370150+00:00,7,G:WvbCIHk8js8,Sina de Ofélia,Toque Dez,21144,https://www.youtube.com/watch?v=mghpQF920to,1
0x741875d07c6dd74d:0x9bc07a7a09c35711,French Polynesia,COUNTRY,2026-03-11T15:26:31.238980+00:00,2,G:E9_lfAh0iHs,Tukuna Taku Mauri,DJ MadFX,98155,https://www.youtube.com/watch?v=_fTSp4xAYkQ,3
0x7463b073025e405:0x78be45452bd92ae3,"Vitória da Conquista, State of Bahia, Brazil",CITY,2026-03-11T14:26:50.197994+00:00,3,G:dLtxRXq5sHs,Sonho de um Caminhoneiro (Ao Vivo) (feat. Rionegro e Solimões & Gilberto & Gilmar),Trio Parada Dura,61407,https://www.youtube.com/watch?v=4hC8g_HwTAM,2
0x769a34e2994ca60d:0x669cb62bc4f10fdc,"Windward Islands, French Polynesia",SUBCOUNTRY,2026-03-11T15:26:31.309551+00:00,2,G:E9_lfAh0iHs,Tukuna Taku Mauri,DJ MadFX,96711,https://www.youtube.com/watch?v=_fTSp4xAYkQ,3
0x769a3a1c874f6695:0x62d6db532881362b,"Papeete, Windward Islands, French Polynesia",CITY,2026-03-11T15:26:31.604657+00:00,2,G:E9_lfAh0iHs,Tukuna Taku Mauri,DJ MadFX,61515,https://www.youtube.com/watch?v=_fTSp4xAYkQ,3
0x7737a8452b2d649:0xa0e71dc0c94e0aed,"Petrolina, State of Pernambuco, Brazil",CITY,2026-03-11T15:23:59.263847+00:00,14,G:nK8mn5-fYA4,Biometria,Netto Brito,36795,https://www.youtube.com/watch?v=bS9r47RA_To,6
0x79524b5a6c97dec9:0xc15ba900330c15c6,"Hilo, Hawaii, United States",CITY,2026-03-11T15:24:30.401027+00:00,19,G:EERMzoRdztw,Storms Never Last,Josh Tatofi,1758,https://www.youtube.com/watch?v=eHpnuffAmFY,2
0x79540eb26a91b401:0x7911d83882da5a7,"Kailua-Kona, Hawaii, United States",CITY,2026-03-11T15:24:28.556914+00:00,16,G:EObxhrcYT48,Shoot Down,"Maoli, Fiji, Jamey Ferguson",1015,https://www.youtube.com/watch?v=zIbz7K1vpFI,2
0x7954b6af4595227:0xe0ece6e4f3ec3d5b,"Sobral, Ceará, Brazil",CITY,2026-03-11T14:29:25.534604+00:00,16,G:zGZV7yJxmPc,Meu Pai Paga Minha Faculdade / Mexe Essa Sanfona / Eu Vou Pra Vaquejada / Vuco Vuco / Rei Do Baralho / Sala De Reboco,"Filho do Piseiro, Claudio Ney & Juliana",22300,https://www.youtube.com/watch?v=0692WFAqRxs,5
0x7954d2dbe64dce81:0x10e5b166ad40c5dc,"Kahului, Hawaii, United States",CITY,2026-03-11T15:24:28.627182+00:00,20,G:EObxhrcYT48,Shoot Down,"Maoli, Fiji, Jamey Ferguson",907,https://www.youtube.com/watch?v=zIbz7K1vpFI,2
0x7a1789b9e348137:0x6fac36329d98a8ea,"Juazeiro do Norte, Ceará, Brazil",CITY,2026-03-11T15:24:04.763894+00:00,20,G:DThw6yrdjyo,Cama de Solteiro (Ao Vivo),Seu Desejo,31943,https://www.youtube.com/watch?v=AfVb131oz6U,3
0x7a31e5ccc8ce973:0xe90f4b65137c123a,"Iguatu, Ceará, Brazil",CITY,2026-03-11T14:29:29.513981+00:00,13,G:zGZV7yJxmPc,Meu Pai Paga Minha Faculdade / Mexe Essa Sanfona / Eu Vou Pra Vaquejada / Vuco Vuco / Rei Do Baralho / Sala De Reboco,"Filho do Piseiro, Claudio Ney & Juliana",13500,https://www.youtube.com/watch?v=0692WFAqRxs,5
0x7a472d082d8edb7:0x1c5023bf5f28ade8,"Cajazeiras, State of Paraíba, Brazil",CITY,2026-03-11T14:16:16.153682+00:00,20,G:DThw6yrdjyo,Cama de Solteiro (Ao Vivo),Seu Desejo,9912,https://www.youtube.com/watch?v=AfVb131oz6U,3
0x7a54cb6ee98c8cf:0x1f289b24323c01b4,"State of Paraíba, Brazil",SUBCOUNTRY,2026-03-11T14:16:12.652961+00:00,16,G:4YO30u3Xyr8,Quando Cai a Noite,Seu Desejo,303209,https://www.youtube.com/watch?v=ZwWHBbr80zw,8
0x7a58af5820e65df:0xbdb334b1986d14f1,"Patos, State of Paraíba, Brazil",CITY,2026-03-11T14:16:16.007582+00:00,17,G:8s7z4-YUZ9Y,Deixa Eu (Remix) (feat. MC Lekão),"Rick Rastro, Murilo Huff, JIRAYAUAI, FELPE",12537,https://www.youtube.com/watch?v=Q_Z1-WYLuAg,7
0x7aa54a93d22ad87:0x813856d6816ceb4b,"Vitória de Santo Antão, State of Pernambuco, Brazil",CITY,2026-03-11T15:23:59.564871+00:00,15,G:LB7BkMRBAyA,Água com Açúcar,Raphaela Santos,17897,https://www.youtube.com/watch?v=hKWm6vTmoL8,2
0x7ab196f94e5408b:0xe5800ef782bde3a6,"Recife, State of Pernambuco, Brazil",CITY,2026-03-11T15:23:59.616731+00:00,9,G:28oLhSWDAc0,Além da Cama,"MC Thayk, Noara Marques",252849,https://www.youtube.com/watch?v=l9csPxmCen0,2
0x7aba05032cdd5d7:0xcc924b65587a89fb,"Carpina, State of Pernambuco, Brazil",CITY,2026-03-11T15:23:58.969160+00:00,16,G:28oLhSWDAc0,Além da Cama,"MC Thayk, Noara Marques",9543,https://www.youtube.com/watch?v=l9csPxmCen0,2
0x7ac1e5f43201c85:0xc9656aec3aa6af51,"Campina Grande, State of Paraíba, Brazil",CITY,2026-03-11T14:16:12.655487+00:00,20,G:DThw6yrdjyo,Cama de Solteiro (Ao Vivo),Seu Desejo,50441,https://www.youtube.com/watch?v=AfVb131oz6U,3
0x7ace839019aa3d7:0x6e414a9c6d26db34,"João Pessoa, State of Paraíba, Brazil",CITY,2026-03-11T14:16:12.172686+00:00,13,G:PDNQStn2ncg,Quem Manda Em Mim,Banda Encantu's,102240,https://www.youtube.com/watch?v=-aD-naRvNA4,1
0x7b04df549e8eaad:0xa92509ac1c4d9ec4,"State of Rio Grande do Norte, Brazil",SUBCOUNTRY,2026-03-11T14:13:37.427921+00:00,16,G:Dr9Hc-g_7mc,Amor Dos Outros (Ao Vivo),"Patrick Costa, Henrique & Juliano",231279,https://www.youtube.com/watch?v=bqfSXsdDXFU,5
0x7b3aaac26460531:0x5d8b404cf00fed69,"Natal, State of Rio Grande do Norte, Brazil",CITY,2026-03-11T14:13:38.607899+00:00,15,G:YzxVZbZnRPo,Lábios Divididos (Ao Vivo) (feat. Xand Avião),"Patrick Costa, Henrique & Juliano",95183,https://www.youtube.com/watch?v=5rwb_44gOps,1
0x7ba06e074d5ce0b:0x46694ffe5df19ebe,"Mossoró, State of Rio Grande do Norte, Brazil",CITY,2026-03-11T14:13:41.685566+00:00,18,G:8s7z4-YUZ9Y,Deixa Eu (Remix) (feat. MC Lekão),"Rick Rastro, Murilo Huff, JIRAYAUAI, FELPE",21700,https://www.youtube.com/watch?v=Q_Z1-WYLuAg,7
0x7bbd776ef1eb865:0x82fba3b801984c31,"Limoeiro do Norte, Ceará, Brazil",CITY,2026-03-11T15:24:04.745516+00:00,16,G:Ghue99cDI0g,Duas Paixões (Ao Vivo),Silvânia & Berg,8859,https://www.youtube.com/watch?v=U_e_qST4wFU,3
0x7bdb31827e686c5:0x3bb435e0af957842,"Ceará, Brazil",SUBCOUNTRY,2026-03-11T14:29:25.024769+00:00,20,G:aZByxSK5M-4,Dói Demais,Neto Lucena,705620,https://www.youtube.com/watch?v=lZPf61x1IjA,2
0x7bffdb064f79e005:0x4b7782d274cc8628,"Hawaii, United States",SUBCOUNTRY,2026-03-11T15:24:26.745905+00:00,20,G:WHNmDNBW5KI,Be By You,Luke Combs,59047,https://www.youtube.com/watch?v=x10Eo-yoLTA,4
0x7c00183b8cc3464d:0x4b28f55ff3a7976c,"Honolulu, Hawaii, United States",CITY,2026-03-11T15:24:27.274229+00:00,19,G:7kA5IfqbPMY,Jowenna,Fiji,34398,https://www.youtube.com/watch?v=FmtVypj3H3Y,3
0x7c0064c55c207101:0x1e5ba826d676ac31,"Ewa Beach, Hawaii, United States",CITY,2026-03-11T15:24:28.009265+00:00,11,G:OgmEw1JBBDM,Love Of My Life,Queen,816,https://www.youtube.com/watch?v=sUJkCXE4sAA,1
0x7c006704b74dc5fd:0xb68b50a4e1d2a215,"Mililani, Hawaii, United States",CITY,2026-03-11T15:24:28.602003+00:00,18,G:eX_UY_S9lp4,Back 2 My Roots,Rebel Souljahz,661,https://www.youtube.com/watch?v=eiJjDWd2dLg,7
0x7c74f21f6c15c2f:0xfd6d6706cb7927aa,"Fortaleza, Ceará, Brazil",CITY,2026-03-11T14:03:27.060979+00:00,15,G:aZByxSK5M-4,Dói Demais,Neto Lucena,326223,https://www.youtube.com/watch?v=lZPf61x1IjA,2
0x7edd77a9bcc1ce5:0x6276aba3d96c2934,"State of Maranhão, Brazil",SUBCOUNTRY,2026-03-11T15:23:55.140215+00:00,18,G:dEVKEWIHcX8,Se Eu Te Perdoar,Netto Brito,453202,https://www.youtube.com/watch?v=qsVG64XB1PY,7
0x7f68ff06f7f6d21:0x983102e459a3de47,"São Luís, State of Maranhão, Brazil",CITY,2026-03-11T15:23:54.900981+00:00,17,G:DadT8Bq2h0w,TODA HORA NO MARANHAO,"Mc Gorran, Dj Adeilton Safadão",116693,https://www.youtube.com/watch?v=4gigyzBwIMw,1
0x80831f8dfc236487:0x308eeb8f793a4538,"Chico, California, United States",CITY,2026-03-11T15:25:04.524379+00:00,15,G:diKxju-DnHk,Creep,Radiohead,2365,https://www.youtube.com/watch?v=XFkzRNyygfk,61
0x80843bc936e647d7:0x5ccd656bc54f4849,"Santa Rosa, California, United States",CITY,2026-03-11T14:49:00.552426+00:00,13,G:IWnIbGTKNMU,Tus Mentiras (En Vivo),"Moy Bobadilla, Grupo Firme, Hernan Sepulveda, Max Peraza",5256,https://www.youtube.com/watch?v=Elp1SHhSQ9M,151
0x8084ab71c570b137:0x4d3f701d05f02502,"Yuba City, California, United States",CITY,2026-03-11T15:26:20.108803+00:00,20,G:Iq5q6GGpJmY,Montagem Miau,Lenar,1919,https://www.youtube.com/watch?v=JJjEl_EVsLA,26
0x8084ffe7f8f2deef:0xd6629f3a3384c725,"Napa, California, United States",CITY,2026-03-11T14:43:29.849454+00:00,6,G:IWnIbGTKNMU,Tus Mentiras (En Vivo),"Moy Bobadilla, Grupo Firme, Hernan Sepulveda, Max Peraza",2680,https://www.youtube.com/watch?v=Elp1SHhSQ9M,151
0x8085119732ce0709:0x95933f02a8c61639,"Vallejo, California, United States",CITY,2026-03-11T14:51:49.964864+00:00,13,G:-Ge8C2AU1kU,Crestside,"DaBoii, Slimmy B",3503,https://www.youtube.com/watch?v=7jYZVR1Kdzs,1
0x808514d0f123c8db:0x5c335616d29bf368,"Fairfield, California, United States",CITY,2026-03-11T15:25:38.245724+00:00,13,G:HaUBdT6yZFI,Gnarly,KATSEYE,3510,https://www.youtube.com/watch?v=R2-yomhYAj4,98
0x808517cf9f7df407:0xe4aac8df639b631c,"Vacaville, California, United States",CITY,2026-03-11T14:51:45.626535+00:00,12,G:KKKaE7jXjcM,Permission to Dance,BTS,2332,https://www.youtube.com/watch?v=CuklIb9d3fI,1
0x808529999495543f:0xc3013f1b6ee28fff,"Davis, California, United States",CITY,2026-03-11T15:25:20.162211+00:00,17,G:XBikUiq-JSE,GO,BLACKPINK,1390,https://www.youtube.com/watch?v=2GJfWMYCWY0,140
0x8085576395afa0d5:0x56a463c2c947559,"Antioch, California, United States",CITY,2026-03-11T14:32:09.027805+00:00,4,G:luVIKYQPZ-w,I’m From The Bay,"LaRussell, Lil Jon",6308,https://www.youtube.com/watch?v=2vjqyksm5CA,10
0x80855be5389cf6b1:0x7bc29222007f23,"Pittsburg, California, United States",CITY,2026-03-11T14:46:24.350754+00:00,6,G:luVIKYQPZ-w,I’m From The Bay,"LaRussell, Lil Jon",2798,https://www.youtube.com/watch?v=2vjqyksm5CA,10
0x808560ac69c4cc85:0xe416004961fffef,"Concord, California, United States",CITY,2026-03-11T15:25:11.872317+00:00,20,G:HaUBdT6yZFI,Gnarly,KATSEYE,2301,https://www.youtube.com/watch?v=R2-yomhYAj4,98
0x808565e0f15c8c29:0xb3101633da15bff4,"Richmond, California, United States",CITY,2026-03-11T15:25:52.261745+00:00,2,G:luVIKYQPZ-w,I’m From The Bay,"LaRussell, Lil Jon",7753,https://www.youtube.com/watch?v=2vjqyksm5CA,10
0x808579363a8549d3:0x94ea1595a675e993,"Berkeley, California, United States",CITY,2026-03-11T14:33:03.568606+00:00,14,G:0fJQfvpDi4U,BIRDS OF A FEATHER,Billie Eilish,2307,https://www.youtube.com/watch?v=V9PVRfjEBTI,24
0x80857d8b28aaed03:0x71b415d535759367,"Oakland, California, United States",CITY,2026-03-11T14:44:26.269934+00:00,19,G:luVIKYQPZ-w,I’m From The Bay,"LaRussell, Lil Jon",9088,https://www.youtube.com/watch?v=2vjqyksm5CA,10
0x8085976736097a2f:0xbe014d20e6e22654,"San Rafael, California, United States",CITY,2026-03-11T15:26:03.926411+00:00,18,G:7JCDm_RCJwQ,EoO,Bad Bunny,1111,https://www.youtube.com/watch?v=myDIeOjqQos,144
0x80859a6d00690021:0x4a501367f076adff,"San Francisco, California, United States",CITY,2026-03-11T14:26:10.834463+00:00,16,G:Z1CILL4HH4o,HOLLYWOOD,"Peso Pluma, Estevan Plazola",167800,https://www.youtube.com/watch?v=rCL8-CiGSmc,4
0x808df8964e61722f:0xa511bb11baed8121,"Salinas, California, United States",CITY,2026-03-11T15:26:01.334769+00:00,20,G:uxYwT2jHHIM,TU SANCHO,Fuerza Regida,5449,https://www.youtube.com/watch?v=a_H0K9W984E,66
0x808e08b8f9be95e3:0xdb45ce862362a1a5,"Watsonville, California, United States",CITY,2026-03-11T14:52:12.659951+00:00,15,G:z9D6Rcv5aQg,Y LLORO,Junior H,2544,https://www.youtube.com/watch?v=a8M1Es4cI_4,20
0x808f790543feecef:0xf83a7579e756335d,"South San Francisco, California, United States",CITY,2026-03-11T15:26:02.897661+00:00,18,G:utbdr1K6TmM,Man I Need,Olivia Dean,1555,https://www.youtube.com/watch?v=oIv_Y2RPQ_A,257
0x808f7bfb84de63c9:0x2cb4e0db0e13fa57,"Daly City, California, United States",CITY,2026-03-11T15:25:19.185029+00:00,19,G:luVIKYQPZ-w,I’m From The Bay,"LaRussell, Lil Jon",1871,https://www.youtube.com/watch?v=2vjqyksm5CA,10
0x808f80d8f2cf1595:0x66ff99cf60016f14,"Alameda, California, United States",CITY,2026-03-11T14:31:54.054217+00:00,20,G:luVIKYQPZ-w,I’m From The Bay,"LaRussell, Lil Jon",1341,https://www.youtube.com/watch?v=2vjqyksm5CA,10
0x808f857f043a66dd:0xe5aa490ddad757b2,"San Leandro, California, United States",CITY,2026-03-11T15:26:03.513112+00:00,1,G:luVIKYQPZ-w,I’m From The Bay,"LaRussell, Lil Jon",4375,https://www.youtube.com/watch?v=2vjqyksm5CA,10
0x808f91bc5187ea93:0x5bacde6cbc648aee,"Union City, California, United States",CITY,2026-03-11T14:51:38.451826+00:00,6,G:y7FUPEL5Vv8,Namami Shamishan,Religious India,2227,https://www.youtube.com/watch?v=081bLdQKX-Q,1
0x808f9431b601597d:0x70474dec26939c0,"Hayward, California, United States",CITY,2026-03-11T14:37:53.023377+00:00,14,G:luVIKYQPZ-w,I’m From The Bay,"LaRussell, Lil Jon",5075,https://www.youtube.com/watch?v=2vjqyksm5CA,10
0x808f9e60efa95545:0xfd8efcf42dcc1ba7,"San Mateo, California, United States",CITY,2026-03-11T15:26:03.658826+00:00,20,G:0fJQfvpDi4U,BIRDS OF A FEATHER,Billie Eilish,2325,https://www.youtube.com/watch?v=V9PVRfjEBTI,24
0x808fa03953f35ee1:0xb8e47b9b0baa6a6d,"Redwood City, California, United States",CITY,2026-03-11T15:25:48.976843+00:00,14,G:AJRuE4Ytoos,Todo Lo Fue,Lenin Ramírez,2292,https://www.youtube.com/watch?v=kwwdY1bp-Ck,318
0x808fb07b9dba1c39:0xe1ff55235f576cf,"Palo Alto, California, United States",CITY,2026-03-11T14:45:12.837201+00:00,12,G:0fJQfvpDi4U,BIRDS OF A FEATHER,Billie Eilish,2395,https://www.youtube.com/watch?v=V9PVRfjEBTI,24
0x808fb4571bd377ab:0x394d3fe1a3e178b4,"Cupertino, California, United States",CITY,2026-03-11T15:25:17.326970+00:00,12,G:MxgD4OmVthY,Fortnight (feat. Post Malone),Taylor Swift,1805,https://www.youtube.com/watch?v=q3zqJs7JUCQ,1
0x808fb645a9d05d3b:0x768dfb26dd7cc3a2,"Sunnyvale, California, United States",CITY,2026-03-11T14:50:40.236992+00:00,12,G:OKmcErZmDn8,Ishq Jalakar - Karvaan ,"Shashwat Sachdev, Shahzad Ali, Subhadeep Das Chowdhury, Armaan Khan, Irshad Kamil, Roshan, Sahir Ludhianvi",4983,https://www.youtube.com/watch?v=8qCVXCFREkQ,11
0x808fb7495bec0189:0x7c17d44a466baf9b,"Mountain View, California, United States",CITY,2026-03-11T14:42:11.541996+00:00,1,G:1yzV7kkDvMc,Never Gonna Give You Up,Rick Astley,8263,https://www.youtube.com/watch?v=dQw4w9WgXcQ,2
0x808fb7815c08c193:0xe475a47ca3c0bfc0,"Santa Clara, California, United States",CITY,2026-03-11T14:48:56.234941+00:00,17,G:0fJQfvpDi4U,BIRDS OF A FEATHER,Billie Eilish,5510,https://www.youtube.com/watch?v=V9PVRfjEBTI,24
0x808fb9fe5f285e3d:0x8b5109a227086f55,"California, United States",SUBCOUNTRY,2026-03-11T14:11:50.200256+00:00,19,G:IWnIbGTKNMU,Tus Mentiras (En Vivo),"Moy Bobadilla, Grupo Firme, Hernan Sepulveda, Max Peraza",1400510,https://www.youtube.com/watch?v=Elp1SHhSQ9M,151
0x808fbf46b7e8caf7:0x8ada313b89d888d4,"Fremont, California, United States",CITY,2026-03-11T14:36:40.043411+00:00,20,G:tyTCk2d1nug,Naal Nachna,"Shashwat Sachdev, Reble, Irshad Kamil",5764,https://www.youtube.com/watch?v=P4UnrmPFPA4,8
0x808fcae48af93ff5:0xb99d8c0aca9f717b,"San Jose, California, United States",CITY,2026-03-11T14:15:32.999164+00:00,16,G:AJRuE4Ytoos,Todo Lo Fue,Lenin Ramírez,42853,https://www.youtube.com/watch?v=kwwdY1bp-Ck,318
0x808fd1e73ae62a5f:0x7863e1c0ad3aa527,"Milpitas, California, United States",CITY,2026-03-11T14:41:37.669039+00:00,12,G:OKmcErZmDn8,Ishq Jalakar - Karvaan ,"Shashwat Sachdev, Shahzad Ali, Subhadeep Das Chowdhury, Armaan Khan, Irshad Kamil, Roshan, Sahir Ludhianvi",2517,https://www.youtube.com/watch?v=8qCVXCFREkQ,11
0x808fe65cd6892231:0x3b327c848ef64057,"Dublin, California, United States",CITY,2026-03-11T15:25:29.044768+00:00,20,G:Ul2kosfocyc,Touch,KATSEYE,2020,https://www.youtube.com/watch?v=l9CZykYZkOQ,1
0x808fe9a261ba755f:0xb3ab6847e1ea7d16,"Pleasanton, California, United States",CITY,2026-03-11T14:46:47.781524+00:00,16,G:OKmcErZmDn8,Ishq Jalakar - Karvaan ,"Shashwat Sachdev, Shahzad Ali, Subhadeep Das Chowdhury, Armaan Khan, Irshad Kamil, Roshan, Sahir Ludhianvi",1899,https://www.youtube.com/watch?v=8qCVXCFREkQ,11
0x808fed7cffeaac4f:0xf562eebbf9253ead,"San Ramon, California, United States",CITY,2026-03-11T14:48:59.659786+00:00,12,G:OKmcErZmDn8,Ishq Jalakar - Karvaan ,"Shashwat Sachdev, Shahzad Ali, Subhadeep Das Chowdhury, Armaan Khan, Irshad Kamil, Roshan, Sahir Ludhianvi",2187,https://www.youtube.com/watch?v=8qCVXCFREkQ,11
0x808ff474197ba5f3:0xe06e49972003c36c,"Walnut Creek, California, United States",CITY,2026-03-11T14:52:13.118710+00:00,20,G:utbdr1K6TmM,Man I Need,Olivia Dean,1339,https://www.youtube.com/watch?v=oIv_Y2RPQ_A,257
0x808ff999f087c8cd:0x7e19835b56d29a02,"Brentwood, California, United States",CITY,2026-03-11T14:34:08.993340+00:00,9,G:luVIKYQPZ-w,I’m From The Bay,"LaRussell, Lil Jon",1829,https://www.youtube.com/watch?v=2vjqyksm5CA,10
0x80900d737b442181:0x5876f5d1044fcbd8,"Stockton, California, United States",CITY,2026-03-11T14:50:16.383362+00:00,12,G:WVhqE2_wCY0,Folded,Kehlani,14412,https://www.youtube.com/watch?v=KFMYx1TibeQ,348
0x809014590a55994d:0xe8466f79e0af1499,"Tracy, California, United States",CITY,2026-03-11T15:26:14.426085+00:00,17,G:C-5U1VCTLrw,Sunflower,"Post Malone, Swae Lee",3289,https://www.youtube.com/watch?v=ApXoWvfEYVU,378
0x80904043248c4509:0x9de2a9a57b4ecc8c,"Manteca, California, United States",CITY,2026-03-11T14:41:08.202241+00:00,4,G:unCdoBJqF9Q,5-7,"Karan Aujla, Mxrci",4395,https://www.youtube.com/watch?v=x9RC77Oc-0Q,74
0x809053f6f47c5f51:0xbf94ba32c437632b,"Modesto, California, United States",CITY,2026-03-11T14:41:53.220758+00:00,18,G:tSJmmVygHPA,El Mayor de los Ranas,"Victor Valverde, Jr Torres",6755,https://www.youtube.com/watch?v=4Ez2wJnlwag,375
0x8091064c6d1a32c9:0x811fe75ca576e690,"Turlock, California, United States",CITY,2026-03-11T15:26:17.095722+00:00,17,G:tSJmmVygHPA,El Mayor de los Ranas,"Victor Valverde, Jr Torres",2553,https://www.youtube.com/watch?v=4Ez2wJnlwag,375
0x80913f84fd1bb699:0xed2faa20bc868218,"Merced, California, United States",CITY,2026-03-11T14:41:32.295630+00:00,20,G:HaUBdT6yZFI,Gnarly,KATSEYE,3104,https://www.youtube.com/watch?v=R2-yomhYAj4,98
0x8091ab2dbedcea99:0x7a47e670167fd9db,"Ceres, California, United States",CITY,2026-03-11T14:35:25.705040+00:00,17,G:Iq5q6GGpJmY,Montagem Miau,Lenar,1656,https://www.youtube.com/watch?v=JJjEl_EVsLA,26
0x8091e3b91553cecb:0xaefd0c1ba527283b,"Gilroy, California, United States",CITY,2026-03-11T14:36:52.506464+00:00,15,G:IWnIbGTKNMU,Tus Mentiras (En Vivo),"Moy Bobadilla, Grupo Firme, Hernan Sepulveda, Max Peraza",1719,https://www.youtube.com/watch?v=Elp1SHhSQ9M,151
0x80940b92fdc6db03:0x36c342da22e76910,"Madera, California, United States",CITY,2026-03-11T14:40:27.290707+00:00,16,G:Iq5q6GGpJmY,Montagem Miau,Lenar,2691,https://www.youtube.com/watch?v=JJjEl_EVsLA,26
0x8094509400e4cfe5:0x4e3d0a6140649c9d,"Clovis, California, United States",CITY,2026-03-11T15:25:08.931569+00:00,17,G:C-5U1VCTLrw,Sunflower,"Post Malone, Swae Lee",3981,https://www.youtube.com/watch?v=ApXoWvfEYVU,378
0x80945de1549e4e9d:0x7b12406449a3b811,"Fresno, California, United States",CITY,2026-03-11T14:36:29.189338+00:00,12,G:psfZFESzxEU,El Del Palenque,Los Alegres Del Barranco,54187,https://www.youtube.com/watch?v=-KY3SUz3KaI,5
0x8094c37b19af7a53:0x1b16a7e4c563f490,"Hanford, California, United States",CITY,2026-03-11T14:37:28.400179+00:00,20,G:4B9ulw10Uvs,I Got Better,Morgan Wallen,1909,https://www.youtube.com/watch?v=H1xu44kH5BE,139
0x8094d882d3eb8729:0x5592e3ee010b480e,"Visalia, California, United States",CITY,2026-03-11T14:52:04.025179+00:00,15,G:tXJZzPCuZMg,Amor,Emmanuel Cortes,5390,https://www.youtube.com/watch?v=TX-1dI8t6WM,149
0x80952b42bdf2c4b7:0xd14145dcca9de44f,"Tulare, California, United States",CITY,2026-03-11T15:26:16.750056+00:00,20,G:4B9ulw10Uvs,I Got Better,Morgan Wallen,2469,https://www.youtube.com/watch?v=H1xu44kH5BE,139
0x80990aa1f8deb471:0xcf47038aaafc95b3,"Nevada, United States",SUBCOUNTRY,2026-03-11T15:24:40.362151+00:00,12,G:AJRuE4Ytoos,Todo Lo Fue,Lenin Ramírez,150947,https://www.youtube.com/watch?v=kwwdY1bp-Ck,318
0x809940ae9292a09d:0x40c5c5ce7438f787,"Reno, Nevada, United States",CITY,2026-03-11T15:24:40.018345+00:00,13,G:C-5U1VCTLrw,Sunflower,"Post Malone, Swae Lee",7774,https://www.youtube.com/watch?v=ApXoWvfEYVU,378
0x809aa1d926c53835:0x8eade498bb6ce846,"Lodi, California, United States",CITY,2026-03-11T14:40:16.949537+00:00,15,G:C-5U1VCTLrw,Sunflower,"Post Malone, Swae Lee",1904,https://www.youtube.com/watch?v=ApXoWvfEYVU,378
0x809ab8cbe0a2f839:0xca0ceb60d31c08e8,"Elk Grove, California, United States",CITY,2026-03-11T15:25:33.724681+00:00,16,G:HaUBdT6yZFI,Gnarly,KATSEYE,5408,https://www.youtube.com/watch?v=R2-yomhYAj4,98
0x809ac672b28397f9:0x921f6aaa74197fdb,"Sacramento, California, United States",CITY,2026-03-11T14:26:14.408784+00:00,17,G:yYEhEjIrBgU,Frecuencia,Los Dareyes De La Sierra,63579,https://www.youtube.com/watch?v=ebXEaHEYYng,112
0x809ad3cad48639f1:0x118040a556d94040,"West Sacramento, California, United States",CITY,2026-03-11T15:25:58.246730+00:00,18,G:C-5U1VCTLrw,Sunflower,"Post Malone, Swae Lee",1317,https://www.youtube.com/watch?v=ApXoWvfEYVU,378
0x809adcd3da2cde93:0x5747b117847186a9,"Citrus Heights, California, United States",CITY,2026-03-11T15:25:06.839869+00:00,20,G:HaUBdT6yZFI,Gnarly,KATSEYE,2153,https://www.youtube.com/watch?v=R2-yomhYAj4,98
0x809add04d3e5f3ed:0x94bf4e65c74e2554,"Rancho Cordova, California, United States",CITY,2026-03-11T15:25:47.784028+00:00,12,G:crPMo0sxTuo,I Just Might,Bruno Mars,2700,https://www.youtube.com/watch?v=mrV8kK5t0V8,455
0x809ae11b89d97a7f:0xd44e4c2e31e1ce2a,"Folsom, California, United States",CITY,2026-03-11T14:36:26.017684+00:00,20,G:C-5U1VCTLrw,Sunflower,"Post Malone, Swae Lee",2379,https://www.youtube.com/watch?v=ApXoWvfEYVU,378
0x809b1f47fda0e3b5:0x45b31f477d8d2144,"Rocklin, California, United States",CITY,2026-03-11T15:25:53.060246+00:00,20,G:lv66M_R0ZlI,Opalite,Taylor Swift,1591,https://www.youtube.com/watch?v=3PJC6uPIekc,274
0x809b1f65623c1879:0x22af4a52ba493999,"Roseville, California, United States",CITY,2026-03-11T15:25:54.900202+00:00,10,G:crPMo0sxTuo,I Just Might,Bruno Mars,6040,https://www.youtube.com/watch?v=mrV8kK5t0V8,455
0x80c25784ec70ddb5:0x6a6c792dad12e03a,"Palmdale, California, United States",CITY,2026-03-11T14:45:10.434902+00:00,14,G:HaUBdT6yZFI,Gnarly,KATSEYE,5127,https://www.youtube.com/watch?v=R2-yomhYAj4,98
0x80c25ab168e88041:0x58c472cf7d0b3e07,"Lancaster, California, United States",CITY,2026-03-11T14:39:58.330185+00:00,19,G:vavcWlmCVDE,LET THE WORLD BURN,Chris Grey,5292,https://www.youtube.com/watch?v=fdJrSjMgPFE,24
0x80c28633acd51827:0x564a8fe07305d648,"Santa Clarita, California, United States",CITY,2026-03-11T14:48:57.660709+00:00,5,G:crPMo0sxTuo,I Just Might,Bruno Mars,6956,https://www.youtube.com/watch?v=mrV8kK5t0V8,455
0x80c2a4cec2910019:0xb4170ab5ff23f5ab,"Santa Monica, California, United States",CITY,2026-03-11T14:48:59.284202+00:00,19,G:Rz1s7zIb3g8,Smell of Essential Oils,Relaxing Spa Music,1406,https://www.youtube.com/watch?v=wXCXglJtr38,1
0x80c2b42b5acc2ef1:0x62c1711dcc38b301,"Hawthorne, California, United States",CITY,2026-03-11T14:37:48.864859+00:00,10,G:KnTaGdimvnQ,Not Like Us,Kendrick Lamar,2670,https://www.youtube.com/watch?v=H58vbez_m4E,4
0x80c2b656274bdd8d:0x727b30fdcae3170,"Inglewood, California, United States",CITY,2026-03-11T14:38:37.815366+00:00,16,G:HaUBdT6yZFI,Gnarly,KATSEYE,2672,https://www.youtube.com/watch?v=R2-yomhYAj4,98
0x80c2c032c8f083a9:0xe53fa19efec926a6,"Glendale, California, United States",CITY,2026-03-11T14:36:57.279274+00:00,5,G:j_DxzktPAQI,Mer Poghoci Aghjiknere,Tatev Asatryan,7044,https://www.youtube.com/watch?v=5JV979TjalY,1
0x80c2c2dc38330b51:0x52b41161ad18f4a,"Pasadena, California, United States",CITY,2026-03-11T14:45:25.393434+00:00,20,G:6lQpODWqPF4,"The Moon Cave (feat. Asha Puthli, Bobby Womack, Jalen Ngonda & Jalen Ngonda and Black Thought)",Gorillaz,2188,https://www.youtube.com/watch?v=ucRulNQsuYQ,8
0x80c2c53d8366b621:0xdbf838b17a724666,"Alhambra, California, United States",CITY,2026-03-11T14:32:00.978685+00:00,18,G:0fJQfvpDi4U,BIRDS OF A FEATHER,Billie Eilish,1430,https://www.youtube.com/watch?v=V9PVRfjEBTI,24
0x80c2c75ddc27da13:0xe22fdf6f254608f4,"Los Angeles, California, United States",CITY,2026-03-11T14:12:03.869484+00:00,20,G:Z1CILL4HH4o,HOLLYWOOD,"Peso Pluma, Estevan Plazola",327618,https://www.youtube.com/watch?v=rCL8-CiGSmc,4
0x80c2c9305639c585:0x4c3fcf4c913fd50c,"Huntington Park, California, United States",CITY,2026-03-11T14:38:27.300839+00:00,3,G:27T4gSBtc1c,Kuruption (feat. Everlast),Kurupt,2563,https://www.youtube.com/watch?v=ExGOfmdZTMQ,1
0x80c2cae84099d759:0xa1003afac42a8faa,"Long Beach, California, United States",CITY,2026-03-11T14:40:19.096045+00:00,20,G:0fJQfvpDi4U,BIRDS OF A FEATHER,Billie Eilish,9260,https://www.youtube.com/watch?v=V9PVRfjEBTI,24
0x80c2cb1e7fbac47d:0xa12f1778a9e28065,"Carson, California, United States",CITY,2026-03-11T14:35:13.317487+00:00,20,G:utbdr1K6TmM,Man I Need,Olivia Dean,1675,https://www.youtube.com/watch?v=oIv_Y2RPQ_A,257
0x80c2cb6b7f1d5b4d:0x56bce9a915bcb42,"Compton, California, United States",CITY,2026-03-11T15:25:10.543461+00:00,19,G:HaUBdT6yZFI,Gnarly,KATSEYE,3620,https://www.youtube.com/watch?v=R2-yomhYAj4,98
0x80c2cb97a68da367:0xe8f623b469fa06ab,"Lynwood, California, United States",CITY,2026-03-11T14:40:31.139194+00:00,18,G:Iq5q6GGpJmY,Montagem Miau,Lenar,2164,https://www.youtube.com/watch?v=JJjEl_EVsLA,26
0x80c2cc11a345b71f:0x9143068419df6ad2,"South Gate, California, United States",CITY,2026-03-11T14:49:55.340983+00:00,18,G:HaUBdT6yZFI,Gnarly,KATSEYE,2518,https://www.youtube.com/watch?v=R2-yomhYAj4,98
0x80c2cc4c1e082291:0x9140a72616789d0a,"Downey, California, United States",CITY,2026-03-11T15:25:28.077998+00:00,14,G:HaUBdT6yZFI,Gnarly,KATSEYE,3063,https://www.youtube.com/watch?v=R2-yomhYAj4,98
0x80c2ccddb4cb3233:0xd3a19b99f2852f57,"Paramount, California, United States",CITY,2026-03-11T14:45:18.999158+00:00,19,G:HaUBdT6yZFI,Gnarly,KATSEYE,1328,https://www.youtube.com/watch?v=R2-yomhYAj4,98
0x80c2ce2a461f5e85:0x7e88319934cd9ada,"Montebello, California, United States",CITY,2026-03-11T14:41:53.259315+00:00,18,G:HaUBdT6yZFI,Gnarly,KATSEYE,1566,https://www.youtube.com/watch?v=R2-yomhYAj4,98
0x80c2cf71ad83ff9f:0x518b28657f4543b7,"East Los Angeles, California, United States",CITY,2026-03-11T15:25:32.216986+00:00,11,G:tXJZzPCuZMg,Amor,Emmanuel Cortes,3460,https://www.youtube.com/watch?v=TX-1dI8t6WM,149
0x80c2d074766c77b1:0xa0351d489643887c,"Rosemead, California, United States",CITY,2026-03-11T15:25:54.634338+00:00,16,G:HaUBdT6yZFI,Gnarly,KATSEYE,1166,https://www.youtube.com/watch?v=R2-yomhYAj4,98
0x80c2d0a463f6d0ef:0x6b0f018ea5b0374d,"El Monte, California, United States",CITY,2026-03-11T15:25:33.303239+00:00,16,G:tXJZzPCuZMg,Amor,Emmanuel Cortes,2577,https://www.youtube.com/watch?v=TX-1dI8t6WM,149
0x80c2d18b02bded21:0x57b0c36882c40e90,"Pico Rivera, California, United States",CITY,2026-03-11T14:45:55.554990+00:00,18,G:diKxju-DnHk,Creep,Radiohead,1197,https://www.youtube.com/watch?v=XFkzRNyygfk,61
0x80c2d2cc0c2ff1d3:0xa7d20fe96f734484,"Norwalk, California, United States",CITY,2026-03-11T14:44:13.561944+00:00,16,G:HaUBdT6yZFI,Gnarly,KATSEYE,3203,https://www.youtube.com/watch?v=R2-yomhYAj4,98
0x80c2d386557a87f7:0x27a87d47c140245a,"Whittier, California, United States",CITY,2026-03-11T14:52:21.690208+00:00,17,G:diKxju-DnHk,Creep,Radiohead,2521,https://www.youtube.com/watch?v=XFkzRNyygfk,61
0x80c2d5313a8b3d83:0xa81f48a1853026dd,"La Habra, California, United States",CITY,2026-03-11T14:39:48.651351+00:00,10,G:DYFO9ZFMYtY,Ya Borracho,Herencia De Grandes,1317,https://www.youtube.com/watch?v=7SsmyjVF1Oo,421
0x80c2d5d428c37789:0xe3df22dfc0a25528,"Hacienda Heights, California, United States",CITY,2026-03-11T14:37:16.375096+00:00,20,G:diKxju-DnHk,Creep,Radiohead,867,https://www.youtube.com/watch?v=XFkzRNyygfk,61
0x80c2d780ba2eacb9:0xa569bc2401a17ff,"Baldwin Park, California, United States",CITY,2026-03-11T14:32:40.455985+00:00,10,G:8Vlxl_S00CI,Thunderstorm Sound Bank - No Fade (Loopable),Thunderstorm,2836,https://www.youtube.com/watch?v=mjQOV5Zx61Q,1
0x80c328515957e659:0x91002b97e41980ee,"Covina, California, United States",CITY,2026-03-11T15:25:15.640464+00:00,20,G:HaUBdT6yZFI,Gnarly,KATSEYE,1546,https://www.youtube.com/watch?v=R2-yomhYAj4,98
0x80c329c466d70ea9:0xe45ef44baa0981ea,"West Covina, California, United States",CITY,2026-03-11T15:25:15.073860+00:00,18,G:diKxju-DnHk,Creep,Radiohead,1752,https://www.youtube.com/watch?v=XFkzRNyygfk,61
0x80c32def799fa121:0x5209947000caa933,"Pomona, California, United States",CITY,2026-03-11T14:48:11.749978+00:00,15,G:tXJZzPCuZMg,Amor,Emmanuel Cortes,4202,https://www.youtube.com/watch?v=TX-1dI8t6WM,149
0x80c33123458318cd:0x98a96ad80d71f017,"Upland, California, United States",CITY,2026-03-11T14:51:39.771960+00:00,16,G:C-5U1VCTLrw,Sunflower,"Post Malone, Swae Lee",1776,https://www.youtube.com/watch?v=ApXoWvfEYVU,378
0x80c333293d7c8927:0x3fdade98a0dd6785,"Chino, California, United States",CITY,2026-03-11T15:25:04.939832+00:00,20,G:HaUBdT6yZFI,Gnarly,KATSEYE,2508,https://www.youtube.com/watch?v=R2-yomhYAj4,98
0x80c33651d4d91229:0x34a3821694b5006e,"Chino Hills, California, United States",CITY,2026-03-11T15:25:05.281955+00:00,17,G:lIgjIh6GlAI,Debut,KATSEYE,1669,https://www.youtube.com/watch?v=kG0z7hwY3as,3
0x80c34b8f224409c3:0x78cbf3c11829549b,"Fontana, California, United States",CITY,2026-03-11T14:36:11.421056+00:00,17,G:HaUBdT6yZFI,Gnarly,KATSEYE,6058,https://www.youtube.com/watch?v=R2-yomhYAj4,98
0x80c3537de2fdb8f3:0x2867c6788c87c28d,"San Bernardino, California, United States",CITY,2026-03-11T14:33:04.206047+00:00,17,G:tXJZzPCuZMg,Amor,Emmanuel Cortes,8933,https://www.youtube.com/watch?v=TX-1dI8t6WM,149
0x80c35bf938112791:0xad6a7aad82f2f34b,"Rancho Cucamonga, California, United States",CITY,2026-03-11T15:25:48.581016+00:00,5,G:crPMo0sxTuo,I Just Might,Bruno Mars,5389,https://www.youtube.com/watch?v=mrV8kK5t0V8,455
0x80c35d0ec347107f:0x703e35af9583a20,"Hesperia, California, United States",CITY,2026-03-11T14:38:01.811804+00:00,20,G:tXJZzPCuZMg,Amor,Emmanuel Cortes,3864,https://www.youtube.com/watch?v=TX-1dI8t6WM,149
0x80c3613ed3a24297:0x2905e50eba6b7d7a,"Apple Valley, California, United States",CITY,2026-03-11T14:32:10.581255+00:00,16,G:diKxju-DnHk,Creep,Radiohead,2323,https://www.youtube.com/watch?v=XFkzRNyygfk,61
0x80c3645a63ddd279:0xd95115925f43476,"Victorville, California, United States",CITY,2026-03-11T14:52:00.056533+00:00,19,G:HaUBdT6yZFI,Gnarly,KATSEYE,6160,https://www.youtube.com/watch?v=R2-yomhYAj4,98
0x80c4a685df718ced:0x674a567510e91e3f,"Colton, California, United States",CITY,2026-03-11T15:25:10.261009+00:00,18,G:tXJZzPCuZMg,Amor,Emmanuel Cortes,1687,https://www.youtube.com/watch?v=TX-1dI8t6WM,149
0x80ca44d0984939e5:0x531707f2f8a11c1e,"St. George, Utah, United States",CITY,2026-03-11T14:18:10.788102+00:00,15,G:C5z7egbtL_Q,How It’s Done,"HUNTR/X, EJAE, AUDREY NUNA, REI AMI, KPop Demon Hunters Cast",3023,https://www.youtube.com/watch?v=QGsevnbItdU,195
0x80d1f216ee89e023:0x98de83cfb72ad3e2,"Lake Havasu City, Arizona, United States",CITY,2026-03-11T14:39:55.667766+00:00,19,G:fNoimK4cueY,Everlong,Foo Fighters,808,https://www.youtube.com/watch?v=eBG7P-K-r1Y,1
0x80d605ff306699ad:0x844b9fa27d5ddb79,"San Luis Río Colorado, Sonora, Mexico",CITY,2026-03-11T14:13:10.512078+00:00,15,G:Qi0Nxi2_dk8,Chula Vente,"Luis R Conriquez, Fuerza Regida, Neton Vega",23027,https://www.youtube.com/watch?v=E0KwLegXk8A,2
0x80d66287214dadd9:0xcfa93a07f59e4258,"Yuma, Arizona, United States",CITY,2026-03-11T15:26:21.199278+00:00,20,G:yYEhEjIrBgU,Frecuencia,Los Dareyes De La Sierra,3571,https://www.youtube.com/watch?v=ebXEaHEYYng,112
0x80d75f9c2642bbbd:0xcb0448b8249ffdaf,"El Centro, California, United States",CITY,2026-03-11T14:13:41.130407+00:00,19,G:7JCDm_RCJwQ,EoO,Bad Bunny,1750,https://www.youtube.com/watch?v=myDIeOjqQos,144
0x80d7700ca877ddd3:0xd40033a0e5cdf59a,"Mexicali, Baja California, Mexico",CITY,2026-03-11T14:20:14.378714+00:00,15,G:zjUNrd3L8bQ,chiclona,"Peso Pluma, Tito Double P, LENCHO",106559,https://www.youtube.com/watch?v=XSwuQ8KPMe8,2
0x80d7700ca877ddd3:0xfca4fd9f0318de8e,"Baja California, Mexico",SUBCOUNTRY,2026-03-11T14:20:13.106510+00:00,16,G:aB2KBXKkNJ4,Triple Lavada (Remix) (feat. Víctor Mendivil),"Esau Ortiz, Luis R Conriquez, Óscar Maydon, Alemán",493604,https://www.youtube.com/watch?v=nt1Q4vJBCWc,13
0x80d88ef01f54b9f5:0xf360981bb676a651,"Ensenada, Baja California, Mexico",CITY,2026-03-11T14:20:19.113675+00:00,19,G:QWXzKx7HvK0,3 AM,"Jimmy Guzman, Omar Camacho",34241,https://www.youtube.com/watch?v=mLP68giTciw,7
0x80d9390226587bd3:0x14724bafa4e62456,"Tijuana, Baja California, Mexico",CITY,2026-03-11T14:08:54.470052+00:00,15,G:aB2KBXKkNJ4,Triple Lavada (Remix) (feat. Víctor Mendivil),"Esau Ortiz, Luis R Conriquez, Óscar Maydon, Alemán",337266,https://www.youtube.com/watch?v=nt1Q4vJBCWc,13
0x80d94e4565c3aacf:0x46ccb8734b8f2bd3,"Chula Vista, California, United States",CITY,2026-03-11T15:25:07.000710+00:00,15,G:HaUBdT6yZFI,Gnarly,KATSEYE,7075,https://www.youtube.com/watch?v=R2-yomhYAj4,98
0x80d9530fad921e4b:0xd3a21fdfd15df79,"San Diego, California, United States",CITY,2026-03-11T14:26:14.246183+00:00,16,G:yYEhEjIrBgU,Frecuencia,Los Dareyes De La Sierra,83209,https://www.youtube.com/watch?v=ebXEaHEYYng,112
0x80d95717c3934c6d:0xb56add22ae56c8fc,"La Mesa, California, United States",CITY,2026-03-11T14:39:49.144025+00:00,9,G:crPMo0sxTuo,I Just Might,Bruno Mars,1203,https://www.youtube.com/watch?v=mrV8kK5t0V8,455
0x80d959b17b098363:0xaf79d6ad60c2763,"El Cajon, California, United States",CITY,2026-03-11T15:25:32.956079+00:00,11,G:wr5k1DHiS4w,Dimma Khelia,Feras Albazi,2780,https://www.youtube.com/watch?v=X3lvPK_Bgk4,2
0x80daf43543dfd785:0x166ce7cda7235031,"Indio, California, United States",CITY,2026-03-11T14:38:39.979807+00:00,20,G:HaUBdT6yZFI,Gnarly,KATSEYE,2715,https://www.youtube.com/watch?v=R2-yomhYAj4,98
0x80dafc2ef2a5c237:0x2eb9468f86af4675,"Palm Desert, California, United States",CITY,2026-03-11T14:45:08.525306+00:00,20,G:lv66M_R0ZlI,Opalite,Taylor Swift,961,https://www.youtube.com/watch?v=3PJC6uPIekc,274
0x80db1ad4ffdbe5b3:0xa1e56987c2ed797c,"Palm Springs, California, United States",CITY,2026-03-11T14:45:10.085397+00:00,19,G:0fJQfvpDi4U,BIRDS OF A FEATHER,Billie Eilish,1100,https://www.youtube.com/watch?v=V9PVRfjEBTI,24
0x80db511cd428ba3f:0x7a291ed4bbaca8fe,"Yucaipa, California, United States",CITY,2026-03-11T15:26:20.030793+00:00,16,G:diKxju-DnHk,Creep,Radiohead,1232,https://www.youtube.com/watch?v=XFkzRNyygfk,61
0x80db53c64196b143:0x75d9e9ca3bdbba67,"Redlands, California, United States",CITY,2026-03-11T15:25:49.375716+00:00,17,G:C-5U1VCTLrw,Sunflower,"Post Malone, Swae Lee",2374,https://www.youtube.com/watch?v=ApXoWvfEYVU,378
0x80db6252f51abe23:0x68bc0e88a03806a8,"Temecula, California, United States",CITY,2026-03-11T15:26:08.310945+00:00,19,G:C-5U1VCTLrw,Sunflower,"Post Malone, Swae Lee",3276,https://www.youtube.com/watch?v=ApXoWvfEYVU,378
0x80db6378cc805917:0x96d46fdc21b541e4,"San Jacinto, California, United States",CITY,2026-03-11T15:26:03.507970+00:00,14,G:HaUBdT6yZFI,Gnarly,KATSEYE,2081,https://www.youtube.com/watch?v=R2-yomhYAj4,98
0x80db6402c4739eb7:0x75c5a9b3a8edfe0f,"Menifee, California, United States",CITY,2026-03-11T14:41:30.514549+00:00,16,G:HaUBdT6yZFI,Gnarly,KATSEYE,2998,https://www.youtube.com/watch?v=R2-yomhYAj4,98
0x80db6437859615a9:0x693c76f668b570c2,"Hemet, California, United States",CITY,2026-03-11T14:38:00.895157+00:00,19,G:tSJmmVygHPA,El Mayor de los Ranas,"Victor Valverde, Jr Torres",2793,https://www.youtube.com/watch?v=4Ez2wJnlwag,375
0x80db7d3fc502f2f1:0x12d42ef99dd4ed8f,"Murrieta, California, United States",CITY,2026-03-11T14:42:34.018895+00:00,19,G:C-5U1VCTLrw,Sunflower,"Post Malone, Swae Lee",2910,https://www.youtube.com/watch?v=ApXoWvfEYVU,378
0x80db8aa88854fc77:0xb0e74ec3e5b47b47,"San Marcos, California, United States",CITY,2026-03-11T15:26:03.674805+00:00,19,G:DYFO9ZFMYtY,Ya Borracho,Herencia De Grandes,1670,https://www.youtube.com/watch?v=7SsmyjVF1Oo,421
0x80dbe0b4b1f19627:0x324b4a414d8b0467,"Poway, California, United States",CITY,2026-03-11T14:47:55.674983+00:00,12,G:HaUBdT6yZFI,Gnarly,KATSEYE,864,https://www.youtube.com/watch?v=R2-yomhYAj4,98
0x80dbf35e81c2437b:0x1d1c80f7796c5df,"Escondido, California, United States",CITY,2026-03-11T15:25:36.114310+00:00,18,G:tXJZzPCuZMg,Amor,Emmanuel Cortes,3588,https://www.youtube.com/watch?v=TX-1dI8t6WM,149
0x80dc0b03e71173e7:0x785c1389e14bf78d,"Vista, California, United States",CITY,2026-03-11T14:52:04.344706+00:00,19,G:tXJZzPCuZMg,Amor,Emmanuel Cortes,2049,https://www.youtube.com/watch?v=TX-1dI8t6WM,149
0x80dc655e605b7705:0x19ecb3f398f9f87,"Oceanside, California, United States",CITY,2026-03-11T14:44:37.542269+00:00,16,G:C-5U1VCTLrw,Sunflower,"Post Malone, Swae Lee",3106,https://www.youtube.com/watch?v=ApXoWvfEYVU,378
0x80dc73453f3bee59:0xa4cb5592fcf65d2f,"Carlsbad, California, United States",CITY,2026-03-11T14:35:07.218646+00:00,12,G:lv66M_R0ZlI,Opalite,Taylor Swift,1714,https://www.youtube.com/watch?v=3PJC6uPIekc,274
0x80dc9a2631993a33:0x715d4ca8aa0854d9,"Lake Elsinore, California, United States",CITY,2026-03-11T14:39:56.881251+00:00,19,G:HaUBdT6yZFI,Gnarly,KATSEYE,2399,https://www.youtube.com/watch?v=R2-yomhYAj4,98
0x80dca1d2aacc01ff:0x3af37d5bccbc9f28,"Perris, California, United States",CITY,2026-03-11T14:45:47.892863+00:00,11,G:tXJZzPCuZMg,Amor,Emmanuel Cortes,3895,https://www.youtube.com/watch?v=TX-1dI8t6WM,149
0x80dca6df7ff47dbb:0xf7a1d705135e0ae8,"Riverside, California, United States",CITY,2026-03-11T15:25:53.287954+00:00,20,G:tXJZzPCuZMg,Amor,Emmanuel Cortes,9428,https://www.youtube.com/watch?v=TX-1dI8t6WM,149
0x80dcb0b9ea5d606d:0x8998d10fd29252f1,"Corona, California, United States",CITY,2026-03-11T15:25:13.472749+00:00,16,G:HaUBdT6yZFI,Gnarly,KATSEYE,4381,https://www.youtube.com/watch?v=R2-yomhYAj4,98
0x80dcc2af93bd7d9b:0x276285924e314834,"Mission Viejo, California, United States",CITY,2026-03-11T14:41:41.135414+00:00,12,G:lv66M_R0ZlI,Opalite,Taylor Swift,1664,https://www.youtube.com/watch?v=3PJC6uPIekc,274
0x80dcc337aaee364b:0xe855911d10c84c72,"Tustin, California, United States",CITY,2026-03-11T15:26:17.466391+00:00,20,G:XBikUiq-JSE,GO,BLACKPINK,1545,https://www.youtube.com/watch?v=2GJfWMYCWY0,140
0x80dcd6f98055e867:0x1ab89ab9a2bb160,"Anaheim, California, United States",CITY,2026-03-11T14:26:13.480454+00:00,18,G:Z1CILL4HH4o,HOLLYWOOD,"Peso Pluma, Estevan Plazola",61942,https://www.youtube.com/watch?v=rCL8-CiGSmc,4
0x80dcd96a47bfb5a3:0x4ba7e4f8e9fcd243,"Westminster, California, United States",CITY,2026-03-11T14:52:18.079057+00:00,8,G:1lzIcyKmBDM,Vạn Sự Như Ý,Trúc Nhân,2993,https://www.youtube.com/watch?v=hjYOanJelUs,37
0x80dcdb956c823085:0xc74f843a1f1efdbc,"Santa Ana, California, United States",CITY,2026-03-11T14:27:48.457180+00:00,20,G:HaUBdT6yZFI,Gnarly,KATSEYE,8488,https://www.youtube.com/watch?v=R2-yomhYAj4,98
0x80dcdd0e689140e3:0xa77ab575604a9a39,"Irvine, California, United States",CITY,2026-03-11T14:38:58.429853+00:00,13,G:XBikUiq-JSE,GO,BLACKPINK,11790,https://www.youtube.com/watch?v=2GJfWMYCWY0,140
0x80dcdf6ffc576f79:0xef018412d803c0da,"Costa Mesa, California, United States",CITY,2026-03-11T15:25:14.220724+00:00,12,G:AJRuE4Ytoos,Todo Lo Fue,Lenin Ramírez,2589,https://www.youtube.com/watch?v=kwwdY1bp-Ck,318
0x80dce81929e3844f:0xdc4933a091360fe5,"Lake Forest, California, United States",CITY,2026-03-11T14:39:52.632904+00:00,20,G:HaUBdT6yZFI,Gnarly,KATSEYE,1628,https://www.youtube.com/watch?v=R2-yomhYAj4,98
0x80dcef5de90ae413:0xa4002d17edbdc492,"Laguna Niguel, California, United States",CITY,2026-03-11T14:39:50.951991+00:00,1,G:SXEBmk5L-qU,Revelation Song (Live),Kari Jobe,2573,https://www.youtube.com/watch?v=NNgoI1MDz8Y,1
0x80dcf45b5929569f:0x3a26054814cc7bbf,"San Clemente, California, United States",CITY,2026-03-11T15:26:02.232829+00:00,20,G:diKxju-DnHk,Creep,Radiohead,858,https://www.youtube.com/watch?v=XFkzRNyygfk,61
0x80dd2422f9c82ab5:0x45ed85c9a4663b01,"Huntington Beach, California, United States",CITY,2026-03-11T14:38:30.831151+00:00,14,G:lv66M_R0ZlI,Opalite,Taylor Swift,3019,https://www.youtube.com/watch?v=3PJC6uPIekc,274
0x80dd27151a7ed69f:0x68a49ee5bbe1e8c9,"Fountain Valley, California, United States",CITY,2026-03-11T14:36:29.448662+00:00,12,G:zXHxUVGJN_M,"MASHUP ROCK THIỆP HỒNG | TÓC TIÊN, MAIQUINN, MUỘIl, YEOLAN, ĐÀO TỬ A1J x DTAP | LSX 2025"," Meme Media, Viet Anh",1047,https://www.youtube.com/watch?v=QJ5BiZUCb4M,38
0x80dd283f9d1dcd8d:0x3909622bd0f8b3a,"Garden Grove, California, United States",CITY,2026-03-11T14:36:40.146945+00:00,10,G:1lzIcyKmBDM,Vạn Sự Như Ý,Trúc Nhân,4854,https://www.youtube.com/watch?v=hjYOanJelUs,37
0x80dd2a74c381cb63:0xf59c53811e60ea4a,"Fullerton, California, United States",CITY,2026-03-11T14:36:41.290833+00:00,20,G:0fJQfvpDi4U,BIRDS OF A FEATHER,Billie Eilish,2875,https://www.youtube.com/watch?v=V9PVRfjEBTI,24
0x80dd2bf413605d2b:0xcd9feee5cde8fe25,"Buena Park, California, United States",CITY,2026-03-11T14:34:35.003219+00:00,19,G:HaUBdT6yZFI,Gnarly,KATSEYE,1592,https://www.youtube.com/watch?v=R2-yomhYAj4,98
0x80dd2d00f75b384b:0xe499548dd933e01,"Cerritos, California, United States",CITY,2026-03-11T14:35:22.423655+00:00,18,G:QR0liU8Qt2w,Internet Girl,KATSEYE,961,https://www.youtube.com/watch?v=5q9EjSUovc4,1
0x80dd2e92596bf6ef:0xd42cd7add5c15410,"Cypress, California, United States",CITY,2026-03-11T15:25:18.135001+00:00,11,G:w57a1z9NiJU,Nxde,i-dle,1129,https://www.youtube.com/watch?v=fCO7f0SmrDc,1
0x80dd32b0f5be4373:0xb606554ff6489b09,"Bellflower, California, United States",CITY,2026-03-11T14:32:59.233588+00:00,20,G:W5-sHhg-Lhw,I Thought I Saw Your Face Today,She & Him,1628,https://www.youtube.com/watch?v=pyGU-UudvrM,15
0x80dd4ad158b3ded3:0xad4bd36e4e0a661e,"Torrance, California, United States",CITY,2026-03-11T15:26:13.194948+00:00,6,G:upNMPTd7ZLk,Uptown Funk (feat. Bruno Mars),Mark Ronson,4160,https://www.youtube.com/watch?v=OPf0YbXqDm0,1
0x80dd4bda70548d9f:0xc1447f5b6e9694b4,"Rancho Palos Verdes, California, United States",CITY,2026-03-11T15:25:49.082999+00:00,18,G:HaUBdT6yZFI,Gnarly,KATSEYE,502,https://www.youtube.com/watch?v=R2-yomhYAj4,98
0x80e8255670288891:0x8d2e7a0147cc2e26,"Thousand Oaks, California, United States",CITY,2026-03-11T15:26:10.652992+00:00,20,G:lv66M_R0ZlI,Opalite,Taylor Swift,2133,https://www.youtube.com/watch?v=3PJC6uPIekc,274
0x80e82e6c5b563301:0xf4e0598e94d3434d,"Simi Valley, California, United States",CITY,2026-03-11T14:49:48.204529+00:00,9,G:crPMo0sxTuo,I Just Might,Bruno Mars,2543,https://www.youtube.com/watch?v=mrV8kK5t0V8,455
0x80e836108f4494bb:0x6e59410f8a656ce7,"Camarillo, California, United States",CITY,2026-03-11T14:34:50.179383+00:00,5,G:crPMo0sxTuo,I Just Might,Bruno Mars,2083,https://www.youtube.com/watch?v=mrV8kK5t0V8,455
0x80e84de61325679f:0x598049c0fa5eb645,"Oxnard, California, United States",CITY,2026-03-11T14:45:04.485734+00:00,13,G:tXJZzPCuZMg,Amor,Emmanuel Cortes,7325,https://www.youtube.com/watch?v=TX-1dI8t6WM,149
0x80e914c76f2d83d5:0xc8d13a64d7ba7648,"Santa Barbara, California, United States",CITY,2026-03-11T14:48:57.678103+00:00,16,G:tXJZzPCuZMg,Amor,Emmanuel Cortes,2302,https://www.youtube.com/watch?v=TX-1dI8t6WM,149
0x80e9ad155097394d:0x24eff57c367aeae8,"Ventura, California, United States",CITY,2026-03-11T14:51:55.513539+00:00,18,G:C-5U1VCTLrw,Sunflower,"Post Malone, Swae Lee",1933,https://www.youtube.com/watch?v=ApXoWvfEYVU,378
0x80ea6bc8b994cb0d:0x59360c0998fe74c8,"Bakersfield, California, United States",CITY,2026-03-11T14:32:44.682087+00:00,20,G:HaUBdT6yZFI,Gnarly,KATSEYE,13755,https://www.youtube.com/watch?v=R2-yomhYAj4,98
0x80eaa77e1b5909cf:0x984106278a2b1a06,"Porterville, California, United States",CITY,2026-03-11T14:48:07.710038+00:00,17,G:4B9ulw10Uvs,I Got Better,Morgan Wallen,2787,https://www.youtube.com/watch?v=H1xu44kH5BE,139
0x80eae58d36cda223:0x3d832037eb58713c,"Delano, California, United States",CITY,2026-03-11T15:25:22.004122+00:00,17,G:psfZFESzxEU,El Del Palenque,Los Alegres Del Barranco,1719,https://www.youtube.com/watch?v=-KY3SUz3KaI,5
0x80ec0faa0c54c609:0xbfd52658a5a348e,"Santa Maria, California, United States",CITY,2026-03-11T14:49:00.164265+00:00,14,G:z9D6Rcv5aQg,Y LLORO,Junior H,4479,https://www.youtube.com/watch?v=a8M1Es4cI_4,20
0x80ece6be7b6cc227:0xbc0290c2ceef0f46,"San Luis Obispo, California, United States",CITY,2026-03-11T14:29:19.358196+00:00,17,G:6lQpODWqPF4,"The Moon Cave (feat. Asha Puthli, Bobby Womack, Jalen Ngonda & Jalen Ngonda and Black Thought)",Gorillaz,834,https://www.youtube.com/watch?v=ucRulNQsuYQ,8
0x84043a3b88685353:0xed64b4be6b099811,Mexico,COUNTRY,2026-03-11T14:08:43.414554+00:00,18,G:gn4lDdL9n40,ANSIEDAD,Fuerza Regida,13447320,https://www.youtube.com/watch?v=UStUu4Ew3SU,61
0x841f40ebd4624e6f:0xa0feb0a35a1b4a53,"Jalisco, Mexico",SUBCOUNTRY,2026-03-11T14:08:45.966183+00:00,17,G:QM4B7MFw-R4,Pvta Luna,Neton Vega,1028892,https://www.youtube.com/watch?v=Xs31-zaz5dc,54
0x8420a89ce63edb47:0xc2c8f5a28694d239,"Nayarit, Mexico",SUBCOUNTRY,2026-03-11T14:29:34.654050+00:00,20,G:kQv5kL5wW5M,El Que Te Amó,"Luis Angel ""El Flaco""",87418,https://www.youtube.com/watch?v=K2_iTMvLylc,9
0x842145635063c87f:0x79cfbf9985bf5274,"Puerto Vallarta, Jalisco, Mexico",CITY,2026-03-11T14:29:47.930016+00:00,18,G:kQv5kL5wW5M,El Que Te Amó,"Luis Angel ""El Flaco""",29360,https://www.youtube.com/watch?v=K2_iTMvLylc,9
0x8424d43417bb3e19:0xddb3e9aae7750d4b,"Manzanillo, Colima, Mexico",CITY,2026-03-11T14:21:20.868945+00:00,20,G:yCgQu4WvBWw,Corazón (En Vivo),"Moy Bobadilla, Grupo Firme",15812,https://www.youtube.com/watch?v=DtznKsKZWCY,4
0x8425320dfe7025eb:0x2c1e40971f57690a,"Colima, Mexico",SUBCOUNTRY,2026-03-11T14:21:23.532130+00:00,19,G:kQv5kL5wW5M,El Que Te Amó,"Luis Angel ""El Flaco""",55714,https://www.youtube.com/watch?v=K2_iTMvLylc,9
0x842545523455a217:0xb6b497fc5af555e6,"Colima, Colima, Mexico",CITY,2026-03-11T14:21:25.129425+00:00,19,G:kQv5kL5wW5M,El Que Te Amó,"Luis Angel ""El Flaco""",14751,https://www.youtube.com/watch?v=K2_iTMvLylc,9
0x842735d8893dcfdb:0x83784645f40c2d79,"Tepic, Nayarit, Mexico",CITY,2026-03-11T14:29:38.450758+00:00,19,G:kQv5kL5wW5M,El Que Te Amó,"Luis Angel ""El Flaco""",47531,https://www.youtube.com/watch?v=K2_iTMvLylc,9
0x8428ae61a9704c13:0xafd8a5d47ed002ac,"Zapopan, Jalisco, Mexico",CITY,2026-03-11T14:29:40.940968+00:00,20,G:QM4B7MFw-R4,Pvta Luna,Neton Vega,139780,https://www.youtube.com/watch?v=Xs31-zaz5dc,54
0x8428b18cb52fd39b:0xd63d9302bf865750,"Guadalajara, Jalisco, Mexico",CITY,2026-03-11T14:08:51.996640+00:00,18,G:aB2KBXKkNJ4,Triple Lavada (Remix) (feat. Víctor Mendivil),"Esau Ortiz, Luis R Conriquez, Óscar Maydon, Alemán",334348,https://www.youtube.com/watch?v=nt1Q4vJBCWc,13
0x842927d6cd6fb1eb:0xc09f3194b644c3d7,"Tepatitlán de Morelos, Jalisco, Mexico",CITY,2026-03-11T14:29:20.840946+00:00,19,G:xT9z1CZ-zzY,tu con el,"Peso Pluma, Tito Double P",11278,https://www.youtube.com/watch?v=ckGXPN5HPMs,15
0x8429719bdeaf729d:0xf20a5364d39b2c18,"San Juan de los Lagos, Jalisco, Mexico",CITY,2026-03-11T14:15:28.391812+00:00,13,G:CkwhwMN76HM,ANSIEDAD,Grupo Arriesgado,11689,https://www.youtube.com/watch?v=Qm0q7YpYt-A,44
0x8429e6a5760913b9:0x662e2fa6b1f4151f,"Aguascalientes, Mexico",SUBCOUNTRY,2026-03-11T14:20:52.823667+00:00,17,G:xT9z1CZ-zzY,tu con el,"Peso Pluma, Tito Double P",159976,https://www.youtube.com/watch?v=ckGXPN5HPMs,15
0x8429ec143ae4d9fb:0x4016978679c5220,"Aguascalientes, Aguascalientes, Mexico",CITY,2026-03-11T14:21:01.268411+00:00,16,G:7OR0Ah3ECho,Ya Fue,Herencia De Grandes,117070,https://www.youtube.com/watch?v=C3kgz_R5Ei0,44
0x842a5f3e1eb35cb7:0x3bc7650cf34be0d4,"Michoacán, Mexico",SUBCOUNTRY,2026-03-11T14:55:30.835444+00:00,11,G:7OR0Ah3ECho,Ya Fue,Herencia De Grandes,518135,https://www.youtube.com/watch?v=C3kgz_R5Ei0,44
0x842aa20005acfb79:0xe620b241c404415e,"San Luis Potosi, Mexico",SUBCOUNTRY,2026-03-11T14:12:19.072561+00:00,20,G:xT9z1CZ-zzY,tu con el,"Peso Pluma, Tito Double P",220471,https://www.youtube.com/watch?v=ckGXPN5HPMs,15
0x842aa20005acfb79:0xed2ee29afe18257,"San Luis Potosi, San Luis Potosi, Mexico",CITY,2026-03-11T14:12:24.089231+00:00,12,G:mrBn1-lNjsM,caperuza,Fuerza Regida,98828,https://www.youtube.com/watch?v=02l4pkVdBug,55
0x842b3c037b45da91:0x31b943f4e3ce4942,"Dolores Hidalgo, Guanajuato, Mexico",CITY,2026-03-11T14:26:57.074239+00:00,16,G:xT9z1CZ-zzY,tu con el,"Peso Pluma, Tito Double P",17175,https://www.youtube.com/watch?v=ckGXPN5HPMs,15
0x842b51af9871bc0f:0x653101031d07b0a4,"San Miguel de Allende, Guanajuato, Mexico",CITY,2026-03-11T14:13:46.117860+00:00,19,G:7OR0Ah3ECho,Ya Fue,Herencia De Grandes,19314,https://www.youtube.com/watch?v=C3kgz_R5Ei0,44
0x842b5b8f509b7f7f:0xe78ea61981be43a0,"Guanajuato, Mexico",SUBCOUNTRY,2026-03-11T14:08:47.894894+00:00,15,G:QM4B7MFw-R4,Pvta Luna,Neton Vega,813055,https://www.youtube.com/watch?v=Xs31-zaz5dc,54
0x842b9c789beb7549:0x4bcc3b89b015bdd2,"Silao, Guanajuato, Mexico",CITY,2026-03-11T14:14:57.686338+00:00,17,G:_GG0jmEcrdg,CHAVALITAS,Fuerza Regida,15900,https://www.youtube.com/watch?v=1lulHw7LKl4,4
0x842bbeffd6e6e721:0x606d95ec61a54327,"Leon, Guanajuato, Mexico",CITY,2026-03-11T14:08:53.554491+00:00,16,G:TyGCeIT0diM,Cero Empatía,Julión Álvarez y su Norteño Banda,268069,https://www.youtube.com/watch?v=GNyembSi1nw,54
0x842bd224a70c5e3b:0x19a7e618b734a551,"Lagos de Moreno, Jalisco, Mexico",CITY,2026-03-11T14:19:03.886273+00:00,17,G:xT9z1CZ-zzY,tu con el,"Peso Pluma, Tito Double P",21010,https://www.youtube.com/watch?v=ckGXPN5HPMs,15
0x842c1f01dbbbcb75:0xf46d19588c0b0d8b,"La Piedad de Cabadas, Michoacán, Mexico",CITY,2026-03-11T14:55:33.095496+00:00,20,G:kQv5kL5wW5M,El Que Te Amó,"Luis Angel ""El Flaco""",16484,https://www.youtube.com/watch?v=K2_iTMvLylc,9
0x842c7e1f7b7e24f5:0xc7fd081ecde9689b,"Irapuato, Guanajuato, Mexico",CITY,2026-03-11T14:14:55.502396+00:00,14,G:QM4B7MFw-R4,Pvta Luna,Neton Vega,73191,https://www.youtube.com/watch?v=Xs31-zaz5dc,54
0x842c85091a5c9245:0xe7056e4729b35eac,"Salamanca, Guanajuato, Mexico",CITY,2026-03-11T14:14:56.052309+00:00,16,G:7OR0Ah3ECho,Ya Fue,Herencia De Grandes,29476,https://www.youtube.com/watch?v=C3kgz_R5Ei0,44
0x842cba641e60c675:0x998fd3ad9a7d2747,"Celaya, Guanajuato, Mexico",CITY,2026-03-11T14:14:54.405989+00:00,16,G:7OR0Ah3ECho,Ya Fue,Herencia De Grandes,81608,https://www.youtube.com/watch?v=C3kgz_R5Ei0,44
0x842cfa3bc9a849a9:0x7148633ed292b235,"Moroleón, Guanajuato, Mexico",CITY,2026-03-11T14:42:06.338617+00:00,14,G:mrBn1-lNjsM,caperuza,Fuerza Regida,3202,https://www.youtube.com/watch?v=02l4pkVdBug,55
0x842d0ba2b29da7e3:0x4016978679c8620,"Morelia, Michoacán, Mexico",CITY,2026-03-11T14:42:04.385240+00:00,18,G:QM4B7MFw-R4,Pvta Luna,Neton Vega,93970,https://www.youtube.com/watch?v=Xs31-zaz5dc,54
0x842d96a8b8d6ae39:0xe95695f886f1b1ca,"Pátzcuaro, Michoacán, Mexico",CITY,2026-03-11T14:45:35.617138+00:00,11,G:GSHR-b-TZ10,Se Fue (En Vivo),Moy Bobadilla,14809,https://www.youtube.com/watch?v=CqKqqfGFIhY,1
0x842de258c2fe4851:0x537e9be21f239f34,"Uruapan, Michoacán, Mexico",CITY,2026-03-11T14:51:39.804711+00:00,19,G:bX7WgY54rOA,No Regreses,Herencia De Grandes,40583,https://www.youtube.com/watch?v=2XA9FLCVMe8,16
0x842e88add88ece0d:0xa58897827e063f2b,"Zamora, Michoacán, Mexico",CITY,2026-03-11T15:26:21.323057+00:00,19,G:kQv5kL5wW5M,El Que Te Amó,"Luis Angel ""El Flaco""",39471,https://www.youtube.com/watch?v=K2_iTMvLylc,9
0x842ed8dac7c46fef:0x312062e6d2b2e7f,"Ocotlán, Jalisco, Mexico",CITY,2026-03-11T14:29:49.626252+00:00,19,G:kQv5kL5wW5M,El Que Te Amó,"Luis Angel ""El Flaco""",18532,https://www.youtube.com/watch?v=K2_iTMvLylc,9
0x842f81324a07f033:0x98b0f77f8e5f8784,"Ciudad Guzmán, Jalisco, Mexico",CITY,2026-03-11T14:29:42.609293+00:00,18,G:kQv5kL5wW5M,El Que Te Amó,"Luis Angel ""El Flaco""",19441,https://www.youtube.com/watch?v=K2_iTMvLylc,9
0x8434771c57e1063b:0x24ed2d9d3ccc3530,"Zihuatanejo, Guerrero, Mexico",CITY,2026-03-11T14:29:14.689871+00:00,17,G:TtcKf-2UG-M,Rikititriki Triqui Titriki,Los Karkiks,7580,https://www.youtube.com/watch?v=hj9Y9PolQck,2
0x8588135036e7506b:0x35982b375b84d5bb,Guatemala,COUNTRY,2026-03-11T14:06:32.715956+00:00,3,G:eHElp5PmrPc,Vamos a Platicar,"Cuisillos De Arturo Macias, Los Socios del Ritmo",3962016,https://www.youtube.com/watch?v=s4RkAYPjd24,9
0x85890dd8555c2791:0x1d41689b7f9c88c6,"Sacatepéquez Department, Guatemala",SUBCOUNTRY,2026-03-11T14:06:24.928761+00:00,1,G:eHElp5PmrPc,Vamos a Platicar,"Cuisillos De Arturo Macias, Los Socios del Ritmo",62747,https://www.youtube.com/watch?v=s4RkAYPjd24,9
0x85890e74b0250b15:0xf786ba2b2903723d,"Antigua Guatemala, Sacatepéquez Department, Guatemala",CITY,2026-03-11T14:06:35.176794+00:00,2,G:eHElp5PmrPc,Vamos a Platicar,"Cuisillos De Arturo Macias, Los Socios del Ritmo",28012,https://www.youtube.com/watch?v=s4RkAYPjd24,9
0x8589a180655c3345:0x4a72c7815b867b25,"Guatemala City, Guatemala Department, Guatemala",CITY,2026-03-11T14:06:28.839631+00:00,20,G:ydVYn4A9z0c,Entre tú y yo,Tu Corrido Mx,788318,https://www.youtube.com/watch?v=tiz4LP5aoMw,3
0x8589a18f0a8e040f:0xaccf39bbb1150f48,"Guatemala Department, Guatemala",SUBCOUNTRY,2026-03-11T14:06:29.136067+00:00,20,G:ydVYn4A9z0c,Entre tú y yo,Tu Corrido Mx,999484,https://www.youtube.com/watch?v=tiz4LP5aoMw,3
0x858d44b49757ce67:0xcf0033824619d615,"Chiapas, Mexico",SUBCOUNTRY,2026-03-11T14:18:26.108549+00:00,13,G:CkwhwMN76HM,ANSIEDAD,Grupo Arriesgado,509848,https://www.youtube.com/watch?v=Qm0q7YpYt-A,44
0x858e0f395e71c1b1:0x5d28b9b800b8228b,"Tapachula, Chiapas, Mexico",CITY,2026-03-11T14:18:25.127047+00:00,16,G:CkwhwMN76HM,ANSIEDAD,Grupo Arriesgado,41634,https://www.youtube.com/watch?v=Qm0q7YpYt-A,44
0x858e6ac44f52af75:0x9ea7732aeb4731a1,"San Marcos Department, Guatemala",SUBCOUNTRY,2026-03-11T14:06:35.680487+00:00,2,G:eHElp5PmrPc,Vamos a Platicar,"Cuisillos De Arturo Macias, Los Socios del Ritmo",182764,https://www.youtube.com/watch?v=s4RkAYPjd24,9
0x858e86153c7eac31:0x29d134d09a186f03,"Quetzaltenango Department, Guatemala",SUBCOUNTRY,2026-03-11T14:06:33.041522+00:00,2,G:eHElp5PmrPc,Vamos a Platicar,"Cuisillos De Arturo Macias, Los Socios del Ritmo",308053,https://www.youtube.com/watch?v=s4RkAYPjd24,9
0x858e97fe3fc89d3f:0x3ba7ff011f0f000f,"Quetzaltenango, Quetzaltenango Department, Guatemala",CITY,2026-03-11T14:06:30.020550+00:00,1,G:eHElp5PmrPc,Vamos a Platicar,"Cuisillos De Arturo Macias, Los Socios del Ritmo",212066,https://www.youtube.com/watch?v=s4RkAYPjd24,9
0x859554e3320028d9:0xb4abcd9df463ce35,"Juchitán de Zaragoza, Oaxaca, Mexico",CITY,2026-03-11T14:22:20.209081+00:00,9,G:89BuiF_I33A,Cariñito,Adolescentes Banda Oficial,10073,https://www.youtube.com/watch?v=VXpj7IrLs1I,1
0x85bf951b39d4f523:0x58fcdef3f44a0df4,"Salina Cruz, Oaxaca, Mexico",CITY,2026-03-11T14:22:20.998560+00:00,19,G:gn4lDdL9n40,ANSIEDAD,Fuerza Regida,13013,https://www.youtube.com/watch?v=UStUu4Ew3SU,61
0x85c0d84f3a0e5c51:0x44c60c433dd90bc9,"Oaxaca, Mexico",SUBCOUNTRY,2026-03-11T14:22:16.807180+00:00,17,G:3QZaZpbJyCk,Se Va,Los Lara,358846,https://www.youtube.com/watch?v=wVe08twz7Gc,4
0x85c3414245ca78c5:0x18a4d642e936019b,"Heroica Veracruz, Veracruz, Mexico",CITY,2026-03-11T14:51:56.897881+00:00,10,G:xWy5V63LNTA,TITAPU,"Flow Nasty, Jey F",110448,https://www.youtube.com/watch?v=O83gvZJ1EQY,1
0x85c355d0af54526d:0x2d777f0a6710b9b3,"Veracruz, Mexico",SUBCOUNTRY,2026-03-11T14:51:57.125143+00:00,19,G:gn4lDdL9n40,ANSIEDAD,Fuerza Regida,722501,https://www.youtube.com/watch?v=UStUu4Ew3SU,61
0x85c48d0a7f1257b3:0xbb08406c12837e32,"Córdoba, Veracruz, Mexico",CITY,2026-03-11T14:24:59.589669+00:00,19,G:gn4lDdL9n40,ANSIEDAD,Fuerza Regida,42478,https://www.youtube.com/watch?v=UStUu4Ew3SU,61
0x85c582bb9b474927:0x181452bc07d211eb,"Tehuacán, Puebla, Mexico",CITY,2026-03-11T14:20:10.102479+00:00,14,G:mrBn1-lNjsM,caperuza,Fuerza Regida,38838,https://www.youtube.com/watch?v=02l4pkVdBug,55
0x85c72249df26d9b1:0xac88a77657dffc3b,"Oaxaca, Oaxaca, Mexico",CITY,2026-03-11T14:22:11.213944+00:00,19,G:z9D6Rcv5aQg,Y LLORO,Junior H,68389,https://www.youtube.com/watch?v=a8M1Es4cI_4,20
0x85ca5785aece50c9:0x9801d8f78a90a4e3,"Acapulco, Guerrero, Mexico",CITY,2026-03-11T14:29:14.251503+00:00,15,G:TtcKf-2UG-M,Rikititriki Triqui Titriki,Los Karkiks,85329,https://www.youtube.com/watch?v=hj9Y9PolQck,2
0x85cb6558f327203f:0x3137229b4277cb3a,"Guerrero, Mexico",SUBCOUNTRY,2026-03-11T14:29:21.814832+00:00,15,G:3QZaZpbJyCk,Se Va,Los Lara,222814,https://www.youtube.com/watch?v=wVe08twz7Gc,4
0x85cb93e8987186a5:0x6c85ef125865ef96,"Chilpancingo, Guerrero, Mexico",CITY,2026-03-11T14:29:14.179441+00:00,13,G:3QZaZpbJyCk,Se Va,Los Lara,40967,https://www.youtube.com/watch?v=wVe08twz7Gc,4
0x85cd89892a50ebb9:0xad3f4ad5550208c4,"Toluca, State of Mexico, Mexico",CITY,2026-03-11T15:26:12.308864+00:00,20,G:z9D6Rcv5aQg,Y LLORO,Junior H,61502,https://www.youtube.com/watch?v=a8M1Es4cI_4,20
0x85cd8992c0eb0a3b:0xc2fef9be9fc5a857,"State of Mexico, Mexico",SUBCOUNTRY,2026-03-11T14:08:48.257015+00:00,15,G:z9D6Rcv5aQg,Y LLORO,Junior H,1986185,https://www.youtube.com/watch?v=a8M1Es4cI_4,20
0x85cd8bae683c2073:0x94983f4fa1cfaa56,"Metepec, State of Mexico, Mexico",CITY,2026-03-11T14:41:40.932207+00:00,19,G:mrBn1-lNjsM,caperuza,Fuerza Regida,3139,https://www.youtube.com/watch?v=02l4pkVdBug,55
0x85cdde499b22afad:0xc9b6bcb5b9b790a1,"Cuernavaca, Morelos, Mexico",CITY,2026-03-11T14:29:20.009570+00:00,15,G:QM4B7MFw-R4,Pvta Luna,Neton Vega,70875,https://www.youtube.com/watch?v=Xs31-zaz5dc,54
0x85cddfae25f6fe47:0x975f8225a169dd0f,"Morelos, Mexico",SUBCOUNTRY,2026-03-11T14:29:23.635869+00:00,13,G:QM4B7MFw-R4,Pvta Luna,Neton Vega,222312,https://www.youtube.com/watch?v=Xs31-zaz5dc,54
0x85ce0026db097507:0x54061076265ee841,"Mexico City, Mexico City, Mexico",CITY,2026-03-11T14:08:41.543198+00:00,20,G:wXYjW6Bx3dw,Regalo De Dios,Julión Álvarez y su Norteño Banda,1830486,https://www.youtube.com/watch?v=wGzDYDzEF78,13
0x85ce0036b1352927:0xdefd9e4ee8d18a5b,"Mexico City, Mexico",SUBCOUNTRY,2026-03-11T14:08:41.832270+00:00,17,G:wXYjW6Bx3dw,Regalo De Dios,Julión Álvarez y su Norteño Banda,1504187,https://www.youtube.com/watch?v=wGzDYDzEF78,13
0x85ce1e468ef907ab:0xb2adee1166eb1bde,"Ixtapaluca, State of Mexico, Mexico",CITY,2026-03-11T14:39:02.792036+00:00,16,G:z9D6Rcv5aQg,Y LLORO,Junior H,49882,https://www.youtube.com/watch?v=a8M1Es4cI_4,20
0x85ce6ed773c83077:0x7d5e33c716a5c4c4,"Cuautla, Morelos, Mexico",CITY,2026-03-11T14:29:28.850228+00:00,20,G:z9D6Rcv5aQg,Y LLORO,Junior H,19674,https://www.youtube.com/watch?v=a8M1Es4cI_4,20
0x85cf8cb0ddc0a765:0xe25cae5bd60220ad,"Puebla, Mexico",SUBCOUNTRY,2026-03-11T14:08:44.214235+00:00,19,G:3QZaZpbJyCk,Se Va,Los Lara,854750,https://www.youtube.com/watch?v=wVe08twz7Gc,4
0x85cfc0bd5ebc7a3b:0x48a6461de494ad95,"Puebla, Puebla, Mexico",CITY,2026-03-11T14:08:50.888876+00:00,18,G:mrBn1-lNjsM,caperuza,Fuerza Regida,501364,https://www.youtube.com/watch?v=02l4pkVdBug,55
0x85cfd93f1c006113:0x38bae25ad47cbde0,"Tlaxcala, Mexico",SUBCOUNTRY,2026-03-11T14:23:23.495172+00:00,18,G:z9D6Rcv5aQg,Y LLORO,Junior H,154461,https://www.youtube.com/watch?v=a8M1Es4cI_4,20
0x85cfd96a7e30900b:0x72cb50aa9d5d00c8,"Tlaxcala, Tlaxcala, Mexico",CITY,2026-03-11T14:23:22.577010+00:00,11,G:mrBn1-lNjsM,caperuza,Fuerza Regida,5161,https://www.youtube.com/watch?v=02l4pkVdBug,55
0x85d055d656404d61:0x337451ab23113186,"Tulancingo, Hidalgo, Mexico",CITY,2026-03-11T14:26:56.402039+00:00,12,G:mrBn1-lNjsM,caperuza,Fuerza Regida,18424,https://www.youtube.com/watch?v=02l4pkVdBug,55
0x85d10a0422ce2fe7:0x8152c5bf7940781b,"Hidalgo, Mexico",SUBCOUNTRY,2026-03-11T14:27:00.812005+00:00,14,G:mrBn1-lNjsM,caperuza,Fuerza Regida,303393,https://www.youtube.com/watch?v=02l4pkVdBug,55
0x85d18c0b99b9906f:0x2098001dc90ba517,"Zumpango, State of Mexico, Mexico",CITY,2026-03-11T15:26:25.873610+00:00,18,G:z9D6Rcv5aQg,Y LLORO,Junior H,13623,https://www.youtube.com/watch?v=a8M1Es4cI_4,20
0x85d19194d70f3f0d:0x9ddf6f5edd42766c,"Tizayuca, Hidalgo, Mexico",CITY,2026-03-11T14:26:57.337316+00:00,20,G:iApDqhq_Nug,Omar Camacho x Victor Mendivil - Dos + Dos,"Víctor Mendivil, El Malilla",10271,https://www.youtube.com/watch?v=wG6wAyUUDOE,61
0x85d1a7716f1e038b:0x13315c101496b749,"Pachuca, Hidalgo, Mexico",CITY,2026-03-11T14:26:55.623484+00:00,19,G:mrBn1-lNjsM,caperuza,Fuerza Regida,69676,https://www.youtube.com/watch?v=02l4pkVdBug,55
0x85d1e64355ef3c75:0x4fe8a3a6a2f388c4,"Texcoco, State of Mexico, Mexico",CITY,2026-03-11T15:26:09.680234+00:00,16,G:z9D6Rcv5aQg,Y LLORO,Junior H,7174,https://www.youtube.com/watch?v=a8M1Es4cI_4,20
0x85d1fca946577449:0x791d23070fe4cf48,"Ciudad Nezahualcóyotl, State of Mexico, Mexico",CITY,2026-03-11T15:25:06.837546+00:00,12,G:cxRjUjeirvQ,Chichabeba,"La Obsesion, Yeyo, Novato El Flow, Viglezz",113203,https://www.youtube.com/watch?v=2MR-LiIBbwY,4
0x85d2014958cf2eef:0xc036183cc62ceb9f,"Naucalpan de Juárez, State of Mexico, Mexico",CITY,2026-03-11T14:43:26.499289+00:00,10,G:cxRjUjeirvQ,Chichabeba,"La Obsesion, Yeyo, Novato El Flow, Viglezz",76493,https://www.youtube.com/watch?v=2MR-LiIBbwY,4
0x85d219638c308a05:0xc1c76fdec34cd1d8,"Ciudad Nicolás Romero, State of Mexico, Mexico",CITY,2026-03-11T14:43:44.130344+00:00,19,G:cxRjUjeirvQ,Chichabeba,"La Obsesion, Yeyo, Novato El Flow, Viglezz",41027,https://www.youtube.com/watch?v=2MR-LiIBbwY,4
0x85d21dd4afab4267:0xce8d74d9edb4d88,"Cuautitlán Izcalli, State of Mexico, Mexico",CITY,2026-03-11T15:25:16.745218+00:00,13,G:cxRjUjeirvQ,Chichabeba,"La Obsesion, Yeyo, Novato El Flow, Viglezz",69053,https://www.youtube.com/watch?v=2MR-LiIBbwY,4
0x85d2a33786e03119:0x4c746b5dc4a11bce,"Zitácuaro, Michoacán, Mexico",CITY,2026-03-11T14:55:34.177092+00:00,18,G:xT9z1CZ-zzY,tu con el,"Peso Pluma, Tito Double P",13428,https://www.youtube.com/watch?v=ckGXPN5HPMs,15
0x85d30b6be9806eb5:0xfabddb9e7679cd43,"San Juan del Río, Querétaro, Mexico",CITY,2026-03-11T14:15:30.237098+00:00,16,G:mrBn1-lNjsM,caperuza,Fuerza Regida,25995,https://www.youtube.com/watch?v=02l4pkVdBug,55
0x85d344d16144705f:0x9146b1c4a44869bb,"Querétaro, Mexico",SUBCOUNTRY,2026-03-11T14:25:05.728625+00:00,17,G:mrBn1-lNjsM,caperuza,Fuerza Regida,306825,https://www.youtube.com/watch?v=02l4pkVdBug,55
0x85d35b8fdc5b9255:0x97b094aa561b832f,"Santiago de Querétaro, Querétaro, Mexico",CITY,2026-03-11T14:16:41.809889+00:00,20,G:mrBn1-lNjsM,caperuza,Fuerza Regida,213192,https://www.youtube.com/watch?v=02l4pkVdBug,55
0x85d39c03771045ab:0x3fc392933ab17fff,"Tequisquiapan, Querétaro, Mexico",CITY,2026-03-11T14:25:02.836005+00:00,19,G:QM4B7MFw-R4,Pvta Luna,Neton Vega,3671,https://www.youtube.com/watch?v=Xs31-zaz5dc,54
0x85d3d2cf19b93023:0xee39836eee3c8b4c,"Tula, Hidalgo, Mexico",CITY,2026-03-11T14:27:00.654616+00:00,15,G:mrBn1-lNjsM,caperuza,Fuerza Regida,6242,https://www.youtube.com/watch?v=02l4pkVdBug,55
0x85d612aa8cfda92f:0x3338605912bc2688,"Ciudad Valles, San Luis Potosi, Mexico",CITY,2026-03-11T14:12:20.782503+00:00,17,G:mrBn1-lNjsM,caperuza,Fuerza Regida,14598,https://www.youtube.com/watch?v=02l4pkVdBug,55
0x85d7fd176099f72d:0xf99403f83e74f6dc,"Altamira, Tamaulipas, Mexico",CITY,2026-03-11T14:32:01.775582+00:00,16,G:mrBn1-lNjsM,caperuza,Fuerza Regida,6355,https://www.youtube.com/watch?v=02l4pkVdBug,55
0x85d7fd8bfcfe2d1f:0xc3189ac39db089e6,"Tampico, Tamaulipas, Mexico",CITY,2026-03-11T14:23:55.070617+00:00,14,G:x6SWuh-7Eec,EL AMOR DE SU VIDA,"Grupo Frontera, Grupo Firme",41696,https://www.youtube.com/watch?v=Vr1M_l-1wjc,38
0x85d9f2b47590b421:0x548c81d0a47f5d68,"Túxpam de Rodríguez Cano, Veracruz, Mexico",CITY,2026-03-11T15:26:17.666158+00:00,19,G:uxYwT2jHHIM,TU SANCHO,Fuerza Regida,11175,https://www.youtube.com/watch?v=a_H0K9W984E,66
0x85da14cd806d0909:0x7bc6651769041d29,"Poza Rica, Veracruz, Mexico",CITY,2026-03-11T14:51:57.407341+00:00,20,G:iApDqhq_Nug,Omar Camacho x Victor Mendivil - Dos + Dos,"Víctor Mendivil, El Malilla",33902,https://www.youtube.com/watch?v=wG6wAyUUDOE,61
0x85db321ca1f225d9:0x584837bc4340a47c,"Xalapa, Veracruz, Mexico",CITY,2026-03-11T14:52:02.658434+00:00,20,G:mrBn1-lNjsM,caperuza,Fuerza Regida,110164,https://www.youtube.com/watch?v=02l4pkVdBug,55
0x85e8c3424bc7e215:0xe68bf78c7baafcc3,"Campeche, Mexico",SUBCOUNTRY,2026-03-11T14:24:58.872839+00:00,15,G:CWS5S3V4zUU,Cuando Te Ame,Julión Álvarez y su Norteño Banda,66150,https://www.youtube.com/watch?v=3OuvIS4nrFI,69
0x85e98150aee1b3cb:0xe3376159a9cda5a4,"Coatzacoalcos, Veracruz, Mexico",CITY,2026-03-11T15:25:08.912417+00:00,18,G:uxYwT2jHHIM,TU SANCHO,Fuerza Regida,30705,https://www.youtube.com/watch?v=a_H0K9W984E,66
0x85ecd85611d06e8f:0xdd78bd7b4662216a,"Tuxtla Gutiérrez, Chiapas, Mexico",CITY,2026-03-11T14:18:19.882261+00:00,12,G:TyGCeIT0diM,Cero Empatía,Julión Álvarez y su Norteño Banda,133133,https://www.youtube.com/watch?v=GNyembSi1nw,54
0x85edd796d7420653:0xf5607b62558ae894,"Villahermosa, Tabasco, Mexico",CITY,2026-03-11T14:23:12.761499+00:00,6,G:ExZOvEkQo90,La Mujer de Mi Vida,La Treviñosa,119625,https://www.youtube.com/watch?v=-ovghXw-7h4,5
0x85edfb5f8f78cb4f:0xd426cb11d9866b44,"Tabasco, Mexico",SUBCOUNTRY,2026-03-11T14:23:15.115277+00:00,5,G:ExZOvEkQo90,La Mujer de Mi Vida,La Treviñosa,362482,https://www.youtube.com/watch?v=-ovghXw-7h4,5
0x85f107095727efc5:0x9d5f9130697691c5,"Ciudad del Carmen, Campeche, Mexico",CITY,2026-03-11T14:25:01.201587+00:00,18,G:TyGCeIT0diM,Cero Empatía,Julión Álvarez y su Norteño Banda,18047,https://www.youtube.com/watch?v=GNyembSi1nw,54
0x85f83396176b136d:0xe93d8e4c95f26244,"Campeche, Campeche, Mexico",CITY,2026-03-11T14:25:06.918377+00:00,20,G:aB2KBXKkNJ4,Triple Lavada (Remix) (feat. Víctor Mendivil),"Esau Ortiz, Luis R Conriquez, Óscar Maydon, Alemán",24795,https://www.youtube.com/watch?v=nt1Q4vJBCWc,13
0x8620a454b2118265:0xc955f73281e54703,"Louisiana, United States",SUBCOUNTRY,2026-03-11T14:21:58.211645+00:00,15,G:w4VvLiUhqvY,FWYT,YoungBoy Never Broke Again,207430,https://www.youtube.com/watch?v=u5mcc2HbdKw,10
0x8620a454b2118265:0xdb065be85e22d3b4,"New Orleans, Louisiana, United States",CITY,2026-03-11T14:21:59.487437+00:00,15,G:Qz0wESyFHwg,Dangerous,Kevin Gates,52788,https://www.youtube.com/watch?v=bkNaPl4kg7g,2
0x8620b042adb34dc7:0xc2d71e7374f33ad1,"Metairie, Louisiana, United States",CITY,2026-03-11T14:22:00.431078+00:00,15,G:s06lqY0ubgs,Where I Been / Shot Callin,YoungBoy Never Broke Again,2910,https://www.youtube.com/watch?v=F7dJY0jkpyU,35
0x8620b71a8fb99541:0x70eb037035c6a40,"Kenner, Louisiana, United States",CITY,2026-03-11T14:39:25.562023+00:00,16,G:s06lqY0ubgs,Where I Been / Shot Callin,YoungBoy Never Broke Again,1688,https://www.youtube.com/watch?v=F7dJY0jkpyU,35
0x86243867325f74cb:0x2123f1db91579a1d,"Baton Rouge, Louisiana, United States",CITY,2026-03-11T14:21:59.778433+00:00,17,G:DQm3u-UjcB8,Headtap,YoungBoy Never Broke Again,14051,https://www.youtube.com/watch?v=RwlT3hESUBA,5
0x86249c4364c5d89b:0xc94a752492f7ff13,"Lafayette, Louisiana, United States",CITY,2026-03-11T14:21:57.425657+00:00,20,G:Qz0wESyFHwg,Dangerous,Kevin Gates,26185,https://www.youtube.com/watch?v=bkNaPl4kg7g,2
0x86254d49e9ffcce3:0xc1e65dd9e413f7ff,"Alexandria, Louisiana, United States",CITY,2026-03-11T14:31:56.870244+00:00,17,G:QsC3c0HT4qg,I Forgive Them,YoungBoy Never Broke Again,2736,https://www.youtube.com/watch?v=UYp9gqmkAMo,5
0x862722b86526da5f:0xdef4bf97f4e2b2ed,"Hammond, Louisiana, United States",CITY,2026-03-11T14:37:31.253992+00:00,16,G:13JFwuStlmM,Satellites,Kevin Gates,3077,https://www.youtube.com/watch?v=aE4UNGlu-Ak,1
0x86282b7f90741b21:0x713cde441f038a0,"Jackson, Mississippi, United States",CITY,2026-03-11T14:16:00.993750+00:00,18,G:vN9Wo6upxwE,Crazy About You,Derek the Change Man Smith,22475,https://www.youtube.com/watch?v=FTpkYu87Y3U,2
0x862832e4e44ad419:0x620d177fe9dca6da,"Mississippi, United States",SUBCOUNTRY,2026-03-11T14:15:59.017237+00:00,11,G:kscn2xOrkKk,Love Me For Real,Breeze MrDo2Much,115796,https://www.youtube.com/watch?v=VJtHFl6y24w,4
0x862e4876e598840b:0x98ced239c9b8b4c9,"Monroe, Louisiana, United States",CITY,2026-03-11T14:22:00.038028+00:00,20,G:L3WfsbLJ8ns,Anti-Social,YoungBoy Never Broke Again,4556,https://www.youtube.com/watch?v=UgyIOnU5W58,1
0x86312a8d1798e91f:0x2ebd2c1687a49cdd,"Shreveport, Louisiana, United States",CITY,2026-03-11T14:22:01.534346+00:00,17,G:QsC3c0HT4qg,I Forgive Them,YoungBoy Never Broke Again,10344,https://www.youtube.com/watch?v=UYp9gqmkAMo,5
0x863635ff97df3351:0xb30ff0f774195933,"Longview, Texas, United States",CITY,2026-03-11T14:40:17.727779+00:00,20,G:0PSNwk3H6xs,2AM,BigXthaPlug,2010,https://www.youtube.com/watch?v=JVDUsaqgSq0,20
0x8636cb422aff1df1:0x31b05915de60eb0f,"Bossier City, Louisiana, United States",CITY,2026-03-11T14:33:49.567109+00:00,11,G:IjIypGZLa7c,Another Episode,YoungBoy Never Broke Again,2788,https://www.youtube.com/watch?v=KEBbwRTf8mw,14
0x863b842b00bdcb27:0x42b98dd6b9a77382,"Lake Charles, Louisiana, United States",CITY,2026-03-11T14:39:56.088144+00:00,5,G:knxtGZ4t1jg,My Bx,Glock8x,4770,https://www.youtube.com/watch?v=KxAhdCf7jCo,1
0x863ecb183d8fb19d:0xfdae9c3edc5acd1d,"Beaumont, Texas, United States",CITY,2026-03-11T14:32:58.749587+00:00,19,G:k3ZOHF8sJsc,Me and You,YoungBoy Never Broke Again,4405,https://www.youtube.com/watch?v=ykXiwgHyLeI,6
0x863f5e6cced440eb:0xe34e3fbdb4961080,"Baytown, Texas, United States",CITY,2026-03-11T14:33:00.602427+00:00,20,G:Iq5q6GGpJmY,Montagem Miau,Lenar,3372,https://www.youtube.com/watch?v=JJjEl_EVsLA,26
0x86405890a6fe33a9:0xcabb7507f4a5ccee,"Pearland, Texas, United States",CITY,2026-03-11T14:45:34.607977+00:00,17,G:UzNiyT6CvW8,Quiet Night in Train (Sound for Sleep),Train Ambiance,3132,https://www.youtube.com/watch?v=Jzbrpil-OZU,1
0x864070360b823249:0x16eb1c8f1808de3c,"Texas, United States",SUBCOUNTRY,2026-03-11T14:12:08.142252+00:00,18,G:yYEhEjIrBgU,Frecuencia,Los Dareyes De La Sierra,1323209,https://www.youtube.com/watch?v=ebXEaHEYYng,112
0x86408323cd6cb1b3:0x14dec35f5a4064d6,"League City, Texas, United States",CITY,2026-03-11T14:40:00.567891+00:00,20,G:zPydgG_qsyQ,weren't for the wind,ella langley,2501,https://www.youtube.com/watch?v=U4NPZi2b0aQ,7
0x864098c8c9343d19:0xaa6a1203b27f5e7c,"Pasadena, Texas, United States",CITY,2026-03-11T14:45:32.149758+00:00,20,G:W5-sHhg-Lhw,I Thought I Saw Your Face Today,She & Him,4540,https://www.youtube.com/watch?v=pyGU-UudvrM,15
0x8640ac4fc609e075:0x96834aefd27812e0,"Atascocita, Texas, United States",CITY,2026-03-11T14:32:18.704217+00:00,20,G:HaUBdT6yZFI,Gnarly,KATSEYE,2176,https://www.youtube.com/watch?v=R2-yomhYAj4,98
0x8640b8b4488d8501:0xca0d02def365053b,"Houston, Texas, United States",CITY,2026-03-11T14:12:05.368876+00:00,17,G:yYEhEjIrBgU,Frecuencia,Los Dareyes De La Sierra,294422,https://www.youtube.com/watch?v=ebXEaHEYYng,112
0x8640de10e11b70cb:0x2779e11b2263d8cc,"Sugar Land, Texas, United States",CITY,2026-03-11T14:50:25.488059+00:00,18,G:HaUBdT6yZFI,Gnarly,KATSEYE,2814,https://www.youtube.com/watch?v=R2-yomhYAj4,98
0x8640e1ec4548c89d:0xb8c5da032c46,"Missouri City, Texas, United States",CITY,2026-03-11T14:41:45.099999+00:00,12,G:nFXoRQQp-BI,BOO,H3adband,2314,https://www.youtube.com/watch?v=km5bgjATdCk,196
0x864266db2e2dac3b:0xeee20d566f63267d,"Victoria, Texas, United States",CITY,2026-03-11T14:31:09.558030+00:00,14,G:LJT26xqSPE0,you look like you love me,"ella langley, Riley Green",1999,https://www.youtube.com/watch?v=Dm2TSMerGPQ,5
0x8644b599a0cc032f:0x5d9b464bd469d57a,"Austin, Texas, United States",CITY,2026-03-11T15:23:49.478473+00:00,18,G:x6SWuh-7Eec,EL AMOR DE SU VIDA,"Grupo Frontera, Grupo Firme",140721,https://www.youtube.com/watch?v=Vr1M_l-1wjc,38
0x8644cdb4ff71844f:0xc811047b64becbe0,"Pflugerville, Texas, United States",CITY,2026-03-11T14:45:55.438017+00:00,14,G:C-5U1VCTLrw,Sunflower,"Post Malone, Swae Lee",3258,https://www.youtube.com/watch?v=ApXoWvfEYVU,378
0x8644d1a4ed2d22e7:0x7217259ede04b10,"Round Rock, Texas, United States",CITY,2026-03-11T15:25:56.095285+00:00,20,G:C-5U1VCTLrw,Sunflower,"Post Malone, Swae Lee",4334,https://www.youtube.com/watch?v=ApXoWvfEYVU,378
0x8645426f971492a5:0x2f4c2e069936cb64,"Temple, Texas, United States",CITY,2026-03-11T15:26:08.619366+00:00,16,G:4B9ulw10Uvs,I Got Better,Morgan Wallen,3003,https://www.youtube.com/watch?v=H1xu44kH5BE,139
0x86454b8fc898535d:0x794b81f7d1633fda,"Killeen, Texas, United States",CITY,2026-03-11T14:39:28.577624+00:00,9,G:U08X4E2Fjds,Wine & Dine,YoungBoy Never Broke Again,6722,https://www.youtube.com/watch?v=YBUCyBB8IJo,71
0x8646848619463ca3:0xc969c74db6bf6ac9,"College Station, Texas, United States",CITY,2026-03-11T15:25:09.970616+00:00,15,G:4vR9qlKE5Cw,FDO,Pooh Shiesty,2576,https://www.youtube.com/watch?v=MPuK06zUIhc,249
0x86472491556d3b49:0xe6352b9b1dad110e,"Conroe, Texas, United States",CITY,2026-03-11T15:25:13.114209+00:00,15,G:4B9ulw10Uvs,I Got Better,Morgan Wallen,4285,https://www.youtube.com/watch?v=H1xu44kH5BE,139
0x86473147c603385b:0xf1a4808e67c3df5d,"The Woodlands, Texas, United States",CITY,2026-03-11T15:26:10.350873+00:00,19,G:C-5U1VCTLrw,Sunflower,"Post Malone, Swae Lee",3348,https://www.youtube.com/watch?v=ApXoWvfEYVU,378
0x8649cc051eabf9e3:0x3e285c7d7177701c,"Tyler, Texas, United States",CITY,2026-03-11T14:51:30.473403+00:00,16,G:w4K2-51OBfU,What You Is,"YoungBoy Never Broke Again, Mellow Rackz",3596,https://www.youtube.com/watch?v=X28kl7wOzcs,100
0x864c03c1db5fc275:0x71fbdcb38623cd0,"Garland, Texas, United States",CITY,2026-03-11T14:36:49.635944+00:00,17,G:tXJZzPCuZMg,Amor,Emmanuel Cortes,6805,https://www.youtube.com/watch?v=TX-1dI8t6WM,149
0x864c0448e8c3fc93:0x43e188f4943f1251,"Wylie, Texas, United States",CITY,2026-03-11T14:52:47.953956+00:00,17,G:vavcWlmCVDE,LET THE WORLD BURN,Chris Grey,2043,https://www.youtube.com/watch?v=fdJrSjMgPFE,24
0x864c125aa0745495:0xaa290ada6420a624,"McKinney, Texas, United States",CITY,2026-03-11T14:41:22.487238+00:00,17,G:tyU4uHR4sD0,Chikiri Chikiri,Mohit Chauhan,5594,https://www.youtube.com/watch?v=vVDp1ulBKIk,18
0x864c172e4d9479bd:0xcae82aa992de2cd5,"Allen, Texas, United States",CITY,2026-03-11T14:31:59.582474+00:00,17,G:X7st1r0XDo0,Babydoll,Dominic Fike,10143,https://www.youtube.com/watch?v=UnuEzP1rDLY,3
0x864c19f77b45974b:0xb9ec9ba4f647678f,"Dallas, Texas, United States",CITY,2026-03-11T14:12:07.168925+00:00,18,G:0PSNwk3H6xs,2AM,BigXthaPlug,178315,https://www.youtube.com/watch?v=JVDUsaqgSq0,20
0x864c1ee979bea767:0x2cdb29c046270495,"Richardson, Texas, United States",CITY,2026-03-11T15:25:51.337795+00:00,6,G:7YSkdhRDlkg,Aaya Sher,"Anirudh Ravichander, Jangi Reddy, Arjun Chandy, Kasarla Shyam",3310,https://www.youtube.com/watch?v=iAtoZar5W58,57
0x864c212bbbdd571f:0x9c1efd49b3841d5d,"Carrollton, Texas, United States",CITY,2026-03-11T14:35:10.858405+00:00,19,G:4vR9qlKE5Cw,FDO,Pooh Shiesty,2690,https://www.youtube.com/watch?v=MPuK06zUIhc,249
0x864c21da13c59513:0x62aa036489cd602b,"Plano, Texas, United States",CITY,2026-03-11T14:46:48.503225+00:00,10,G:7YSkdhRDlkg,Aaya Sher,"Anirudh Ravichander, Jangi Reddy, Arjun Chandy, Kasarla Shyam",7944,https://www.youtube.com/watch?v=iAtoZar5W58,57
0x864c2c1c0283f549:0xf29e386c33d3f977,"Flower Mound, Texas, United States",CITY,2026-03-11T14:36:27.721827+00:00,19,G:X4ld6D_G6_w,Shararat,"Shashwat Sachdev, Madhubanti Bagchi, Jasmine Sandlas",1316,https://www.youtube.com/watch?v=YyepU5ztLf4,190
0x864c2c75c10c5065:0xf1a21a5dca2b198d,"Lewisville, Texas, United States",CITY,2026-03-11T14:40:07.758301+00:00,19,G:o0bOCb_9UVM,LET 'EM KNOW,T.I.,3813,https://www.youtube.com/watch?v=mcg4z1gGbEw,310
0x864c3c1abc09943d:0xcad371b035c8fea2,"Frisco, Texas, United States",CITY,2026-03-11T14:36:31.488862+00:00,20,G:lkNqlpTh2_s,E85,Don Toliver,7035,https://www.youtube.com/watch?v=mk4KYwEfxlI,1
0x864c4ca0c088b1d1:0x724474cb4814fb1b,"Denton, Texas, United States",CITY,2026-03-11T15:25:23.453062+00:00,1,G:7YSkdhRDlkg,Aaya Sher,"Anirudh Ravichander, Jangi Reddy, Arjun Chandy, Kasarla Shyam",9220,https://www.youtube.com/watch?v=iAtoZar5W58,57
0x864e61b503063617:0x5a879c9c71f23bb1,"Mansfield, Texas, United States",CITY,2026-03-11T15:25:41.705298+00:00,15,G:nFXoRQQp-BI,BOO,H3adband,2100,https://www.youtube.com/watch?v=km5bgjATdCk,196
0x864e62d2e40898d3:0xb5ef6ac1fa05351,"Arlington, Texas, United States",CITY,2026-03-11T14:32:14.835608+00:00,14,G:nFXoRQQp-BI,BOO,H3adband,11024,https://www.youtube.com/watch?v=km5bgjATdCk,196
0x864e6e122dc807ad:0xa4af8bf8dd69acbd,"Fort Worth, Texas, United States",CITY,2026-03-11T15:23:50.533302+00:00,11,G:yYEhEjIrBgU,Frecuencia,Los Dareyes De La Sierra,115770,https://www.youtube.com/watch?v=ebXEaHEYYng,112
0x864e78862e05181b:0x78259949f358fe4f,"North Richland Hills, Texas, United States",CITY,2026-03-11T14:44:13.698157+00:00,20,G:C-5U1VCTLrw,Sunflower,"Post Malone, Swae Lee",1405,https://www.youtube.com/watch?v=ApXoWvfEYVU,378
0x864e85f4b2870675:0x5b6a119ea7f620f2,"Grand Prairie, Texas, United States",CITY,2026-03-11T14:37:03.019239+00:00,20,G:nFXoRQQp-BI,BOO,H3adband,5298,https://www.youtube.com/watch?v=km5bgjATdCk,196
0x864ea503652bab75:0x9e52c56c8994cea5,"Mesquite, Texas, United States",CITY,2026-03-11T14:41:30.001133+00:00,16,G:HaUBdT6yZFI,Gnarly,KATSEYE,5312,https://www.youtube.com/watch?v=R2-yomhYAj4,98
0x864f82f1230151d3:0xfbd74b03d6d1aa10,"Waco, Texas, United States",CITY,2026-03-11T14:52:08.644171+00:00,20,G:0PSNwk3H6xs,2AM,BigXthaPlug,4064,https://www.youtube.com/watch?v=JVDUsaqgSq0,20
0x865320927062daf5:0x1d06facbefea5200,"Wichita Falls, Texas, United States",CITY,2026-03-11T14:52:20.575657+00:00,17,G:0PSNwk3H6xs,2AM,BigXthaPlug,2310,https://www.youtube.com/watch?v=JVDUsaqgSq0,20
0x86568e392a066945:0x7d9e6bf2223a95f,"Abilene, Texas, United States",CITY,2026-03-11T15:24:59.278252+00:00,14,G:0PSNwk3H6xs,2AM,BigXthaPlug,3445,https://www.youtube.com/watch?v=JVDUsaqgSq0,20
0x8657e583a53b7191:0x827e3d0b3754c742,"San Angelo, Texas, United States",CITY,2026-03-11T15:26:02.048509+00:00,17,G:LJT26xqSPE0,you look like you love me,"ella langley, Riley Green",3193,https://www.youtube.com/watch?v=Dm2TSMerGPQ,5
0x865b2d17be7d99d5:0x763da186bf1539ff,"Cedar Park, Texas, United States",CITY,2026-03-11T14:35:24.445903+00:00,20,G:C-5U1VCTLrw,Sunflower,"Post Malone, Swae Lee",1969,https://www.youtube.com/watch?v=ApXoWvfEYVU,378
0x865c58af04d00eaf:0x856e13b10a016bc,"San Antonio, Texas, United States",CITY,2026-03-11T15:23:51.279943+00:00,18,G:yYEhEjIrBgU,Frecuencia,Los Dareyes De La Sierra,97809,https://www.youtube.com/watch?v=ebXEaHEYYng,112
0x865c9beee3cc091d:0x59ed9c234a123567,"New Braunfels, Texas, United States",CITY,2026-03-11T14:43:29.284768+00:00,8,G:4B9ulw10Uvs,I Got Better,Morgan Wallen,4312,https://www.youtube.com/watch?v=H1xu44kH5BE,139
0x865ca72a34414659:0x2f3a336c538e3127,"San Marcos, Texas, United States",CITY,2026-03-11T15:26:03.704879+00:00,18,G:diKxju-DnHk,Creep,Radiohead,3564,https://www.youtube.com/watch?v=XFkzRNyygfk,61
0x865f8b99d2889193:0x954a33b442b861c2,"Piedras Negras, Coahuila, Mexico",CITY,2026-03-11T14:46:13.144245+00:00,14,G:mrBn1-lNjsM,caperuza,Fuerza Regida,22427,https://www.youtube.com/watch?v=02l4pkVdBug,55
0x8660c06ca7f93d25:0xb4407a5349567491,"Laredo, Texas, United States",CITY,2026-03-11T14:39:58.753132+00:00,15,G:x6SWuh-7Eec,EL AMOR DE SU VIDA,"Grupo Frontera, Grupo Firme",14813,https://www.youtube.com/watch?v=Vr1M_l-1wjc,38
0x8661187f41c4c78f:0x735d444f3ed3e91c,"Nuevo Laredo, Tamaulipas, Mexico",CITY,2026-03-11T14:23:54.854855+00:00,16,G:mrBn1-lNjsM,caperuza,Fuerza Regida,50911,https://www.youtube.com/watch?v=02l4pkVdBug,55
0x86629531b437f8f5:0xa3d3d3ca6ac89894,"Monterrey, Nuevo Leon, Mexico",CITY,2026-03-11T14:08:59.502765+00:00,18,G:aB2KBXKkNJ4,Triple Lavada (Remix) (feat. Víctor Mendivil),"Esau Ortiz, Luis R Conriquez, Óscar Maydon, Alemán",390753,https://www.youtube.com/watch?v=nt1Q4vJBCWc,13
0x86629584a2a5b05d:0x701df442c36cbbc6,"Nuevo Leon, Mexico",SUBCOUNTRY,2026-03-11T14:08:46.434128+00:00,9,G:P5TiokI7hwg,Que no se te haga extraño,La Treviñosa,1112766,https://www.youtube.com/watch?v=-_JT4-0LOwE,5
0x8662ef2f31987e45:0x7f336803913db8d4,"Ciudad Apodaca, Nuevo Leon, Mexico",CITY,2026-03-11T14:14:01.211005+00:00,4,G:P5TiokI7hwg,Que no se te haga extraño,La Treviñosa,192829,https://www.youtube.com/watch?v=-_JT4-0LOwE,5
0x866509b805d9390f:0x9c8f832d9e7dfc90,"Pharr, Texas, United States",CITY,2026-03-11T14:45:55.020858+00:00,15,G:iApDqhq_Nug,Omar Camacho x Victor Mendivil - Dos + Dos,"Víctor Mendivil, El Malilla",4379,https://www.youtube.com/watch?v=wG6wAyUUDOE,61
0x866509e70b1ab591:0x4568c85f5cba4884,"Reynosa, Tamaulipas, Mexico",CITY,2026-03-11T14:23:55.528673+00:00,20,G:mrBn1-lNjsM,caperuza,Fuerza Regida,95850,https://www.youtube.com/watch?v=02l4pkVdBug,55
0x866576324d9637df:0x2f1d39a9b52c0eb8,"McAllen, Texas, United States",CITY,2026-03-11T14:41:24.601315+00:00,16,G:-oc4-V-xvsM,Prueba De Fuego (En Vivo),Hermanos Espinoza,25642,https://www.youtube.com/watch?v=POWZdGv5VBY,1
0x8665a83f2f26122b:0x8510b0a3b8abaa00,"Mission, Texas, United States",CITY,2026-03-11T14:41:41.862493+00:00,17,G:x6SWuh-7Eec,EL AMOR DE SU VIDA,"Grupo Frontera, Grupo Firme",3841,https://www.youtube.com/watch?v=Vr1M_l-1wjc,38
0x86685f806192d2b3:0xaed15093890e908f,"Corpus Christi, Texas, United States",CITY,2026-03-11T15:25:14.084661+00:00,20,G:43kZtO7BYwI,Drinkin' Problem,Midland,9075,https://www.youtube.com/watch?v=g7f6HiQ2LuU,1
0x866f7f6bc3fc6519:0xb1df1a694856522c,"Brownsville, Texas, United States",CITY,2026-03-11T14:34:29.921236+00:00,17,G:x6SWuh-7Eec,EL AMOR DE SU VIDA,"Grupo Frontera, Grupo Firme",10296,https://www.youtube.com/watch?v=Vr1M_l-1wjc,38
0x866f82107a2f2b4f:0x7666c5a12774f1d3,"Harlingen, Texas, United States",CITY,2026-03-11T14:37:37.263760+00:00,17,G:GKsBmq25Lcs,un x100to,"Grupo Frontera, Bad Bunny",3653,https://www.youtube.com/watch?v=3inw26U-os4,2
0x866f94c793d10087:0x732178703913ca5e,"Matamoros, Tamaulipas, Mexico",CITY,2026-03-11T14:23:55.947513+00:00,19,G:mrBn1-lNjsM,caperuza,Fuerza Regida,52110,https://www.youtube.com/watch?v=02l4pkVdBug,55
0x8678b862f7c134b3:0xc5792ed4b3d4a2af,"Ciudad Mante, Tamaulipas, Mexico",CITY,2026-03-11T14:23:55.079088+00:00,5,G:cq5q2vwEzPs,La Wicha,Sossa Alterado Oficial,9517,https://www.youtube.com/watch?v=SX58rHjL7CI,1
0x86795132d7b7f193:0x42b200757d7f08d6,"Ciudad Victoria, Tamaulipas, Mexico",CITY,2026-03-11T14:23:54.505283+00:00,16,G:mrBn1-lNjsM,caperuza,Fuerza Regida,30225,https://www.youtube.com/watch?v=02l4pkVdBug,55
0x867953aedb1e2459:0x33859f5a35e81925,"Tamaulipas, Mexico",SUBCOUNTRY,2026-03-11T14:23:54.443363+00:00,18,G:mrBn1-lNjsM,caperuza,Fuerza Regida,319879,https://www.youtube.com/watch?v=02l4pkVdBug,55
0x867c9336ed1476cd:0x4016978679c8f40,"Linares, Nuevo Leon, Mexico",CITY,2026-03-11T14:14:00.188012+00:00,18,G:_GG0jmEcrdg,CHAVALITAS,Fuerza Regida,8712,https://www.youtube.com/watch?v=1lulHw7LKl4,4
0x8681d1a07ec9fe6f:0x1c1f2dfd5e256d98,"Zacatecas, Mexico",SUBCOUNTRY,2026-03-11T14:30:28.223554+00:00,11,G:xT9z1CZ-zzY,tu con el,"Peso Pluma, Tito Double P",227314,https://www.youtube.com/watch?v=ckGXPN5HPMs,15
0x86824e7a3fc33357:0xcc03ab5f094213c1,"Zacatecas, Zacatecas, Mexico",CITY,2026-03-11T14:30:27.436298+00:00,13,G:xT9z1CZ-zzY,tu con el,"Peso Pluma, Tito Double P",22650,https://www.youtube.com/watch?v=ckGXPN5HPMs,15
0x868308b1bfadd021:0xa4d002f8f9c15a2b,"Fresnillo, Zacatecas, Mexico",CITY,2026-03-11T14:30:24.396171+00:00,11,G:xT9z1CZ-zzY,tu con el,"Peso Pluma, Tito Double P",31794,https://www.youtube.com/watch?v=ckGXPN5HPMs,15
0x86880d9078df19ef:0xa9519241794730c0,"Saltillo, Coahuila, Mexico",CITY,2026-03-11T15:26:01.136520+00:00,18,G:wSGyfjEUE_c,El Día Que Puedas (En Vivo),Marco Marroquin,98794,https://www.youtube.com/watch?v=o5OdwSpXrxA,2
0x86881315bf4c1725:0xd03d69d2fec879a2,"Ramos Arizpe, Coahuila, Mexico",CITY,2026-03-11T14:54:51.161846+00:00,18,G:cOvD1Sspld4,Se Está Muriendo Un Corazón (En Vivo),Marco Marroquin,12566,https://www.youtube.com/watch?v=B4I1SDk9R5g,3
0x868872bda68e1e29:0x64009ad714cd7a39,"Coahuila, Mexico",SUBCOUNTRY,2026-03-11T14:55:01.615847+00:00,19,G:QM4B7MFw-R4,Pvta Luna,Neton Vega,346058,https://www.youtube.com/watch?v=Xs31-zaz5dc,54
0x868a2433bc5f6089:0xbd80c4a7d6062dc4,"Monclova, Coahuila, Mexico",CITY,2026-03-11T14:41:52.244694+00:00,15,G:wSGyfjEUE_c,El Día Que Puedas (En Vivo),Marco Marroquin,42157,https://www.youtube.com/watch?v=o5OdwSpXrxA,2
0x868fadf4b2d03035:0x7faba0ce7f40f2f4,"San Pedro, Coahuila, Mexico",CITY,2026-03-11T14:54:56.157339+00:00,12,G:_GG0jmEcrdg,CHAVALITAS,Fuerza Regida,6233,https://www.youtube.com/watch?v=1lulHw7LKl4,4
0x868fd9ceb197d4af:0x42a13b1475d7b8cd,"Gomez Palacio, Durango, Mexico",CITY,2026-03-11T14:20:07.937391+00:00,19,G:_GG0jmEcrdg,CHAVALITAS,Fuerza Regida,41062,https://www.youtube.com/watch?v=1lulHw7LKl4,4
0x868fdba9bb45b3fb:0x8bcc7a9970aea01d,"Torreón, Coahuila, Mexico",CITY,2026-03-11T15:26:13.346064+00:00,15,G:yCgQu4WvBWw,Corazón (En Vivo),"Moy Bobadilla, Grupo Firme",99222,https://www.youtube.com/watch?v=DtznKsKZWCY,4
0x8690a9c1af734549:0x297de241abe308b2,"Durango, Mexico",SUBCOUNTRY,2026-03-11T14:20:14.760870+00:00,16,G:xT9z1CZ-zzY,tu con el,"Peso Pluma, Tito Double P",178991,https://www.youtube.com/watch?v=ckGXPN5HPMs,15
0x869451480d224a97:0x5412855f77008816,"Parral, Chihuahua, Mexico",CITY,2026-03-11T14:19:08.002156+00:00,16,G:VWstdmwBCTE,PUES QUE LE HAGO ?,Chuyin,6024,https://www.youtube.com/watch?v=FPigLVewMZU,8
0x8696752f8591a409:0x9b83e25340a77e07,"Chihuahua, Mexico",SUBCOUNTRY,2026-03-11T14:19:10.381324+00:00,17,G:7OR0Ah3ECho,Ya Fue,Herencia De Grandes,447771,https://www.youtube.com/watch?v=C3kgz_R5Ei0,44
0x86982969e74dd20f:0xcd56ff1afcbbe374,"Sonora, Mexico",SUBCOUNTRY,2026-03-11T14:13:08.969201+00:00,18,G:QWXzKx7HvK0,3 AM,"Jimmy Guzman, Omar Camacho",240983,https://www.youtube.com/watch?v=mLP68giTciw,7
0x869bb7a518bcdf73:0xbfdd8ea63a6c4ad4,"Durango, Durango, Mexico",CITY,2026-03-11T14:20:12.182640+00:00,9,G:ldIsy5BoSIc,La Cita Fresita (En Vivo),Grupo Aztteca,112102,https://www.youtube.com/watch?v=_GsuAYmqAVk,1
0x869f5341681837c1:0x62a4c4aaf13c72b2,"Mazatlán, Sinaloa, Mexico",CITY,2026-03-11T15:23:47.703666+00:00,15,G:u7kspGJdzkE,Cambio Mi Suerte,Herencia De Grandes,72016,https://www.youtube.com/watch?v=3JbYN5RgBt4,8
0x869f539428a74959:0x9c7bdf760dbe5fef,"Sinaloa, Mexico",SUBCOUNTRY,2026-03-11T14:22:23.736384+00:00,20,G:GavcNxlMJdM,Changuito Me Apodaron,Grupo Feroz,294412,https://www.youtube.com/watch?v=M6lyHxx98wo,2
0x86af4af389e508a1:0x4ba4df62c1a2b868,"Cabo San Lucas, Baja California Sur, Mexico",CITY,2026-03-11T14:20:21.704727+00:00,3,G:TR-QbnaWgwY,Coming Home,Jeff Hodges,45363,https://www.youtube.com/watch?v=NyZUcetgU2I,13
0x86afd2def5da1057:0x4875d2e8c0f1a3b6,"La Paz, Baja California Sur, Mexico",CITY,2026-03-11T14:20:21.129546+00:00,19,G:g5U1qOMhxUw,Mi Buen Amor (feat. Enrique Bunbury),Mon Laferte,25543,https://www.youtube.com/watch?v=13m9v78uNJk,1
0x86afd339b5a21ec9:0x71dfb33aa9a75918,"Baja California Sur, Mexico",SUBCOUNTRY,2026-03-11T14:20:18.678511+00:00,12,G:7OR0Ah3ECho,Ya Fue,Herencia De Grandes,80248,https://www.youtube.com/watch?v=C3kgz_R5Ei0,44
0x86b81b1af21193df:0x98be6d355b7fad7,"Navojoa, Sonora, Mexico",CITY,2026-03-11T14:13:11.817845+00:00,16,G:rhUQaRo2Lmk,Aguas,"Luis R Conriquez, Neton Vega, Rey Quinto",12987,https://www.youtube.com/watch?v=Tg3uqXpM6Zs,2
0x86ba2f42b635eac3:0xb624c34752328808,"Los Mochis, Sinaloa, Mexico",CITY,2026-03-11T15:23:45.787173+00:00,15,G:wQLXeM-NqWU,Buenos Corridos,Clase Personal,40941,https://www.youtube.com/watch?v=MIe5FGV_Vag,2
0x86bb87d8e10c89a1:0xece24bc159d1c8b0,"Guamúchil, Sinaloa, Mexico",CITY,2026-03-11T15:23:46.446241+00:00,9,G:ykegvfbyvCI,Aquí En La Rosca,Panchito Arredondo,8327,https://www.youtube.com/watch?v=84UgP4OUuMg,1
0x86bbbfa3e7ec3873:0x45073d6e204e5ed9,"Guasave, Sinaloa, Mexico",CITY,2026-03-11T15:23:45.927300+00:00,16,G:rtwKZrT8QPk,El Dino Ya No Esta,Equipo HC,14376,https://www.youtube.com/watch?v=ZVj9mvBFO0U,1
0x86bcd6c77747f98f:0x8dd9ebf0eb2d23cc,"Culiacán, Sinaloa, Mexico",CITY,2026-03-11T15:23:44.918181+00:00,14,G:GavcNxlMJdM,Changuito Me Apodaron,Grupo Feroz,145645,https://www.youtube.com/watch?v=M6lyHxx98wo,2
0x86c815e1cb75ffb9:0x311f38aacd3515ae,"Ciudad Obregón, Sonora, Mexico",CITY,2026-03-11T14:13:10.130708+00:00,20,G:Nw3jw0oeBkU,Como En Los Viejos Tiempos,Edén Muñoz,30423,https://www.youtube.com/watch?v=G5Ho6Nfbj-c,2
0x86c915f4b8d01def:0x96d95402e805f984,"Guaymas, Sonora, Mexico",CITY,2026-03-11T14:13:17.625028+00:00,19,G:SHp7MEZ8HOU,Perlas Negras,"Natanael Cano, Gabito Ballesteros",10470,https://www.youtube.com/watch?v=-UXsF3Rl4cY,2
0x86ce84687adfaee5:0xb33d5395e9887ff9,"Hermosillo, Sonora, Mexico",CITY,2026-03-11T14:13:08.937630+00:00,16,G:2EuWdV6u5K8,Me Voy al Amanecer,"Contacto Norte, Tony Aguirre",87072,https://www.youtube.com/watch?v=g7aC9-hTiao,1
0x86d0a774d6e675d9:0x9cad4289d67ef342,"Agua Prieta, Sonora, Mexico",CITY,2026-03-11T15:24:59.441543+00:00,17,G:wazwBDHwIvk,ganga,"Peso Pluma, Tito Double P",11301,https://www.youtube.com/watch?v=UEIAe-MhI9U,2
0x86d14eb89463e89b:0xc72dcada39d349d5,"Nogales, Sonora, Mexico",CITY,2026-03-11T14:13:09.194896+00:00,18,G:wazwBDHwIvk,ganga,"Peso Pluma, Tito Double P",32624,https://www.youtube.com/watch?v=UEIAe-MhI9U,2
0x86d665410b2ced2b:0x73c32d384d16c715,"Tucson, Arizona, United States",CITY,2026-03-11T14:29:11.674483+00:00,10,G:C-5U1VCTLrw,Sunflower,"Post Malone, Swae Lee",15223,https://www.youtube.com/watch?v=ApXoWvfEYVU,378
0x86de1ac745069869:0x636dd01df13f32bd,"Las Cruces, New Mexico, United States",CITY,2026-03-11T14:18:34.850469+00:00,11,G:4B9ulw10Uvs,I Got Better,Morgan Wallen,4341,https://www.youtube.com/watch?v=H1xu44kH5BE,139
0x86e73f8bc5fe3b69:0xe39184e3ab9d0222,"El Paso, Texas, United States",CITY,2026-03-11T15:23:50.255359+00:00,20,G:diKxju-DnHk,Creep,Radiohead,32369,https://www.youtube.com/watch?v=XFkzRNyygfk,61
0x86e75ecb3d0b329d:0xb196100549c7974,"Ciudad Juárez, Chihuahua, Mexico",CITY,2026-03-11T14:19:04.180920+00:00,17,G:zjUNrd3L8bQ,chiclona,"Peso Pluma, Tito Double P, LENCHO",280757,https://www.youtube.com/watch?v=XSwuQ8KPMe8,2
0x86ea449d5d484033:0xb7f1a7a706dd1d7b,"Chihuahua, Chihuahua, Mexico",CITY,2026-03-11T14:19:05.359608+00:00,18,G:aB2KBXKkNJ4,Triple Lavada (Remix) (feat. Víctor Mendivil),"Esau Ortiz, Luis R Conriquez, Óscar Maydon, Alemán",113693,https://www.youtube.com/watch?v=nt1Q4vJBCWc,13
0x86eb15b9cb001a8d:0x8fd80057072aaf4e,"Delicias, Chihuahua, Mexico",CITY,2026-03-11T14:19:07.261576+00:00,19,G:VWstdmwBCTE,PUES QUE LE HAGO ?,Chuyin,7302,https://www.youtube.com/watch?v=FPigLVewMZU,8
0x86f9613991a5d10f:0x4715ede17f061bf9,"Midland, Texas, United States",CITY,2026-03-11T14:41:43.694181+00:00,16,G:yYEhEjIrBgU,Frecuencia,Los Dareyes De La Sierra,6835,https://www.youtube.com/watch?v=ebXEaHEYYng,112
0x86fbc96a39137cf9:0x1625ab3454615f46,"Odessa, Texas, United States",CITY,2026-03-11T14:44:34.795079+00:00,11,G:4B9ulw10Uvs,I Got Better,Morgan Wallen,6334,https://www.youtube.com/watch?v=H1xu44kH5BE,139
0x86fc9503bf7cabdd:0xb42251a0f28f6880,"Hobbs, New Mexico, United States",CITY,2026-03-11T14:18:37.378790+00:00,11,G:yYEhEjIrBgU,Frecuencia,Los Dareyes De La Sierra,1605,https://www.youtube.com/watch?v=ebXEaHEYYng,112
0x86fe12add37ddd39:0x1af0042922e84287,"Lubbock, Texas, United States",CITY,2026-03-11T14:40:21.324156+00:00,20,G:zPydgG_qsyQ,weren't for the wind,ella langley,7125,https://www.youtube.com/watch?v=U4NPZi2b0aQ,7
0x870148d4b245cf03:0xd0f3d11c6836d2af,"Amarillo, Texas, United States",CITY,2026-03-11T14:32:08.048355+00:00,20,G:n82q9GGWHV8,,,5723,,81
0x8713412ea1e6d22b:0x418eeb92f5e86b13,"Colorado Springs, Colorado, United States",CITY,2026-03-11T14:26:46.368120+00:00,17,G:C5z7egbtL_Q,How It’s Done,"HUNTR/X, EJAE, AUDREY NUNA, REI AMI, KPop Demon Hunters Cast",10944,https://www.youtube.com/watch?v=QGsevnbItdU,195
0x8713a2f3071bb165:0xa82d6ba368c7b82e,"Pueblo, Colorado, United States",CITY,2026-03-11T14:26:47.212337+00:00,18,G:n82q9GGWHV8,,,2963,,81
0x87185043e79852a9:0x46bf6e1a63359eba,"New Mexico, United States",SUBCOUNTRY,2026-03-11T14:18:37.063134+00:00,20,G:n82q9GGWHV8,,,56540,,81
0x87185043e79852a9:0x8c902373fd88df40,"Santa Fe, New Mexico, United States",CITY,2026-03-11T14:18:39.101908+00:00,19,G:yYEhEjIrBgU,Frecuencia,Los Dareyes De La Sierra,1827,https://www.youtube.com/watch?v=ebXEaHEYYng,112
0x87220addd309837b:0xc0d3f8ceb8d9f6fd,"Albuquerque, New Mexico, United States",CITY,2026-03-11T14:18:37.141749+00:00,20,G:diKxju-DnHk,Creep,Radiohead,29565,https://www.youtube.com/watch?v=XFkzRNyygfk,61
0x872a55595c22b693:0x386ce373138cfdf0,"Chandler, Arizona, United States",CITY,2026-03-11T14:29:15.354078+00:00,13,G:C-5U1VCTLrw,Sunflower,"Post Malone, Swae Lee",5970,https://www.youtube.com/watch?v=ApXoWvfEYVU,378
0x872b0898a6aa80e3:0xa2dd4aad392cb41f,"Tempe, Arizona, United States",CITY,2026-03-11T15:26:08.237971+00:00,20,G:0fJQfvpDi4U,BIRDS OF A FEATHER,Billie Eilish,4115,https://www.youtube.com/watch?v=V9PVRfjEBTI,24
0x872b08d9a7772c97:0x26d2e412188fe618,"Scottsdale, Arizona, United States",CITY,2026-03-11T14:29:12.672705+00:00,15,G:diKxju-DnHk,Creep,Radiohead,4808,https://www.youtube.com/watch?v=XFkzRNyygfk,61
0x872b08ebcb4c186b:0x423927b17fc1cd71,"Arizona, United States",SUBCOUNTRY,2026-03-11T14:29:10.854018+00:00,20,G:yYEhEjIrBgU,Frecuencia,Los Dareyes De La Sierra,260795,https://www.youtube.com/watch?v=ebXEaHEYYng,112
0x872b12ed50a179cb:0x8c69c7f8354a1bac,"Phoenix, Arizona, United States",CITY,2026-03-11T14:29:11.012759+00:00,17,G:-KqG_n32gy4,Mi Entorno,Virlán García,154825,https://www.youtube.com/watch?v=OAu5vQ0S-Yo,108
0x872b23272d679d37:0x9f14430b838d3b54,"Glendale, Arizona, United States",CITY,2026-03-11T14:29:12.454608+00:00,15,G:C-5U1VCTLrw,Sunflower,"Post Malone, Swae Lee",7028,https://www.youtube.com/watch?v=ApXoWvfEYVU,378
0x872b2ff4d3b044f3:0x45354c19a9434f0f,"Avondale, Arizona, United States",CITY,2026-03-11T14:32:38.595855+00:00,18,G:HaUBdT6yZFI,Gnarly,KATSEYE,2593,https://www.youtube.com/watch?v=R2-yomhYAj4,98
0x872b3a65dfa1b71d:0x67b27a8f85f953fa,"Goodyear, Arizona, United States",CITY,2026-03-11T14:36:59.325553+00:00,10,G:C-5U1VCTLrw,Sunflower,"Post Malone, Swae Lee",3437,https://www.youtube.com/watch?v=ApXoWvfEYVU,378
0x872b50449c4f72a3:0x3d108204ce52db2,"Surprise, Arizona, United States",CITY,2026-03-11T14:50:40.878213+00:00,18,G:4B9ulw10Uvs,I Got Better,Morgan Wallen,3792,https://www.youtube.com/watch?v=H1xu44kH5BE,139
0x872b5ae6de3cc901:0xd3dfa520c130189d,"Peoria, Arizona, United States",CITY,2026-03-11T14:45:41.253031+00:00,20,G:HaUBdT6yZFI,Gnarly,KATSEYE,3700,https://www.youtube.com/watch?v=R2-yomhYAj4,98
0x872ba7c2c0c592c1:0xd10fc215694e771b,"Mesa, Arizona, United States",CITY,2026-03-11T14:29:11.388199+00:00,12,G:C-5U1VCTLrw,Sunflower,"Post Malone, Swae Lee",13146,https://www.youtube.com/watch?v=ApXoWvfEYVU,378
0x872ba90de045ae43:0x6453ae977fd9ef7e,"Gilbert, Arizona, United States",CITY,2026-03-11T14:36:52.066131+00:00,17,G:C-5U1VCTLrw,Sunflower,"Post Malone, Swae Lee",5084,https://www.youtube.com/watch?v=ApXoWvfEYVU,378
0x872d8ef7da2e2631:0x8e1f3ca1cedbb300,"Flagstaff, Arizona, United States",CITY,2026-03-11T15:25:41.819380+00:00,17,G:AFW9N2zb_-U,Kryptonite,3 Doors Down,1922,https://www.youtube.com/watch?v=xPU8OAjjS4k,58
0x874014749b1856b7:0xc75483314990a7ff,"Colorado, United States",SUBCOUNTRY,2026-03-11T14:26:45.961615+00:00,15,G:XzsCemTmozo,A Bar Song (Tipsy),Shaboozey,178149,https://www.youtube.com/watch?v=t7bQwwqW-Hc,304
0x8746d6e322e77057:0xcc63f451cebf7c56,"Grand Junction, Colorado, United States",CITY,2026-03-11T14:37:02.727219+00:00,8,G:X7st1r0XDo0,Babydoll,Dominic Fike,1965,https://www.youtube.com/watch?v=UnuEzP1rDLY,3
0x874c6bc78f13f9cd:0xbddf4aa56cd7463f,"Utah, United States",SUBCOUNTRY,2026-03-11T14:18:10.637258+00:00,14,G:C5z7egbtL_Q,How It’s Done,"HUNTR/X, EJAE, AUDREY NUNA, REI AMI, KPop Demon Hunters Cast",99270,https://www.youtube.com/watch?v=QGsevnbItdU,195
0x874d7804e4b45119:0x642bc3cf90b21ed1,"Orem, Utah, United States",CITY,2026-03-11T14:44:56.694785+00:00,16,G:gq954AxfjUg,End of Beginning,Djo,2275,https://www.youtube.com/watch?v=oXSw8DGjf5E,105
0x874d9271930bf1bf:0x1d90f12600b556ef,"Provo, Utah, United States",CITY,2026-03-11T14:18:17.510881+00:00,18,G:YfTcXnSiMSg,Drag Path,Twenty One Pilots,2463,https://www.youtube.com/watch?v=m0BFZkPsoWY,2
0x87523d9488d131ed:0x5b53b7a0484d31ca,"Salt Lake City, Utah, United States",CITY,2026-03-11T14:18:10.463095+00:00,20,G:7JCDm_RCJwQ,EoO,Bad Bunny,35166,https://www.youtube.com/watch?v=myDIeOjqQos,144
0x8752805153135f0f:0xea3aa3af26cf70b2,"Draper, Utah, United States",CITY,2026-03-11T15:25:28.527378+00:00,14,G:lv66M_R0ZlI,Opalite,Taylor Swift,887,https://www.youtube.com/watch?v=3PJC6uPIekc,274
0x875285898dabc993:0xf566008fdec9b355,"South Jordan, Utah, United States",CITY,2026-03-11T14:49:51.973383+00:00,20,G:C5z7egbtL_Q,How It’s Done,"HUNTR/X, EJAE, AUDREY NUNA, REI AMI, KPop Demon Hunters Cast",1539,https://www.youtube.com/watch?v=QGsevnbItdU,195
0x87528cddfa3588b3:0xf57b74998d78ace5,"West Valley City, Utah, United States",CITY,2026-03-11T14:18:10.697597+00:00,11,G:AJRuE4Ytoos,Todo Lo Fue,Lenin Ramírez,4924,https://www.youtube.com/watch?v=kwwdY1bp-Ck,318
0x87528ef8ed5eba6f:0x7229563bc344160,"West Jordan, Utah, United States",CITY,2026-03-11T14:18:17.501007+00:00,18,G:Kacky3xT00s,SUMMERTIME FINE (REMIX) (feat. 4EPSOSA),YG4ST,2478,https://www.youtube.com/watch?v=hPYn4YVstbg,1
0x8752fdd6d90730f9:0x8cb1b07e001b9c18,"Layton, Utah, United States",CITY,2026-03-11T14:40:00.195940+00:00,18,G:gq954AxfjUg,End of Beginning,Djo,1880,https://www.youtube.com/watch?v=oXSw8DGjf5E,105
0x87530e94da9c4d7b:0x61dcd77b34b32c,"Ogden, Utah, United States",CITY,2026-03-11T14:18:11.351153+00:00,12,G:C5z7egbtL_Q,How It’s Done,"HUNTR/X, EJAE, AUDREY NUNA, REI AMI, KPop Demon Hunters Cast",2801,https://www.youtube.com/watch?v=QGsevnbItdU,195
0x87547de05542a865:0xa9b33d0bcbbebcd5,"Logan, Utah, United States",CITY,2026-03-11T14:40:17.255127+00:00,13,G:YfTcXnSiMSg,Drag Path,Twenty One Pilots,1390,https://www.youtube.com/watch?v=m0BFZkPsoWY,2
0x875ee23448e12e69:0x26b02279d27d382f,"Wyoming, United States",SUBCOUNTRY,2026-03-11T14:20:26.907852+00:00,15,G:2cpHZ0vMAS4,Sweater Weather,The Neighbourhood,9910,https://www.youtube.com/watch?v=GCdwKhTtNNw,29
0x87609365c85e7a63:0x69cefc3917343e53,"Casper, Wyoming, United States",CITY,2026-03-11T14:20:23.958015+00:00,16,G:gTO5_JxZ_Lw,Bad At Love,Halsey,1160,https://www.youtube.com/watch?v=xdYFuCp3m9k,16
0x87694a4590f030ad:0xa9b14228b4ab4082,"Fort Collins, Colorado, United States",CITY,2026-03-11T14:26:55.340051+00:00,15,G:diKxju-DnHk,Creep,Radiohead,3862,https://www.youtube.com/watch?v=XFkzRNyygfk,61
0x876b80aa231f17cf:0x118ef4f8278a36d6,"Denver, Colorado, United States",CITY,2026-03-11T14:26:45.913287+00:00,20,G:diKxju-DnHk,Creep,Radiohead,76794,https://www.youtube.com/watch?v=XFkzRNyygfk,61
0x876b816f5cdd72b7:0x9e905dfaf1d0ce97,"Lakewood, Colorado, United States",CITY,2026-03-11T14:39:56.933469+00:00,19,G:XzsCemTmozo,A Bar Song (Tipsy),Shaboozey,2483,https://www.youtube.com/watch?v=t7bQwwqW-Hc,304
0x876b881ea2597f9f:0xa8cf57703f744417,"Westminster, Colorado, United States",CITY,2026-03-11T14:52:18.473045+00:00,20,G:C5z7egbtL_Q,How It’s Done,"HUNTR/X, EJAE, AUDREY NUNA, REI AMI, KPop Demon Hunters Cast",2218,https://www.youtube.com/watch?v=QGsevnbItdU,195
0x876b88bf184901ff:0x1f855e310a07f8ec,"Arvada, Colorado, United States",CITY,2026-03-11T14:32:15.819439+00:00,19,G:C5z7egbtL_Q,How It’s Done,"HUNTR/X, EJAE, AUDREY NUNA, REI AMI, KPop Demon Hunters Cast",1732,https://www.youtube.com/watch?v=QGsevnbItdU,195
0x876b8d4e278dafd3:0xc8393b7ca01b8058,"Boulder, Colorado, United States",CITY,2026-03-11T14:33:46.004766+00:00,18,G:6lQpODWqPF4,"The Moon Cave (feat. Asha Puthli, Bobby Womack, Jalen Ngonda & Jalen Ngonda and Black Thought)",Gorillaz,1628,https://www.youtube.com/watch?v=ucRulNQsuYQ,8
0x876c588622ba2b9b:0x8441e0688ba2e678,"Aurora, Colorado, United States",CITY,2026-03-11T14:26:46.224845+00:00,13,G:AJRuE4Ytoos,Todo Lo Fue,Lenin Ramírez,12540,https://www.youtube.com/watch?v=kwwdY1bp-Ck,318
0x876c65534dd3ee71:0xcd7854dd18c9f55c,"Thornton, Colorado, United States",CITY,2026-03-11T15:26:10.582758+00:00,17,G:AJRuE4Ytoos,Todo Lo Fue,Lenin Ramírez,3367,https://www.youtube.com/watch?v=kwwdY1bp-Ck,318
0x876c82f082d15d0b:0x11f163cd6b8cdb49,"Highlands Ranch, Colorado, United States",CITY,2026-03-11T14:15:22.313365+00:00,8,G:lv66M_R0ZlI,Opalite,Taylor Swift,1873,https://www.youtube.com/watch?v=3PJC6uPIekc,274
0x876ea186c8af5e79:0xd2cfba804e0a121f,"Greeley, Colorado, United States",CITY,2026-03-11T14:37:05.517855+00:00,11,G:tXJZzPCuZMg,Amor,Emmanuel Cortes,3522,https://www.youtube.com/watch?v=TX-1dI8t6WM,149
0x876f38762e73ef93:0xb10a30418f972d2b,"Cheyenne, Wyoming, United States",CITY,2026-03-11T14:20:23.213467+00:00,13,G:2cpHZ0vMAS4,Sweater Weather,The Neighbourhood,1818,https://www.youtube.com/watch?v=GCdwKhTtNNw,29
0x877d42a59ebba5fb:0xc471615a3e93b7c7,"Rapid City, South Dakota, United States",CITY,2026-03-11T14:13:42.807702+00:00,19,G:DL7PHA8NWmU,Thug Paradise 2,Soldier Kidd,2613,https://www.youtube.com/watch?v=cD62NbyD-XE,2
0x877d432d85e938a5:0x7f0d6293186a4b7,"South Dakota, United States",SUBCOUNTRY,2026-03-11T14:13:44.004894+00:00,20,G:A9JQxJWp3Mo,Last Night,Morgan Wallen,18224,https://www.youtube.com/watch?v=TyjgBxIVmEc,11
0x878eb498e0bdacd7:0xde95ff3aa8b2fccf,"Sioux Falls, South Dakota, United States",CITY,2026-03-11T14:13:41.240178+00:00,20,G:4B9ulw10Uvs,I Got Better,Morgan Wallen,4941,https://www.youtube.com/watch?v=H1xu44kH5BE,139
0x87927936476d5209:0x21980acb9e684c8c,"Sioux City, Iowa, United States",CITY,2026-03-11T14:21:30.128654+00:00,18,G:eQbn7kemCQY,Trap Queen,Fetty Wap,2817,https://www.youtube.com/watch?v=i_kF4zLNKio,203
0x879381cfa109322f:0xbe4e81fa5222799e,"Council Bluffs, Iowa, United States",CITY,2026-03-11T14:21:27.092268+00:00,15,G:dQnoVxwVZxk,All The Way,"BigXthaPlug, Bailey Zimmerman",1970,https://www.youtube.com/watch?v=7kyHvPNbugk,45
0x8793884a3912c1ab:0xa68ee4b861d982b0,"Bellevue, Nebraska, United States",CITY,2026-03-11T14:21:15.251998+00:00,12,G:C5z7egbtL_Q,How It’s Done,"HUNTR/X, EJAE, AUDREY NUNA, REI AMI, KPop Demon Hunters Cast",1732,https://www.youtube.com/watch?v=QGsevnbItdU,195
0x87938dc8b50cfced:0x46424d4fae37b604,"Omaha, Nebraska, United States",CITY,2026-03-11T14:21:13.023597+00:00,18,G:dQnoVxwVZxk,All The Way,"BigXthaPlug, Bailey Zimmerman",25159,https://www.youtube.com/watch?v=7kyHvPNbugk,45
0x87938dc8b50cfced:0xa127900c0ff30ac4,"Nebraska, United States",SUBCOUNTRY,2026-03-11T14:21:09.244156+00:00,19,G:na_tI9i5UkM,No Hands (feat. Roscoe Dash & Wale),Waka Flocka Flame,46652,https://www.youtube.com/watch?v=skhxizRYxps,164
0x8796be59ca561265:0x633a859b1fd5deb9,"Lincoln, Nebraska, United States",CITY,2026-03-11T14:21:14.217851+00:00,20,G:na_tI9i5UkM,No Hands (feat. Roscoe Dash & Wale),Waka Flocka Flame,6160,https://www.youtube.com/watch?v=skhxizRYxps,164
0x87998644ec7765f7:0xa12d5b784951b17b,"Grand Island, Nebraska, United States",CITY,2026-03-11T14:21:11.915602+00:00,16,G:jlsyTC5EctY,Tienes (Remix),"Ya Ice Dilan, Rey Tony, Helabusador, JipMusic Global, Dj Honda",2478,https://www.youtube.com/watch?v=eTRym2y6H1o,20
0x87a31771717c016b:0x68c2b4a94b3e095f,"Kansas, United States",SUBCOUNTRY,2026-03-11T14:27:14.142597+00:00,16,G:na_tI9i5UkM,No Hands (feat. Roscoe Dash & Wale),Waka Flocka Flame,93565,https://www.youtube.com/watch?v=skhxizRYxps,164
0x87ac3911b1ac4f9d:0x5d1ccf33400aea48,"Oklahoma, United States",SUBCOUNTRY,2026-03-11T14:14:36.047479+00:00,20,G:dQnoVxwVZxk,All The Way,"BigXthaPlug, Bailey Zimmerman",127661,https://www.youtube.com/watch?v=7kyHvPNbugk,45
0x87ad1ee259210d45:0x612cfac6f2724e52,"Lawton, Oklahoma, United States",CITY,2026-03-11T14:14:36.713804+00:00,19,G:0PSNwk3H6xs,2AM,BigXthaPlug,2459,https://www.youtube.com/watch?v=JVDUsaqgSq0,20
0x87ad8a547ef8d281:0x33a21274d14f3a9d,"Oklahoma City, Oklahoma, United States",CITY,2026-03-11T14:14:33.685829+00:00,14,G:dQnoVxwVZxk,All The Way,"BigXthaPlug, Bailey Zimmerman",77028,https://www.youtube.com/watch?v=7kyHvPNbugk,45
0x87b109f9eb99af23:0x8c91da162010d199,"Stillwater, Oklahoma, United States",CITY,2026-03-11T14:50:09.915374+00:00,17,G:2cpHZ0vMAS4,Sweater Weather,The Neighbourhood,1081,https://www.youtube.com/watch?v=GCdwKhTtNNw,29
0x87b214da36d05709:0x98e4cf127cf67fa6,"Moore, Oklahoma, United States",CITY,2026-03-11T14:42:00.392199+00:00,15,G:2cpHZ0vMAS4,Sweater Weather,The Neighbourhood,1411,https://www.youtube.com/watch?v=GCdwKhTtNNw,29
0x87b21fb31543c513:0x461410361dd184cc,"Edmond, Oklahoma, United States",CITY,2026-03-11T14:14:38.316978+00:00,20,G:gq954AxfjUg,End of Beginning,Djo,1499,https://www.youtube.com/watch?v=oXSw8DGjf5E,105
0x87b23c6640879221:0xd18f16ae4a72c557,"Midwest City, Oklahoma, United States",CITY,2026-03-11T14:41:44.867985+00:00,14,G:w4K2-51OBfU,What You Is,"YoungBoy Never Broke Again, Mellow Rackz",1527,https://www.youtube.com/watch?v=X28kl7wOzcs,100
0x87b263b67f93eee7:0x445b233faba85cf8,"Norman, Oklahoma, United States",CITY,2026-03-11T14:14:32.059051+00:00,14,G:diKxju-DnHk,Creep,Radiohead,2482,https://www.youtube.com/watch?v=XFkzRNyygfk,61
0x87b6623d6eab4e11:0x2825ab3846a6265c,"Broken Arrow, Oklahoma, United States",CITY,2026-03-11T14:14:41.548848+00:00,19,G:HaUBdT6yZFI,Gnarly,KATSEYE,2099,https://www.youtube.com/watch?v=R2-yomhYAj4,98
0x87b692b8ddd12e8f:0xe76910c81bd96af7,"Tulsa, Oklahoma, United States",CITY,2026-03-11T14:14:34.972739+00:00,20,G:na_tI9i5UkM,No Hands (feat. Roscoe Dash & Wale),Waka Flocka Flame,13228,https://www.youtube.com/watch?v=skhxizRYxps,164
0x87badb6ad27f182d:0x9396d5bf74d33d3e,"Wichita, Kansas, United States",CITY,2026-03-11T14:27:06.803926+00:00,19,G:na_tI9i5UkM,No Hands (feat. Roscoe Dash & Wale),Waka Flocka Flame,15896,https://www.youtube.com/watch?v=skhxizRYxps,164
0x87bdb7ef44c3632d:0xa9185d487312c7ef,"Manhattan, Kansas, United States",CITY,2026-03-11T14:40:42.963014+00:00,16,G:4B9ulw10Uvs,I Got Better,Morgan Wallen,1438,https://www.youtube.com/watch?v=H1xu44kH5BE,139
0x87bf02e4daec7a29:0xbe2be7d06ae3a7f0,"Topeka, Kansas, United States",CITY,2026-03-11T14:27:18.465115+00:00,20,G:ODGnTz_RXAc,Took Her To The O,King Von,3300,https://www.youtube.com/watch?v=hzt31eJTGxo,3
0x87bf40c7ce479883:0x151713d50478ab2e,"Lawrence, Kansas, United States",CITY,2026-03-11T14:40:05.786236+00:00,16,G:C5z7egbtL_Q,How It’s Done,"HUNTR/X, EJAE, AUDREY NUNA, REI AMI, KPop Demon Hunters Cast",1927,https://www.youtube.com/watch?v=QGsevnbItdU,195
0x87c01a4e932e2571:0xe67596795bd371a8,"Saint Joseph, Missouri, United States",CITY,2026-03-11T15:25:59.299060+00:00,19,G:uFMTr8bVcCw,Save Me,Jelly Roll,1881,https://www.youtube.com/watch?v=FxFNprPOdss,5
0x87c08ce427cf3515:0xdc77777b70c31e05,"Kansas City, Kansas, United States",CITY,2026-03-11T14:27:06.176836+00:00,20,G:KnTaGdimvnQ,Not Like Us,Kendrick Lamar,25284,https://www.youtube.com/watch?v=H58vbez_m4E,4
0x87c09551a72638d3:0x24ce4feb3844f9c8,"Overland Park, Kansas, United States",CITY,2026-03-11T14:27:09.955992+00:00,9,G:7YSkdhRDlkg,Aaya Sher,"Anirudh Ravichander, Jangi Reddy, Arjun Chandy, Kasarla Shyam",5388,https://www.youtube.com/watch?v=iAtoZar5W58,57
0x87c097a5101f4f41:0xc18238569d7e7db0,"Olathe, Kansas, United States",CITY,2026-03-11T14:27:19.551054+00:00,19,G:C5z7egbtL_Q,How It’s Done,"HUNTR/X, EJAE, AUDREY NUNA, REI AMI, KPop Demon Hunters Cast",3362,https://www.youtube.com/watch?v=QGsevnbItdU,195
0x87c0e6d54822e37d:0xb55bc4590466bd72,"Missouri, United States",SUBCOUNTRY,2026-03-11T14:20:49.893534+00:00,19,G:n82q9GGWHV8,,,147795,,81
0x87c0f75eafe99997:0x558525e66aaa51a2,"Kansas City, Missouri, United States",CITY,2026-03-11T14:20:51.552274+00:00,18,G:5ksGqXQO7Fc,Went Legit,G Herbo,35044,https://www.youtube.com/watch?v=495zc7_vGgA,72
0x87c103212e42f743:0x6e02087994d8d2fa,"Independence, Missouri, United States",CITY,2026-03-11T14:20:47.464742+00:00,16,G:na_tI9i5UkM,No Hands (feat. Roscoe Dash & Wale),Waka Flocka Flame,2800,https://www.youtube.com/watch?v=skhxizRYxps,164
0x87c158077798f5d1:0xab4d25001d42a080,"Warrensburg, Missouri, United States",CITY,2026-03-11T14:52:10.456834+00:00,16,G:vavcWlmCVDE,LET THE WORLD BURN,Chris Grey,684,https://www.youtube.com/watch?v=fdJrSjMgPFE,24
0x87c86537eae4d3eb:0x981637362835a30e,"Joplin, Missouri, United States",CITY,2026-03-11T14:39:14.402055+00:00,19,G:gTO5_JxZ_Lw,Bad At Love,Halsey,1262,https://www.youtube.com/watch?v=xdYFuCp3m9k,16
0x87c910004ed64949:0xda808cc82425bf02,"Bentonville, Arkansas, United States",CITY,2026-03-11T14:33:01.273625+00:00,15,G:tyU4uHR4sD0,Chikiri Chikiri,Mohit Chauhan,1697,https://www.youtube.com/watch?v=vVDp1ulBKIk,18
0x87c910d451c1567d:0xce19becf5373f4d4,"Rogers, Arkansas, United States",CITY,2026-03-11T14:13:28.271059+00:00,20,G:4vR9qlKE5Cw,FDO,Pooh Shiesty,2479,https://www.youtube.com/watch?v=MPuK06zUIhc,249
0x87c914b302758579:0xa131eaadd43bbc5a,"Springdale, Arkansas, United States",CITY,2026-03-11T14:13:27.130700+00:00,18,G:W5-sHhg-Lhw,I Thought I Saw Your Face Today,She & Him,3095,https://www.youtube.com/watch?v=pyGU-UudvrM,15
0x87c96f7b2fb53e9d:0x4519f069fcb4c8cf,"Fayetteville, Arkansas, United States",CITY,2026-03-11T14:13:27.619642+00:00,19,G:diKxju-DnHk,Creep,Radiohead,1700,https://www.youtube.com/watch?v=XFkzRNyygfk,61
0x87ca4cba8eb3768f:0xefb5b7d2152bfa8a,"Fort Smith, Arkansas, United States",CITY,2026-03-11T14:36:12.788792+00:00,17,G:4B9ulw10Uvs,I Got Better,Morgan Wallen,2506,https://www.youtube.com/watch?v=H1xu44kH5BE,139
0x87cd6242c4fa2299:0xc16d5c18a365a00d,"Conway, Arkansas, United States",CITY,2026-03-11T14:13:29.237538+00:00,12,G:0PSNwk3H6xs,2AM,BigXthaPlug,2877,https://www.youtube.com/watch?v=JVDUsaqgSq0,20
0x87cf62f745c8983f:0x6bfd6cb31e690da0,"Springfield, Missouri, United States",CITY,2026-03-11T14:20:53.278176+00:00,19,G:H85dWVKzXm0,Favorite Song (feat. Khalid),Toosii,7819,https://www.youtube.com/watch?v=4D89Qr5vH6U,10
0x87d29e3f743f2761:0xa405693effdfd2d0,"Arkansas, United States",SUBCOUNTRY,2026-03-11T14:13:26.855684+00:00,16,G:0PSNwk3H6xs,2AM,BigXthaPlug,104849,https://www.youtube.com/watch?v=JVDUsaqgSq0,20
0x87d2a134a11f569b:0x3405f5100df35b17,"Little Rock, Arkansas, United States",CITY,2026-03-11T14:13:23.688162+00:00,13,G:DBv7reie1oc,Loyalty Ova Love,Finesse2tymes,26580,https://www.youtube.com/watch?v=Mxd_lYdo0Gk,4
0x87d428dfdcd7ec2f:0x6034f5b4fe11eee6,"Jonesboro, Arkansas, United States",CITY,2026-03-11T14:13:25.688803+00:00,11,G:0PSNwk3H6xs,2AM,BigXthaPlug,3754,https://www.youtube.com/watch?v=JVDUsaqgSq0,20
0x87d57e1eea439745:0xd193f315601ab6fe,"Memphis, Tennessee, United States",CITY,2026-03-11T14:18:04.751941+00:00,11,G:2_zV2MQ-GV4,Backup Plan,Kevo Muney,79413,https://www.youtube.com/watch?v=vshjpOpnryQ,2
0x87d8b4a9faed8ef9:0xbe39eaca22bbe05b,"St. Louis, Missouri, United States",CITY,2026-03-11T14:20:47.764302+00:00,19,G:1TtGNEpVGpU,Wanna Be,"GloRilla, Megan Thee Stallion",32918,https://www.youtube.com/watch?v=BT_83vSP1es,1
0x87db5dab4e3b0af1:0xb2e7c94bbca8d9ad,"Jefferson City, Missouri, United States",CITY,2026-03-11T14:39:11.178167+00:00,12,G:AFW9N2zb_-U,Kryptonite,3 Doors Down,1125,https://www.youtube.com/watch?v=xPU8OAjjS4k,58
0x87dcabf3bb8182c9:0xa011692dbabd6f20,"Columbia, Missouri, United States",CITY,2026-03-11T14:20:53.702998+00:00,15,G:na_tI9i5UkM,No Hands (feat. Roscoe Dash & Wale),Waka Flocka Flame,3107,https://www.youtube.com/watch?v=skhxizRYxps,164
0x87ded0fb018ea6b3:0xb134c0e403c9d989,"O'Fallon, Missouri, United States",CITY,2026-03-11T14:44:23.876177+00:00,18,G:gq954AxfjUg,End of Beginning,Djo,1596,https://www.youtube.com/watch?v=oXSw8DGjf5E,105
0x87df2ab532412ee3:0x5822b12efd1427c9,"Chesterfield, Missouri, United States",CITY,2026-03-11T15:25:04.347082+00:00,19,G:X4ld6D_G6_w,Shararat,"Shashwat Sachdev, Madhubanti Bagchi, Jasmine Sandlas",971,https://www.youtube.com/watch?v=YyepU5ztLf4,190
0x87df3633ce36d95d:0x38009b30db3b13b5,"Florissant, Missouri, United States",CITY,2026-03-11T14:20:49.022207+00:00,11,G:j2nqA1LPVuI,2 PHONES,SKAMM,3312,https://www.youtube.com/watch?v=N4Quc2W8R18,1
0x87e230a078e3446b:0x2ed0a7a7cf0f3227,"Moline, Illinois, United States",CITY,2026-03-11T14:41:51.484899+00:00,20,G:na_tI9i5UkM,No Hands (feat. Roscoe Dash & Wale),Waka Flocka Flame,1446,https://www.youtube.com/watch?v=skhxizRYxps,164
0x87e234c5e012a2f1:0xe8ea1f6356581fb0,"Davenport, Iowa, United States",CITY,2026-03-11T14:21:27.048197+00:00,17,G:KURv8cFWBNU,ROOMS (feat. YoungBoy Never Broke Again & Chief Keef),Mike WiLL Made-It,2510,https://www.youtube.com/watch?v=c5aYTMnACfk,66
0x87e32b84c08a86d3:0xb4be1ec626a37147,"Dubuque, Iowa, United States",CITY,2026-03-11T15:25:29.900560+00:00,20,G:-dV-mAbfcFM,7 Years,Lukas Graham,1251,https://www.youtube.com/watch?v=LHCob76kigA,2
0x87e441c16a208817:0x6d711867870582b0,"Iowa City, Iowa, United States",CITY,2026-03-11T14:38:48.085745+00:00,18,G:C5z7egbtL_Q,How It’s Done,"HUNTR/X, EJAE, AUDREY NUNA, REI AMI, KPop Demon Hunters Cast",1545,https://www.youtube.com/watch?v=QGsevnbItdU,195
0x87e45f7aa02f4251:0x55ee60432ce6ddc0,"Cedar Rapids, Iowa, United States",CITY,2026-03-11T14:21:26.151135+00:00,17,G:jDwqLZKOHnY,Someone You Loved,Lewis Capaldi,3088,https://www.youtube.com/watch?v=zABLecsR5UE,90
0x87e54db31fef18df:0xe859408dfb3ceb18,"Waterloo, Iowa, United States",CITY,2026-03-11T14:52:18.080387+00:00,10,G:na_tI9i5UkM,No Hands (feat. Roscoe Dash & Wale),Waka Flocka Flame,1891,https://www.youtube.com/watch?v=skhxizRYxps,164
0x87e5555181c81347:0xf2ab27e2c10031e9,"Cedar Falls, Iowa, United States",CITY,2026-03-11T14:35:20.429883+00:00,11,G:4B9ulw10Uvs,I Got Better,Morgan Wallen,803,https://www.youtube.com/watch?v=H1xu44kH5BE,139
0x87ec1f8a5b821e1f:0x538996c0d30a8397,"West Des Moines, Iowa, United States",CITY,2026-03-11T15:25:23.951883+00:00,20,G:C5z7egbtL_Q,How It’s Done,"HUNTR/X, EJAE, AUDREY NUNA, REI AMI, KPop Demon Hunters Cast",1374,https://www.youtube.com/watch?v=QGsevnbItdU,195
0x87ee5e6ff1f86019:0xc6ef634a57c759d9,"Iowa, United States",SUBCOUNTRY,2026-03-11T14:21:27.939642+00:00,20,G:dQnoVxwVZxk,All The Way,"BigXthaPlug, Bailey Zimmerman",72273,https://www.youtube.com/watch?v=7kyHvPNbugk,45
0x87ee70624634a06b:0x273156083cc75200,"Ames, Iowa, United States",CITY,2026-03-11T14:21:27.176401+00:00,15,G:AFW9N2zb_-U,Kryptonite,3 Doors Down,1605,https://www.youtube.com/watch?v=xPU8OAjjS4k,58
0x87ee99a4c1611ee7:0x710028512691e4b2,"Des Moines, Iowa, United States",CITY,2026-03-11T14:21:31.406161+00:00,20,G:na_tI9i5UkM,No Hands (feat. Roscoe Dash & Wale),Waka Flocka Flame,5792,https://www.youtube.com/watch?v=skhxizRYxps,164
0x87f430a6041e8569:0x7133c5f5ac64ed0,"Mankato, Minnesota, United States",CITY,2026-03-11T14:40:58.965957+00:00,5,G:TKLS5htA6UM,Good Boy Snuggles Part 4,AudioEve,1335,https://www.youtube.com/watch?v=0FNPPs2SlqM,1
0x87f624fa09f49987:0x3a72974cdc3905bc,"Bloomington, Minnesota, United States",CITY,2026-03-11T14:33:34.246826+00:00,16,G:C-5U1VCTLrw,Sunflower,"Post Malone, Swae Lee",1874,https://www.youtube.com/watch?v=ApXoWvfEYVU,378
0x87f62c3aab3bdc07:0xdbaa47fe781ceb12,"Eagan, Minnesota, United States",CITY,2026-03-11T15:25:34.128692+00:00,18,G:XzsCemTmozo,A Bar Song (Tipsy),Shaboozey,1384,https://www.youtube.com/watch?v=t7bQwwqW-Hc,304
0x87f631219cfba86f:0xa830ef8a3709c4bf,"Apple Valley, Minnesota, United States",CITY,2026-03-11T14:32:12.782095+00:00,15,G:wbk2HOd8WMw,함께 가 줄래,KIM HOJOONG,1157,https://www.youtube.com/watch?v=GfNuK6DgdtE,1
0x87f637bff0610147:0xa27e54424bdb4bf4,"Lakeville, Minnesota, United States",CITY,2026-03-11T14:39:54.433070+00:00,1,G:9x-sv1k4FQ4,Firework,Katy Perry,4423,https://www.youtube.com/watch?v=QGJuMBdaqIw,1
0x87f75f4ba35f2c4b:0xf0951c175661c63d,"Rochester, Minnesota, United States",CITY,2026-03-11T14:27:50.163608+00:00,18,G:C5z7egbtL_Q,How It’s Done,"HUNTR/X, EJAE, AUDREY NUNA, REI AMI, KPop Demon Hunters Cast",2615,https://www.youtube.com/watch?v=QGsevnbItdU,195
0x87f8bd155013d1b3:0x3d438beb43939375,"Eau Claire, Wisconsin, United States",CITY,2026-03-11T15:25:32.419071+00:00,20,G:AFW9N2zb_-U,Kryptonite,3 Doors Down,1805,https://www.youtube.com/watch?v=xPU8OAjjS4k,58
0x87f954df6732b395:0x7fa98815193722b0,"La Crosse, Wisconsin, United States",CITY,2026-03-11T14:39:54.010483+00:00,17,G:AFW9N2zb_-U,Kryptonite,3 Doors Down,1350,https://www.youtube.com/watch?v=xPU8OAjjS4k,58
0x8802e2e809b380f3:0x6370045214dcf571,"Green Bay, Wisconsin, United States",CITY,2026-03-11T14:17:21.654359+00:00,18,G:na_tI9i5UkM,No Hands (feat. Roscoe Dash & Wale),Waka Flocka Flame,3020,https://www.youtube.com/watch?v=skhxizRYxps,164
0x88035fc1bb4a495f:0x32f8eceab418e29,"Sheboygan, Wisconsin, United States",CITY,2026-03-11T14:49:35.843020+00:00,13,G:C5z7egbtL_Q,How It’s Done,"HUNTR/X, EJAE, AUDREY NUNA, REI AMI, KPop Demon Hunters Cast",1615,https://www.youtube.com/watch?v=QGsevnbItdU,195
0x8803b682b903f6c9:0x9ca1d6a50675935b,"Appleton, Wisconsin, United States",CITY,2026-03-11T14:17:24.381974+00:00,14,G:C5z7egbtL_Q,How It’s Done,"HUNTR/X, EJAE, AUDREY NUNA, REI AMI, KPop Demon Hunters Cast",2473,https://www.youtube.com/watch?v=QGsevnbItdU,195
0x8803e959eab78c29:0x2cc15c76194bf1da,"Oshkosh, Wisconsin, United States",CITY,2026-03-11T14:44:57.682133+00:00,14,G:C5z7egbtL_Q,How It’s Done,"HUNTR/X, EJAE, AUDREY NUNA, REI AMI, KPop Demon Hunters Cast",1561,https://www.youtube.com/watch?v=QGsevnbItdU,195
0x8803f62a149e9925:0x9404d0e850d903cd,"Fond du Lac, Wisconsin, United States",CITY,2026-03-11T14:36:27.669752+00:00,20,G:jDwqLZKOHnY,Someone You Loved,Lewis Capaldi,1135,https://www.youtube.com/watch?v=zABLecsR5UE,90
0x880502d7578b47e7:0x445f1922b5417b84,"Milwaukee, Wisconsin, United States",CITY,2026-03-11T14:17:21.998215+00:00,14,G:gxfVrMNIls8,Rider (Remix),"45Gbaby, Chicken P",36973,https://www.youtube.com/watch?v=9FSIi--iNOs,1
0x88054254f4ab541b:0xf4f6da64e15e1aa,"Racine, Wisconsin, United States",CITY,2026-03-11T14:17:21.869069+00:00,15,G:KURv8cFWBNU,ROOMS (feat. YoungBoy Never Broke Again & Chief Keef),Mike WiLL Made-It,2740,https://www.youtube.com/watch?v=c5aYTMnACfk,66
0x88055e372255d1e5:0x6d11785b8a32df18,"Kenosha, Wisconsin, United States",CITY,2026-03-11T14:17:23.472115+00:00,16,G:4vR9qlKE5Cw,FDO,Pooh Shiesty,2195,https://www.youtube.com/watch?v=MPuK06zUIhc,249
0x8805a626948e9757:0xab2da13461989c95,"Waukesha, Wisconsin, United States",CITY,2026-03-11T14:52:13.981143+00:00,20,G:eQbn7kemCQY,Trap Queen,Fetty Wap,1155,https://www.youtube.com/watch?v=i_kF4zLNKio,203
0x880617924d2239db:0xbfbb4761fcdbec0,"Janesville, Wisconsin, United States",CITY,2026-03-11T14:39:11.242705+00:00,18,G:4B9ulw10Uvs,I Got Better,Morgan Wallen,1477,https://www.youtube.com/watch?v=H1xu44kH5BE,139
0x8806536d3a2019ff:0x4e0cfcb5ba484198,"Madison, Wisconsin, United States",CITY,2026-03-11T14:17:21.358177+00:00,13,G:lv66M_R0ZlI,Opalite,Taylor Swift,7396,https://www.youtube.com/watch?v=3PJC6uPIekc,274
0x8808b9cdfd0300db:0xacad897828f6780,"Rockford, Illinois, United States",CITY,2026-03-11T14:26:53.778055+00:00,7,G:KURv8cFWBNU,ROOMS (feat. YoungBoy Never Broke Again & Chief Keef),Mike WiLL Made-It,6339,https://www.youtube.com/watch?v=c5aYTMnACfk,66
0x880a595c535879ad:0xcafbf4326b7d80db,"Peoria, Illinois, United States",CITY,2026-03-11T14:26:54.889051+00:00,19,G:tEr4lPQ4bKw,Love & War,Lil Poppa,3884,https://www.youtube.com/watch?v=5wBXkvwy3Rg,1
0x880b087039089ac1:0x2e424aa54a23bc1e,"Bloomington, Illinois, United States",CITY,2026-03-11T14:33:36.606655+00:00,19,G:na_tI9i5UkM,No Hands (feat. Roscoe Dash & Wale),Waka Flocka Flame,2079,https://www.youtube.com/watch?v=skhxizRYxps,164
0x880b2d386f6e2619:0x7f15825064115956,"Illinois, United States",SUBCOUNTRY,2026-03-11T14:11:59.589485+00:00,17,G:KURv8cFWBNU,ROOMS (feat. YoungBoy Never Broke Again & Chief Keef),Mike WiLL Made-It,436989,https://www.youtube.com/watch?v=c5aYTMnACfk,66
0x880cd08dde97691b:0x30f57847b475bfcf,"Champaign, Illinois, United States",CITY,2026-03-11T14:26:56.333355+00:00,14,G:5ksGqXQO7Fc,Went Legit,G Herbo,4262,https://www.youtube.com/watch?v=495zc7_vGgA,72
0x880e2c3cd0f4cbed:0xafe0a6ad09c0c000,"Chicago, Illinois, United States",CITY,2026-03-11T14:12:01.831626+00:00,16,G:KURv8cFWBNU,ROOMS (feat. YoungBoy Never Broke Again & Chief Keef),Mike WiLL Made-It,307633,https://www.youtube.com/watch?v=c5aYTMnACfk,66
0x880e33967c81db8f:0xbc5872c77c003120,"Cicero, Illinois, United States",CITY,2026-03-11T15:25:06.359348+00:00,17,G:7JCDm_RCJwQ,EoO,Bad Bunny,2277,https://www.youtube.com/watch?v=myDIeOjqQos,144
0x880e346c086e4c3b:0x70ab594b1370370,"Berwyn, Illinois, United States",CITY,2026-03-11T14:33:07.253387+00:00,19,G:53-lHrjMwrU,Me Porto Bonito,"Bad Bunny, Chencho Corleone",985,https://www.youtube.com/watch?v=saGYMhApaH8,1
0x880e34ba3f1db787:0xdf588d7dd5d4aea8,"Oak Park, Illinois, United States",CITY,2026-03-11T14:44:26.306823+00:00,11,G:lv66M_R0ZlI,Opalite,Taylor Swift,869,https://www.youtube.com/watch?v=3PJC6uPIekc,274
0x880e456bec363d7d:0x9f9e66f7a36bc042,"Joliet, Illinois, United States",CITY,2026-03-11T14:39:13.845496+00:00,15,G:C-5U1VCTLrw,Sunflower,"Post Malone, Swae Lee",4049,https://www.youtube.com/watch?v=ApXoWvfEYVU,378
0x880e4b2fbfc93755:0x872123abccc87c00,"Palatine, Illinois, United States",CITY,2026-03-11T14:45:06.850913+00:00,14,G:crPMo0sxTuo,I Just Might,Bruno Mars,1357,https://www.youtube.com/watch?v=mrV8kK5t0V8,455
0x880e5174f031d539:0x1de1b9b6ac3938a,"Downers Grove, Illinois, United States",CITY,2026-03-11T15:25:28.120084+00:00,1,G:xSkn5DjVkXQ,Who,Jimin,4853,https://www.youtube.com/watch?v=Av9DvtlJ9_M,1
0x880e53e2f983efc7:0xa03db05b8c116d5a,"Wheaton, Illinois, United States",CITY,2026-03-11T14:52:16.587781+00:00,20,G:gq954AxfjUg,End of Beginning,Djo,851,https://www.youtube.com/watch?v=oXSw8DGjf5E,105
0x880e5761e216cd07:0x87df9c2c7f203052,"Naperville, Illinois, United States",CITY,2026-03-11T14:43:27.991219+00:00,13,G:X4ld6D_G6_w,Shararat,"Shashwat Sachdev, Madhubanti Bagchi, Jasmine Sandlas",3779,https://www.youtube.com/watch?v=YyepU5ztLf4,190
0x880e5a38051ae5d9:0x5c0368f95c706206,"Bolingbrook, Illinois, United States",CITY,2026-03-11T14:33:43.816042+00:00,15,G:HaUBdT6yZFI,Gnarly,KATSEYE,1717,https://www.youtube.com/watch?v=R2-yomhYAj4,98
0x880ee54d4ed5111b:0x7fd1f848c350e85d,"Aurora, Illinois, United States",CITY,2026-03-11T14:26:59.093780+00:00,19,G:AJRuE4Ytoos,Todo Lo Fue,Lenin Ramírez,4852,https://www.youtube.com/watch?v=kwwdY1bp-Ck,318
0x880ef4f4bc37a549:0x146344e09a792fb9,"Plainfield, Illinois, United States",CITY,2026-03-11T14:46:25.294889+00:00,19,G:gq954AxfjUg,End of Beginning,Djo,1013,https://www.youtube.com/watch?v=oXSw8DGjf5E,105
0x880efbc0eb5c0333:0x303bcbf1d154e560,"Elgin, Illinois, United States",CITY,2026-03-11T15:25:34.169236+00:00,20,G:tXJZzPCuZMg,Amor,Emmanuel Cortes,3329,https://www.youtube.com/watch?v=TX-1dI8t6WM,149
0x880f2a436a34225b:0x61572c0fee89d331,"DeKalb, Illinois, United States",CITY,2026-03-11T15:25:21.724421+00:00,7,G:KURv8cFWBNU,ROOMS (feat. YoungBoy Never Broke Again & Chief Keef),Mike WiLL Made-It,1669,https://www.youtube.com/watch?v=c5aYTMnACfk,66
0x880f929cb856822d:0x1b746b364cacf55f,"Waukegan, Illinois, United States",CITY,2026-03-11T14:52:12.486437+00:00,8,G:7JCDm_RCJwQ,EoO,Bad Bunny,3414,https://www.youtube.com/watch?v=myDIeOjqQos,144
0x880faf88436224e5:0x43bd31cd678f7351,"Schaumburg, Illinois, United States",CITY,2026-03-11T14:49:27.035823+00:00,18,G:X4ld6D_G6_w,Shararat,"Shashwat Sachdev, Madhubanti Bagchi, Jasmine Sandlas",2035,https://www.youtube.com/watch?v=YyepU5ztLf4,190
0x880fb0447ae71d6d:0xe95d217a6e46c8ba,"Des Plaines, Illinois, United States",CITY,2026-03-11T15:25:25.346441+00:00,20,G:C5z7egbtL_Q,How It’s Done,"HUNTR/X, EJAE, AUDREY NUNA, REI AMI, KPop Demon Hunters Cast",1124,https://www.youtube.com/watch?v=QGsevnbItdU,195
0x880fb800542e2ebd:0xcf94f7a408134f2f,"Skokie, Illinois, United States",CITY,2026-03-11T14:49:45.307030+00:00,20,G:4u6Y_9oyJ9A,Doneh Doneh,Mohsen Ebrahimzadeh,1060,https://www.youtube.com/watch?v=unRVaHUz2U4,1
0x880fba3bce5cfa37:0xd764707ce5fdcac3,"Arlington Heights, Illinois, United States",CITY,2026-03-11T14:32:14.275869+00:00,12,G:lv66M_R0ZlI,Opalite,Taylor Swift,1682,https://www.youtube.com/watch?v=3PJC6uPIekc,274
0x880fcffd34e80a77:0x6f21a10d05c0671a,"Evanston, Illinois, United States",CITY,2026-03-11T15:25:36.643033+00:00,20,G:gq954AxfjUg,End of Beginning,Djo,1031,https://www.youtube.com/watch?v=oXSw8DGjf5E,105
0x881132c44a61d313:0x974ad9b36fa33204,"South Bend, Indiana, United States",CITY,2026-03-11T14:26:22.987711+00:00,10,G:5ksGqXQO7Fc,Went Legit,G Herbo,3748,https://www.youtube.com/watch?v=495zc7_vGgA,72
0x8811c26949eba4df:0x3ec3739841d01645,"Gary, Indiana, United States",CITY,2026-03-11T14:36:49.379517+00:00,19,G:-RuX1jYNS8Y,Amazin',Jeezy,3200,https://www.youtube.com/watch?v=A0Uqs9BAeE8,1
0x8811def32f2efd55:0x3b42953079621c08,"Hammond, Indiana, United States",CITY,2026-03-11T14:37:28.821511+00:00,5,G:KURv8cFWBNU,ROOMS (feat. YoungBoy Never Broke Again & Chief Keef),Mike WiLL Made-It,3289,https://www.youtube.com/watch?v=c5aYTMnACfk,66
0x8812fd472165042d:0xdf75e293a8a11bef,"West Lafayette, Indiana, United States",CITY,2026-03-11T14:39:51.251831+00:00,17,G:GP86hLFBeJM,Viva La Vida,Coldplay,1792,https://www.youtube.com/watch?v=dvgZkm1xWPE,1
0x8813001a192aeaad:0xa541eddbe84f1ef5,"Lafayette, Indiana, United States",CITY,2026-03-11T14:39:50.991435+00:00,15,G:na_tI9i5UkM,No Hands (feat. Roscoe Dash & Wale),Waka Flocka Flame,2337,https://www.youtube.com/watch?v=skhxizRYxps,164
0x881484347dab8df1:0x20b8b11ce9debd29,"Kokomo, Indiana, United States",CITY,2026-03-11T14:39:36.646184+00:00,19,G:gTO5_JxZ_Lw,Bad At Love,Halsey,1983,https://www.youtube.com/watch?v=xdYFuCp3m9k,16
0x8814b377e061fed9:0x5c70915098c7503b,"Fishers, Indiana, United States",CITY,2026-03-11T15:25:41.610162+00:00,18,G:C5z7egbtL_Q,How It’s Done,"HUNTR/X, EJAE, AUDREY NUNA, REI AMI, KPop Demon Hunters Cast",1811,https://www.youtube.com/watch?v=QGsevnbItdU,195
0x8814d985845cc003:0x90170315640b4343,"Anderson, Indiana, United States",CITY,2026-03-11T14:32:06.032067+00:00,17,G:H85dWVKzXm0,Favorite Song (feat. Khalid),Toosii,1952,https://www.youtube.com/watch?v=4D89Qr5vH6U,10
0x88153da6b0f5aeaf:0xb88aff25ae2c1ba7,"Muncie, Indiana, United States",CITY,2026-03-11T14:42:11.755808+00:00,17,G:dQnoVxwVZxk,All The Way,"BigXthaPlug, Bailey Zimmerman",2095,https://www.youtube.com/watch?v=7kyHvPNbugk,45
0x8815e4ddff22814b:0x80077b147642f793,"Fort Wayne, Indiana, United States",CITY,2026-03-11T14:26:14.602224+00:00,16,G:na_tI9i5UkM,No Hands (feat. Roscoe Dash & Wale),Waka Flocka Flame,8346,https://www.youtube.com/watch?v=skhxizRYxps,164
0x8816c2c35be3ae13:0x7aedefd9028388cb,"Elkhart, Indiana, United States",CITY,2026-03-11T15:25:34.204886+00:00,17,G:Iq5q6GGpJmY,Montagem Miau,Lenar,2561,https://www.youtube.com/watch?v=JJjEl_EVsLA,26
0x88179d79493192b9:0xda7cf8d249573009,"Kalamazoo, Michigan, United States",CITY,2026-03-11T14:39:15.552062+00:00,7,G:pqzPAvKpf6E,2 The Hard Way (First Day Out),FWC Big Key,3897,https://www.youtube.com/watch?v=hwjZXD6Aryc,15
0x8817f1ae31d4bebb:0xfb804ce2cf0ff8b0,"Battle Creek, Michigan, United States",CITY,2026-03-11T14:32:55.194280+00:00,16,G:pqzPAvKpf6E,2 The Hard Way (First Day Out),FWC Big Key,2461,https://www.youtube.com/watch?v=hwjZXD6Aryc,15
0x88185460bb502815:0xa593aacb1bd3a8d0,"Grand Rapids, Michigan, United States",CITY,2026-03-11T15:24:01.148492+00:00,16,G:Fa1Vkz6kNP4,Thick One,"42 Dugg, Skilla Baby",9441,https://www.youtube.com/watch?v=o6NHHpue4Xs,7
0x8819b10a3071fb73:0x5d5cada2274a8707,"Wyoming, Michigan, United States",CITY,2026-03-11T14:20:24.789681+00:00,14,G:o0bOCb_9UVM,LET 'EM KNOW,T.I.,2064,https://www.youtube.com/watch?v=mcg4z1gGbEw,310
0x8821809c03db0717:0x7a6c83e422b20a90,"Midland, Michigan, United States",CITY,2026-03-11T14:41:37.710941+00:00,17,G:2cpHZ0vMAS4,Sweater Weather,The Neighbourhood,1333,https://www.youtube.com/watch?v=GCdwKhTtNNw,29
0x8822c01c7f318c37:0x4378b62389029d9e,"Lansing, Michigan, United States",CITY,2026-03-11T14:22:51.874242+00:00,7,G:pqzPAvKpf6E,2 The Hard Way (First Day Out),FWC Big Key,4244,https://www.youtube.com/watch?v=hwjZXD6Aryc,15
0x8824ae2f8c7e3c7f:0x1978ab227e003bbc,"Farmington Hills, Michigan, United States",CITY,2026-03-11T15:25:38.873298+00:00,15,G:tyU4uHR4sD0,Chikiri Chikiri,Mohit Chauhan,1990,https://www.youtube.com/watch?v=vVDp1ulBKIk,18
0x8824b30706ba377b:0xd782c2371992a3fe,"Livonia, Michigan, United States",CITY,2026-03-11T14:40:13.686829+00:00,19,G:pqzPAvKpf6E,2 The Hard Way (First Day Out),FWC Big Key,2820,https://www.youtube.com/watch?v=hwjZXD6Aryc,15
0x8824b9e143a6b8b1:0xa3f2ec1e8a53b0c2,"Southfield, Michigan, United States",CITY,2026-03-11T14:49:53.616995+00:00,18,G:iaCtGRyzBnw,MUTT (REMIX),"Leon Thomas, Freddie Gibbs",1919,https://www.youtube.com/watch?v=U0C1UrO91B8,3
0x8824c40a318bcc13:0xb44b00c67e9177a7,"Troy, Michigan, United States",CITY,2026-03-11T15:26:16.859564+00:00,14,G:X4ld6D_G6_w,Shararat,"Shashwat Sachdev, Madhubanti Bagchi, Jasmine Sandlas",2112,https://www.youtube.com/watch?v=YyepU5ztLf4,190
0x8824c5f96ccd2bf7:0x70fd341efca3310,"Royal Oak, Michigan, United States",CITY,2026-03-11T15:25:56.354189+00:00,14,G:utbdr1K6TmM,Man I Need,Olivia Dean,1168,https://www.youtube.com/watch?v=oIv_Y2RPQ_A,257
0x8824ca0110cb1d75:0x5776864e35b9c4d2,"Detroit, Michigan, United States",CITY,2026-03-11T15:24:01.628262+00:00,14,G:GLvtTw0p0ps,wgft (feat. Burna Boy),Gunna,103398,https://www.youtube.com/watch?v=3b4lo3lV4bg,3
0x8824d083185a6a51:0xd55ef45fe74082c2,"Warren, Michigan, United States",CITY,2026-03-11T14:22:49.490837+00:00,7,G:Fa1Vkz6kNP4,Thick One,"42 Dugg, Skilla Baby",5074,https://www.youtube.com/watch?v=o6NHHpue4Xs,7
0x8824d838786d1a0b:0xb07e33de8fe5ee61,"Roseville, Michigan, United States",CITY,2026-03-11T15:25:54.762828+00:00,3,G:DONnWZKvh2w,"King Kitty - Small Dick, Little Man (Audio)",King Kitty,1900,https://www.youtube.com/watch?v=JLspINHAvAs,1
0x8824dc7b86d2b1e7:0xf51c31f0b93b22e7,"Sterling Heights, Michigan, United States",CITY,2026-03-11T14:22:47.597154+00:00,19,G:VOwTPMKViXs,اول مرة,حمزة المحمداوي,3861,https://www.youtube.com/watch?v=ETPU2RY_aCY,1
0x8824e998c4be31a1:0x29c4ee533bf1362f,"Rochester Hills, Michigan, United States",CITY,2026-03-11T15:25:53.319174+00:00,19,G:C5z7egbtL_Q,How It’s Done,"HUNTR/X, EJAE, AUDREY NUNA, REI AMI, KPop Demon Hunters Cast",1670,https://www.youtube.com/watch?v=QGsevnbItdU,195
0x882581560e55ef5d:0xcf23ed2868f6f05e,"Sarnia, Ontario, Canada",CITY,2026-03-11T14:49:17.583751+00:00,19,G:13z8-cvCqaY,Hotel California (Live),Eagles,1718,https://www.youtube.com/watch?v=09839DpTctU,12
0x882aa3371ad7206d:0x1d2e0f00a84b535a,"Barrie, Ontario, Canada",CITY,2026-03-11T14:32:50.417585+00:00,6,G:unCdoBJqF9Q,5-7,"Karan Aujla, Mxrci",6130,https://www.youtube.com/watch?v=x9RC77Oc-0Q,74
0x882ad20bf0ae014f:0xcb39bf730072dc8f,"Newmarket, Ontario, Canada",CITY,2026-03-11T14:43:37.195826+00:00,15,G:Jh86Rvl_Iaw,Every Breath You Take,The Police,1761,https://www.youtube.com/watch?v=OMOGaugKpzs,22
0x882ad392943890c7:0x5037b28c7231a30,"Aurora, Ontario, Canada",CITY,2026-03-11T14:32:26.928335+00:00,19,G:HaUBdT6yZFI,Gnarly,KATSEYE,958,https://www.youtube.com/watch?v=R2-yomhYAj4,98
0x882b15eaa5d05abf:0x352d31667cc38677,"Brampton, Ontario, Canada",CITY,2026-03-11T14:14:54.864277+00:00,13,G:hl5dqEUgS4Q,Charmer,"Diljit Dosanjh, Avvy Sra, Raj Ranjodh",49407,https://www.youtube.com/watch?v=CGhGAVH2GqY,1
0x882b268883243a77:0xdd95317585aa054b,"Vaughan, Ontario, Canada",CITY,2026-03-11T14:51:51.711038+00:00,20,G:unCdoBJqF9Q,5-7,"Karan Aujla, Mxrci",6281,https://www.youtube.com/watch?v=x9RC77Oc-0Q,74
0x882b2a4936291733:0x5201760ad6b142ed,"Richmond Hill, Ontario, Canada",CITY,2026-03-11T15:25:51.842061+00:00,19,G:FjD3dwwN6Aw,هزار و یک شب,Erfan Tahmasbi,3139,https://www.youtube.com/watch?v=EaLOLTxh_gI,7
0x882b469fe76b05b7:0x3146cbed75966db,"Mississauga, Ontario, Canada",CITY,2026-03-11T14:14:52.846601+00:00,19,G:YbpF_bk9NAU,For A Reason,"Karan Aujla, Ikky",16398,https://www.youtube.com/watch?v=-YlmnPh-6rE,18
0x882b63d2965d93b7:0xa44a27764c2b554f,"Burlington, Ontario, Canada",CITY,2026-03-11T14:34:40.491057+00:00,20,G:tXo2LoyC_YI,Toucher la lune,Maheva,2734,https://www.youtube.com/watch?v=6dnArJIi0c0,2
0x882b6fa34a2371d5:0x60f4dd8775707432,"Milton, Ontario, Canada",CITY,2026-03-11T14:41:38.863241+00:00,14,G:FH-6Wcm6u0k,Waka Waka (This Time for Africa) (feat. Freshlyground),Shakira,3386,https://www.youtube.com/watch?v=pRpeEdMmmQ0,28
0x882b89b820e46c19:0x5037b28c7231d70,"Cambridge, Ontario, Canada",CITY,2026-03-11T14:34:52.489278+00:00,17,G:YbpF_bk9NAU,For A Reason,"Karan Aujla, Ikky",3275,https://www.youtube.com/watch?v=-YlmnPh-6rE,18
0x882b9ad0c3a9fb6b:0x5037b28c7231b60,"Guelph, Ontario, Canada",CITY,2026-03-11T14:37:13.061592+00:00,18,G:unCdoBJqF9Q,5-7,"Karan Aujla, Mxrci",3121,https://www.youtube.com/watch?v=x9RC77Oc-0Q,74
0x882bf1565ffe672b:0x5037b28c7231d90,"Waterloo, Ontario, Canada",CITY,2026-03-11T14:52:11.605874+00:00,16,G:1GOYia5HKC8,Extraordinaire,Fredz,3181,https://www.youtube.com/watch?v=ECk9BBJutAY,5
0x882bf48c03ee5105:0x9525f8e6df5f544b,"Kitchener, Ontario, Canada",CITY,2026-03-11T14:39:31.715672+00:00,20,G:1GOYia5HKC8,Extraordinaire,Fredz,7026,https://www.youtube.com/watch?v=ECk9BBJutAY,5
0x882c986c27de778f:0x2b6aee56d8df0e21,"Hamilton, Ontario, Canada",CITY,2026-03-11T14:14:56.654185+00:00,20,G:unCdoBJqF9Q,5-7,"Karan Aujla, Mxrci",11310,https://www.youtube.com/watch?v=x9RC77Oc-0Q,74
0x882d7fe13db2f71f:0x89f3ae2e121d5b0a,"Erie, Pennsylvania, United States",CITY,2026-03-11T14:23:03.226372+00:00,17,G:5ksGqXQO7Fc,Went Legit,G Herbo,3921,https://www.youtube.com/watch?v=495zc7_vGgA,72
0x882d80261e32e589:0xc24621475022b43d,"Pennsylvania, United States",SUBCOUNTRY,2026-03-11T14:22:58.500108+00:00,7,G:miF8V_mCO1g,What You Saying,Lil Uzi Vert,492451,https://www.youtube.com/watch?v=s_TUESTU7_4,199
0x882ef20ea88d9b0b:0x28c7d7699a056b95,"London, Ontario, Canada",CITY,2026-03-11T14:14:55.703330+00:00,4,G:ryq2SwMASAQ,Looking For A Devil Among Angels,Jim Camacho,23087,https://www.youtube.com/watch?v=8uC2-eP8HCc,1
0x88309918045a2cc5:0xa5f04aa87a7fb0b6,"Elyria, Ohio, United States",CITY,2026-03-11T15:25:34.443158+00:00,17,G:n82q9GGWHV8,,,1606,,81
0x88309da946a6e4d5:0x7215fec4ef9b3222,"Lorain, Ohio, United States",CITY,2026-03-11T14:40:17.624353+00:00,20,G:fU3EloSIINI,Is It a Crime,"Mariah the Scientist, Kali Uchis",2431,https://www.youtube.com/watch?v=L5agl9ioLRM,97
0x8830b7e0365b6d13:0x37c23a7ef615fe15,"Medina, Ohio, United States",CITY,2026-03-11T14:41:26.332477+00:00,17,G:od8pGyYIc6I,Loopable Cicadas Sound,"Relaxing Music Therapy, Crickets - Tinnitus Sleep Solution, 4D Nature Recordings",1488,https://www.youtube.com/watch?v=q5hz-VlSko8,1
0x8830d7958b2efab7:0x29c96c95fd266d04,"Akron, Ohio, United States",CITY,2026-03-11T14:24:39.879087+00:00,11,G:pqzPAvKpf6E,2 The Hard Way (First Day Out),FWC Big Key,7453,https://www.youtube.com/watch?v=hwjZXD6Aryc,15
0x8830ef2c0fba7385:0xa0af1dbcfa58974b,"Parma, Ohio, United States",CITY,2026-03-11T14:45:29.826790+00:00,20,G:C5z7egbtL_Q,How It’s Done,"HUNTR/X, EJAE, AUDREY NUNA, REI AMI, KPop Demon Hunters Cast",1589,https://www.youtube.com/watch?v=QGsevnbItdU,195
0x8830ef2ee3686b2d:0xed04cb55f7621842,"Cleveland, Ohio, United States",CITY,2026-03-11T14:24:40.434792+00:00,19,G:LbbJBI_rkb0,It Depends (The Remix) (feat. Bryson Tiller & Usher),Chris Brown,39676,https://www.youtube.com/watch?v=9Pe8fZSU7uA,23
0x8830fbb7a47c28a3:0x53a4bdeadd028c94,"Cleveland Heights, Ohio, United States",CITY,2026-03-11T15:25:07.791822+00:00,20,G:SY78jzSXGb0,Snooze,SZA,1071,https://www.youtube.com/watch?v=LDY_XyxBu8A,5
0x8831a0d5e2fa2b01:0x93ec392068bcba6a,"Mentor, Ohio, United States",CITY,2026-03-11T14:41:26.704893+00:00,16,G:dQnoVxwVZxk,All The Way,"BigXthaPlug, Bailey Zimmerman",1883,https://www.youtube.com/watch?v=7kyHvPNbugk,45
0x8833e1d16893bc9f:0x5d2c726a0cccf044,"Youngstown, Ohio, United States",CITY,2026-03-11T15:26:20.035422+00:00,12,G:pqzPAvKpf6E,2 The Hard Way (First Day Out),FWC Big Key,2561,https://www.youtube.com/watch?v=hwjZXD6Aryc,15
0x8834f16f48068503:0x8df915a15aa21b34,"Pittsburgh, Pennsylvania, United States",CITY,2026-03-11T14:23:00.876573+00:00,20,G:KnTaGdimvnQ,Not Like Us,Kendrick Lamar,46670,https://www.youtube.com/watch?v=H58vbez_m4E,4
0x88357b684185333d:0x78bee909ab8d43e4,"Morgantown, West Virginia, United States",CITY,2026-03-11T15:24:51.936364+00:00,20,G:RGS4XTuWbIA,Don't Stop Believin' (Live),Journey,1161,https://www.youtube.com/watch?v=VcjzHMhBtf0,33
0x8836c84fd29980a9:0x12cc9ba49ffa6f4b,"Canton, Ohio, United States",CITY,2026-03-11T14:35:02.606920+00:00,18,G:H85dWVKzXm0,Favorite Song (feat. Khalid),Toosii,3898,https://www.youtube.com/watch?v=4D89Qr5vH6U,10
0x8836e97ab54d8ec1:0xe5cd64399c9fd916,"Ohio, United States",SUBCOUNTRY,2026-03-11T14:24:45.827617+00:00,20,G:n82q9GGWHV8,,,309329,,81
0x883817d9b080117d:0x11616c35e1b4991c,"Newark, Ohio, United States",CITY,2026-03-11T14:43:33.400116+00:00,18,G:uFMTr8bVcCw,Save Me,Jelly Roll,1630,https://www.youtube.com/watch?v=FxFNprPOdss,5
0x88387ae56aa4f7e9:0x10fcb9f0430f407b,"Pickerington, Ohio, United States",CITY,2026-03-11T14:45:53.729587+00:00,20,G:O2meCt98B18,"TAKEDOWN  (feat. Jeongyeon, JIHYO & CHAEYOUNG)",TWICE,698,https://www.youtube.com/watch?v=l8Dr7vzMSVE,1
0x883889c1b990de71:0xe43266f8cfb1b533,"Columbus, Ohio, United States",CITY,2026-03-11T14:24:46.610830+00:00,15,G:5ksGqXQO7Fc,Went Legit,G Herbo,76583,https://www.youtube.com/watch?v=495zc7_vGgA,72
0x8838ecc4d450a11f:0xc2176815689028,"Dublin, Ohio, United States",CITY,2026-03-11T15:25:29.451249+00:00,15,G:WSbCbK2F3pY,Gehra Hua,"Shashwat Sachdev, Arijit Singh, Irshad Kamil, Armaan Khan",985,https://www.youtube.com/watch?v=GX9x62kFsVU,129
0x8839eae2778a1287:0x63083af8142c6f56,"Mansfield, Ohio, United States",CITY,2026-03-11T14:41:03.706841+00:00,16,G:H85dWVKzXm0,Favorite Song (feat. Khalid),Toosii,1917,https://www.youtube.com/watch?v=4D89Qr5vH6U,10
0x883b2ac1b54f886b:0xb66cd49527fcdc51,"Windsor, Ontario, Canada",CITY,2026-03-11T14:52:33.994956+00:00,19,G:MWRfJaXJC7M,Life On a Chain,Pete Yorn,5337,https://www.youtube.com/watch?v=_XwOeJW_9HU,7
0x883b3506c9c0d86b:0x70fd341efca36c0,"Dearborn, Michigan, United States",CITY,2026-03-11T15:25:21.888002+00:00,11,G:l-no9-MqSXM,عظم البلاء(دعای فرج)- عربی و اردو,Ali Fani,3563,https://www.youtube.com/watch?v=_kIcKHWUElk,3
0x883b4847f771b229:0xe91a445c3ccfb419,"Taylor, Michigan, United States",CITY,2026-03-11T15:26:07.316499+00:00,19,G:Fa1Vkz6kNP4,Thick One,"42 Dugg, Skilla Baby",1662,https://www.youtube.com/watch?v=o6NHHpue4Xs,7
0x883b4c5aa0a83d2d:0xfef813988cc1a5af,"Westland, Michigan, United States",CITY,2026-03-11T14:52:15.902356+00:00,6,G:pqzPAvKpf6E,2 The Hard Way (First Day Out),FWC Big Key,3338,https://www.youtube.com/watch?v=hwjZXD6Aryc,15
0x883b872dfc1e4e79:0x7c3cc89f453ac345,"Toledo, Ohio, United States",CITY,2026-03-11T14:24:44.282841+00:00,15,G:pqzPAvKpf6E,2 The Hard Way (First Day Out),FWC Big Key,8686,https://www.youtube.com/watch?v=hwjZXD6Aryc,15
0x883c0220991f71f9:0x23b5540b6710aed2,"Findlay, Ohio, United States",CITY,2026-03-11T15:25:41.363903+00:00,19,G:dQnoVxwVZxk,All The Way,"BigXthaPlug, Bailey Zimmerman",1195,https://www.youtube.com/watch?v=7kyHvPNbugk,45
0x883cb00dd4431f33:0xdb09f94686c8b5e2,"Ann Arbor, Michigan, United States",CITY,2026-03-11T14:22:52.001125+00:00,15,G:utbdr1K6TmM,Man I Need,Olivia Dean,4022,https://www.youtube.com/watch?v=oIv_Y2RPQ_A,257
0x883f5a588a827c09:0x3e740c175881afbb,"Springfield, Ohio, United States",CITY,2026-03-11T14:49:54.652301+00:00,18,G:ODGnTz_RXAc,Took Her To The O,King Von,2712,https://www.youtube.com/watch?v=hzt31eJTGxo,3
0x884048c2772f7031:0x9386c74193aa7c51,"Fairfield, Ohio, United States",CITY,2026-03-11T15:25:37.985171+00:00,19,G:na_tI9i5UkM,No Hands (feat. Roscoe Dash & Wale),Waka Flocka Flame,1243,https://www.youtube.com/watch?v=skhxizRYxps,164
0x884051b1de3821f9:0x69fb7e8be4c09317,"Cincinnati, Ohio, United States",CITY,2026-03-11T14:24:48.487455+00:00,14,G:dQnoVxwVZxk,All The Way,"BigXthaPlug, Bailey Zimmerman",28703,https://www.youtube.com/watch?v=7kyHvPNbugk,45
0x884080d5aedd1403:0xa640e392f20e4ce4,"Dayton, Ohio, United States",CITY,2026-03-11T14:24:46.657787+00:00,20,G:LbbJBI_rkb0,It Depends (The Remix) (feat. Bryson Tiller & Usher),Chris Brown,5074,https://www.youtube.com/watch?v=9Pe8fZSU7uA,23
0x8841c64fb0230f03:0x4cf0ed5f518f0d26,"Florence, Kentucky, United States",CITY,2026-03-11T14:36:25.836467+00:00,14,G:na_tI9i5UkM,No Hands (feat. Roscoe Dash & Wale),Waka Flocka Flame,1574,https://www.youtube.com/watch?v=skhxizRYxps,164
0x88424429cc9ceb25:0x84f08341908c4fdd,"Lexington, Kentucky, United States",CITY,2026-03-11T14:21:39.845965+00:00,19,G:dQnoVxwVZxk,All The Way,"BigXthaPlug, Bailey Zimmerman",11595,https://www.youtube.com/watch?v=7kyHvPNbugk,45
0x8842734c8b1953c9:0x771f6f4ec5ccdffc,"Kentucky, United States",SUBCOUNTRY,2026-03-11T14:21:39.097825+00:00,15,G:dQnoVxwVZxk,All The Way,"BigXthaPlug, Bailey Zimmerman",128028,https://www.youtube.com/watch?v=7kyHvPNbugk,45
0x8842fd9358d6a67f:0xc8b6b847c0a32479,"Richmond, Kentucky, United States",CITY,2026-03-11T15:25:51.739659+00:00,19,G:eXjIJ2QoRLw,Wondering Why (Live),The Red Clay Strays,927,https://www.youtube.com/watch?v=GhcMmaUPtrk,3
0x8845e3aa792430b5:0xd3713568ed4051d4,"Huntington, West Virginia, United States",CITY,2026-03-11T15:24:51.819476+00:00,18,G:ODGnTz_RXAc,Took Her To The O,King Von,1561,https://www.youtube.com/watch?v=hzt31eJTGxo,3
0x88484c7b32de2457:0xce93e42c0c21949a,"Parkersburg, West Virginia, United States",CITY,2026-03-11T15:24:52.180480+00:00,16,G:ErbM5KwGiWM,Wild Ones,"Jessie Murph, Jelly Roll",1049,https://www.youtube.com/watch?v=MVDJxMxzTL0,11
0x884a54a5d4cb0945:0xbb00c768decd3a43,"West Virginia, United States",SUBCOUNTRY,2026-03-11T14:14:18.256838+00:00,17,G:RxOjmEoSxBI,Broken Window Serenade,Whiskey Myers,36088,https://www.youtube.com/watch?v=RX_VXoi4Rck,9
0x884cd670bdbcb2cd:0xc04e4149b746a695,"Virginia, United States",SUBCOUNTRY,2026-03-11T14:14:11.861010+00:00,14,G:nFXoRQQp-BI,BOO,H3adband,224051,https://www.youtube.com/watch?v=km5bgjATdCk,196
0x884d0c4d6aa966fd:0x249dbecbdbb0989b,"Roanoke, Virginia, United States",CITY,2026-03-11T14:14:22.574055+00:00,10,G:dQnoVxwVZxk,All The Way,"BigXthaPlug, Bailey Zimmerman",7917,https://www.youtube.com/watch?v=7kyHvPNbugk,45
0x884d950adc06dcc3:0x86ceb8ea4842da2d,"Blacksburg, Virginia, United States",CITY,2026-03-11T14:33:27.701039+00:00,12,G:gq954AxfjUg,End of Beginning,Djo,1613,https://www.youtube.com/watch?v=oXSw8DGjf5E,105
0x884ef2c26c8ee0e9:0xc6238a4c992406ab,"Beckley, West Virginia, United States",CITY,2026-03-11T15:24:52.361565+00:00,9,G:eJSZqS7mS4w,Achy Breaky Heart,Billy Ray Cyrus,895,https://www.youtube.com/watch?v=byQIPdHMpjc,1
0x884f2cce88145d39:0x7661a84704c91b0b,"Charleston, West Virginia, United States",CITY,2026-03-11T15:24:52.051565+00:00,14,G:RxOjmEoSxBI,Broken Window Serenade,Whiskey Myers,5784,https://www.youtube.com/watch?v=RX_VXoi4Rck,9
0x88512fd2369d4903:0x85da1fb0049334a3,"Hickory, North Carolina, United States",CITY,2026-03-11T14:38:06.344338+00:00,15,G:n82q9GGWHV8,,,1349,,81
0x88515558977a5005:0x6742006b7eed5462,"Mooresville, North Carolina, United States",CITY,2026-03-11T14:41:59.704777+00:00,11,G:4B9ulw10Uvs,I Got Better,Morgan Wallen,1755,https://www.youtube.com/watch?v=H1xu44kH5BE,139
0x88530bc771b841eb:0xf2ee8a2d049910df,"High Point, North Carolina, United States",CITY,2026-03-11T14:38:08.005428+00:00,20,G:BBRc4p_BAT0,Little Things,Ella Mai,3231,https://www.youtube.com/watch?v=bbw4-yOszDc,96
0x8853193f38c77b79:0x93b9c49478be12c8,"Greensboro, North Carolina, United States",CITY,2026-03-11T14:31:22.372610+00:00,19,G:XS_Wbk4HDqs,You (feat. Lil Wayne),Lloyd,9137,https://www.youtube.com/watch?v=YVLHaqeJzEk,14
0x88532bc4ebd8e3bb:0x8c918d39c58a775e,"Burlington, North Carolina, United States",CITY,2026-03-11T14:34:33.422762+00:00,20,G:BBRc4p_BAT0,Little Things,Ella Mai,2227,https://www.youtube.com/watch?v=bbw4-yOszDc,96
0x885399adb8aad67f:0x6fea0a9c3aa73b04,"Lexington, North Carolina, United States",CITY,2026-03-11T14:40:08.660415+00:00,11,G:n82q9GGWHV8,,,1429,,81
0x8853a19b82d6b277:0x50325f54b43f8245,"Winston-Salem, North Carolina, United States",CITY,2026-03-11T15:24:13.534685+00:00,19,G:7l-uFMTVEAc,features,TopOppGen,6569,https://www.youtube.com/watch?v=dJLQrCgMwzo,1
0x88540562ceaafc4b:0xf0a1b8c03ecdaebd,"Concord, North Carolina, United States",CITY,2026-03-11T15:25:10.755179+00:00,20,G:na_tI9i5UkM,No Hands (feat. Roscoe Dash & Wale),Waka Flocka Flame,2778,https://www.youtube.com/watch?v=skhxizRYxps,164
0x88541fc4fc381a81:0x884650e6bf43d164,"Charlotte, North Carolina, United States",CITY,2026-03-11T14:31:07.943013+00:00,20,G:5ksGqXQO7Fc,Went Legit,G Herbo,108043,https://www.youtube.com/watch?v=495zc7_vGgA,72
0x88541fc4fc381a81:0xad3f30f5e922ae19,"North Carolina, United States",SUBCOUNTRY,2026-03-11T14:31:11.989102+00:00,17,G:w4K2-51OBfU,What You Is,"YoungBoy Never Broke Again, Mellow Rackz",363648,https://www.youtube.com/watch?v=X28kl7wOzcs,100
0x885566d61ff10fe9:0xac3c3b81f5d91e2a,"Florence, South Carolina, United States",CITY,2026-03-11T14:18:55.190131+00:00,17,G:Q1ruhq2dDNc,Boots on the Ground,803Fresh,3428,https://www.youtube.com/watch?v=RQxQZV66Bl8,5
0x88568caa45cafb65:0xc77a8c45e50c89f0,"Rock Hill, South Carolina, United States",CITY,2026-03-11T14:19:02.003901+00:00,15,G:s06lqY0ubgs,Where I Been / Shot Callin,YoungBoy Never Broke Again,2543,https://www.youtube.com/watch?v=F7dJY0jkpyU,35
0x88569621db0d75ed:0x24b2e2982e59d973,"Gastonia, North Carolina, United States",CITY,2026-03-11T14:36:50.882363+00:00,16,G:BgcmkIrbW_M,Take Me Thru Dere,"Metro Boomin, Quavo, Breskii, YKNIECE, DJ Spinz",3008,https://www.youtube.com/watch?v=iUZyn_w6Y1Q,46
0x88578f6662fa1105:0xd8aa9d77bf257696,"Greenville, South Carolina, United States",CITY,2026-03-11T14:19:00.418036+00:00,16,G:yYEhEjIrBgU,Frecuencia,Los Dareyes De La Sierra,5544,https://www.youtube.com/watch?v=ebXEaHEYYng,112
0x88586c269a7cbefb:0x7c5fd13566e0adf,"Anderson, South Carolina, United States",CITY,2026-03-11T14:32:06.924140+00:00,16,G:BgcmkIrbW_M,Take Me Thru Dere,"Metro Boomin, Quavo, Breskii, YKNIECE, DJ Spinz",1407,https://www.youtube.com/watch?v=iUZyn_w6Y1Q,46
0x88598ca93c0f6f09:0x94ef31c106343a5d,"Asheville, North Carolina, United States",CITY,2026-03-11T14:32:23.166610+00:00,20,G:C5z7egbtL_Q,How It’s Done,"HUNTR/X, EJAE, AUDREY NUNA, REI AMI, KPop Demon Hunters Cast",2037,https://www.youtube.com/watch?v=QGsevnbItdU,195
0x885a7cdb5141a35b:0x3ce62a0c7c0563cb,"Johnson City, Tennessee, United States",CITY,2026-03-11T14:39:14.037791+00:00,19,G:L9lTVLytVOc,When I'm Gone,3 Doors Down,2437,https://www.youtube.com/watch?v=pFq1eT9tMJ4,3
0x885a856b70074b97:0x6f9cc0d30bcc841f,"Kingsport, Tennessee, United States",CITY,2026-03-11T14:39:28.909042+00:00,18,G:_odTz3xgWDA,Worst Way,Riley Green,2437,https://www.youtube.com/watch?v=OkktfeAR-Rk,4
0x885c162246ce42a9:0x7bea92dac4f534c5,"Knoxville, Tennessee, United States",CITY,2026-03-11T14:18:05.613533+00:00,18,G:A9JQxJWp3Mo,Last Night,Morgan Wallen,10029,https://www.youtube.com/watch?v=TyjgBxIVmEc,11
0x885ccd149736c703:0x621951e47307cc98,"London, Kentucky, United States",CITY,2026-03-11T14:21:40.961994+00:00,17,G:B_zZ3vAMk7w,House Again,Hudson Westbrook,1853,https://www.youtube.com/watch?v=5i7lrVrvykI,2
0x885e2b91eaedaaad:0xff782049cac209d2,"Cleveland, Tennessee, United States",CITY,2026-03-11T15:25:07.690926+00:00,17,G:_odTz3xgWDA,Worst Way,Riley Green,1892,https://www.youtube.com/watch?v=OkktfeAR-Rk,4
0x885f5f0d58a7e8b1:0x501c640cc59cd439,"Gainesville, Georgia, United States",CITY,2026-03-11T14:36:46.589679+00:00,16,G:Iq5q6GGpJmY,Montagem Miau,Lenar,3499,https://www.youtube.com/watch?v=JJjEl_EVsLA,26
0x886060408a83e785:0x2471261f898728aa,"Chattanooga, Tennessee, United States",CITY,2026-03-11T14:18:01.649823+00:00,20,G:KURv8cFWBNU,ROOMS (feat. YoungBoy Never Broke Again & Chief Keef),Mike WiLL Made-It,5893,https://www.youtube.com/watch?v=c5aYTMnACfk,66
0x88614b239e97cf03:0x33e20c1a5819156,"Tennessee, United States",SUBCOUNTRY,2026-03-11T14:17:59.716493+00:00,14,G:dQnoVxwVZxk,All The Way,"BigXthaPlug, Bailey Zimmerman",241088,https://www.youtube.com/watch?v=7kyHvPNbugk,45
0x886214e0ce958d0f:0xbf00986c5a37b138,"Madison, Alabama, United States",CITY,2026-03-11T14:40:27.851148+00:00,20,G:U08X4E2Fjds,Wine & Dine,YoungBoy Never Broke Again,1272,https://www.youtube.com/watch?v=YBUCyBB8IJo,71
0x88626b67cda2898d:0x9a2c7e89c804566b,"Huntsville, Alabama, United States",CITY,2026-03-11T14:25:56.855031+00:00,14,G:KURv8cFWBNU,ROOMS (feat. YoungBoy Never Broke Again & Chief Keef),Mike WiLL Made-It,8509,https://www.youtube.com/watch?v=c5aYTMnACfk,66
0x8862841108435895:0x52f9c3e6268cc372,"Decatur, Alabama, United States",CITY,2026-03-11T15:25:23.378004+00:00,13,G:na_tI9i5UkM,No Hands (feat. Roscoe Dash & Wale),Waka Flocka Flame,2170,https://www.youtube.com/watch?v=skhxizRYxps,164
0x886378e0e0f94935:0xf7addba980fa8da1,"Franklin, Tennessee, United States",CITY,2026-03-11T14:36:37.363897+00:00,10,G:n82q9GGWHV8,,,2390,,81
0x8863f80e5b170141:0x850cb92ad6b577f6,"Murfreesboro, Tennessee, United States",CITY,2026-03-11T14:17:59.711246+00:00,17,G:dQnoVxwVZxk,All The Way,"BigXthaPlug, Bailey Zimmerman",6447,https://www.youtube.com/watch?v=7kyHvPNbugk,45
0x8864ce402ffea7e5:0xab41b10fe905271e,"Clarksville, Tennessee, United States",CITY,2026-03-11T14:18:08.947317+00:00,17,G:4B9ulw10Uvs,I Got Better,Morgan Wallen,6257,https://www.youtube.com/watch?v=H1xu44kH5BE,139
0x8864ec3213eb903d:0x7d3fb9d0a1e9daa0,"Nashville, Tennessee, United States",CITY,2026-03-11T14:18:04.210121+00:00,11,G:dQnoVxwVZxk,All The Way,"BigXthaPlug, Bailey Zimmerman",84415,https://www.youtube.com/watch?v=7kyHvPNbugk,45
0x8865e8bce9fae4d3:0xa70aac9020792c4f,"Bowling Green, Kentucky, United States",CITY,2026-03-11T14:21:40.596040+00:00,19,G:4B9ulw10Uvs,I Got Better,Morgan Wallen,2845,https://www.youtube.com/watch?v=H1xu44kH5BE,139
0x88663d8713cdf20b:0x7dc5b7d597d5fbd2,"Glasgow, Kentucky, United States",CITY,2026-03-11T14:36:52.754382+00:00,14,G:B_zZ3vAMk7w,House Again,Hudson Westbrook,958,https://www.youtube.com/watch?v=5i7lrVrvykI,2
0x8868955a1874b923:0x4905247e056384ad,"Elizabethtown, Kentucky, United States",CITY,2026-03-11T14:21:39.931882+00:00,18,G:gTO5_JxZ_Lw,Bad At Love,Halsey,1393,https://www.youtube.com/watch?v=xdYFuCp3m9k,16
0x88690b1ab35bd511:0xd4d3b4282071fd32,"Louisville, Kentucky, United States",CITY,2026-03-11T14:21:39.166980+00:00,10,G:lklhHUIa0o4,Dichavate,"Ya Ice Dilan, Rey Tony, Helabusador, JipMusic Global, Dj Honda",52127,https://www.youtube.com/watch?v=I_46tPHvVOw,37
0x88696c3c70677891:0x69e372d31b3e1b7a,"New Albany, Indiana, United States",CITY,2026-03-11T14:31:51.712597+00:00,19,G:4B9ulw10Uvs,I Got Better,Morgan Wallen,1050,https://www.youtube.com/watch?v=H1xu44kH5BE,139
0x8869724ab8b04dc5:0x9c4551c7b06b8aa8,"Jeffersonville, Indiana, United States",CITY,2026-03-11T14:39:11.299607+00:00,18,G:vavcWlmCVDE,LET THE WORLD BURN,Chris Grey,1238,https://www.youtube.com/watch?v=fdJrSjMgPFE,24
0x886b42e1c9ae07a9:0x1f1f701ecefcc1e3,"Greenwood, Indiana, United States",CITY,2026-03-11T14:37:09.201181+00:00,18,G:unCdoBJqF9Q,5-7,"Karan Aujla, Mxrci",1516,https://www.youtube.com/watch?v=x9RC77Oc-0Q,74
0x886b50bcd9f81b1d:0x7e102fcecb32ec72,"Indiana, United States",SUBCOUNTRY,2026-03-11T14:26:26.218547+00:00,18,G:n82q9GGWHV8,,,188527,,81
0x886b50ffa7796a03:0xd68e9df640b9ea7c,"Indianapolis, Indiana, United States",CITY,2026-03-11T14:26:23.883544+00:00,13,G:dQnoVxwVZxk,All The Way,"BigXthaPlug, Bailey Zimmerman",76110,https://www.youtube.com/watch?v=7kyHvPNbugk,45
0x886ba0482c86c951:0x58993e182463d752,"Columbus, Indiana, United States",CITY,2026-03-11T14:26:24.136435+00:00,17,G:3jwuzgehh5o,You and Me,Yelawolf,4422,https://www.youtube.com/watch?v=jjNP9hdqfS4,2
0x886c5df6b483d8e7:0xe91a912d8bad33d9,"Bloomington, Indiana, United States",CITY,2026-03-11T14:26:24.020246+00:00,17,G:zUR9W5oOKfw,Livin’ on Borrowed Time,Breaking Rust,11757,https://www.youtube.com/watch?v=omy0Q1dlIUc,2
0x886d65478a91dcef:0x803fa8675fe3ef88,"Terre Haute, Indiana, United States",CITY,2026-03-11T15:26:08.949743+00:00,20,G:uFMTr8bVcCw,Save Me,Jelly Roll,2854,https://www.youtube.com/watch?v=FxFNprPOdss,5
0x886fba0aea0b1773:0x9cdd86e507cfb417,"Owensboro, Kentucky, United States",CITY,2026-03-11T14:21:41.997157+00:00,20,G:RxOjmEoSxBI,Broken Window Serenade,Whiskey Myers,1765,https://www.youtube.com/watch?v=RX_VXoi4Rck,9
0x8871d5133156772d:0xb52e4939112ac99d,"Evansville, Indiana, United States",CITY,2026-03-11T14:26:24.949458+00:00,20,G:vavcWlmCVDE,LET THE WORLD BURN,Chris Grey,3469,https://www.youtube.com/watch?v=fdJrSjMgPFE,24
0x88731d5ca60b168b:0x349051f4a9157c80,"Charleston, Illinois, United States",CITY,2026-03-11T14:35:36.121015+00:00,20,G:gTO5_JxZ_Lw,Bad At Love,Halsey,355,https://www.youtube.com/watch?v=xdYFuCp3m9k,16
0x8874ae4bee0c1da7:0x70b471ab67a3830,"Decatur, Illinois, United States",CITY,2026-03-11T15:25:20.557081+00:00,12,G:6sG1z8VTW1k,Jan. 31st (My Truth),YFN Lucci,3093,https://www.youtube.com/watch?v=WsKAc-tTlrI,10
0x8875391d24dbd177:0xe72c82eecca86d22,"Springfield, Illinois, United States",CITY,2026-03-11T14:27:03.707225+00:00,16,G:H85dWVKzXm0,Favorite Song (feat. Khalid),Toosii,4342,https://www.youtube.com/watch?v=4D89Qr5vH6U,10
0x887606c87a46b253:0x159c7f52b6616246,"O'Fallon, Illinois, United States",CITY,2026-03-11T14:44:25.058297+00:00,13,G:KURv8cFWBNU,ROOMS (feat. YoungBoy Never Broke Again & Chief Keef),Mike WiLL Made-It,812,https://www.youtube.com/watch?v=c5aYTMnACfk,66
0x887c05b688cd71d1:0xae78763d803b149d,"Jackson, Tennessee, United States",CITY,2026-03-11T14:39:06.927695+00:00,15,G:0wM2ul06rpI,Blow My High,Dee Mula,3995,https://www.youtube.com/watch?v=1Me0CGJXNqI,2
0x887f918b98edb7c5:0xff45060814b39e00,"Olive Branch, Mississippi, United States",CITY,2026-03-11T14:16:01.202859+00:00,20,G:2_zV2MQ-GV4,Backup Plan,Kevo Muney,1522,https://www.youtube.com/watch?v=vshjpOpnryQ,2
0x8881350fb2986869:0x90355f94c35b0172,"Starkville, Mississippi, United States",CITY,2026-03-11T14:16:05.131765+00:00,18,G:k5heT4PFL80,Help Me Find My Drawls,Tonio Armani,1415,https://www.youtube.com/watch?v=jN1nkR5flHc,1
0x88847dc09ed90729:0x242246cb2099fcb6,"Meridian, Mississippi, United States",CITY,2026-03-11T14:15:55.172326+00:00,13,G:kscn2xOrkKk,Love Me For Real,Breeze MrDo2Much,2907,https://www.youtube.com/watch?v=VJtHFl6y24w,4
0x88867f341f4bfe75:0x5e55343553c8cce9,"Alabama, United States",SUBCOUNTRY,2026-03-11T14:26:02.149748+00:00,14,G:wqyyjmXhw-M,Bruce Wayne,YoungBoy Never Broke Again,234926,https://www.youtube.com/watch?v=Ko74cIOF4YY,29
0x8888af2e91c24067:0xacabfbfd16892b58,"Tuscaloosa, Alabama, United States",CITY,2026-03-11T14:26:08.764934+00:00,20,G:13h9jAzddtU,Gas Station Love,EJ Jones,4746,https://www.youtube.com/watch?v=lnivej3RMlc,8
0x888911df5885bfd3:0x25507409eaba54ce,"Birmingham, Alabama, United States",CITY,2026-03-11T14:25:54.894950+00:00,18,G:65qkd1mErq0,B.B.B.,"Juvenile, Genesisthegawd",63285,https://www.youtube.com/watch?v=D2TIY9dHQ6M,2
0x8889185313d502bb:0xe9d0e730e9deb8ad,"Hoover, Alabama, United States",CITY,2026-03-11T14:38:05.426594+00:00,13,G:U08X4E2Fjds,Wine & Dine,YoungBoy Never Broke Again,2237,https://www.youtube.com/watch?v=YBUCyBB8IJo,71
0x888aa4c0629e40fb:0x2850c5f9bcf31d2b,"Rome, Georgia, United States",CITY,2026-03-11T15:25:54.542058+00:00,10,G:GYzVRftMEgE,ON MY MIND.,YFN Lucci,2538,https://www.youtube.com/watch?v=ICpxWJ_f4Ds,125
0x888acfa183757765:0x30e7e30e946efe96,"Carrollton, Georgia, United States",CITY,2026-03-11T14:35:09.144351+00:00,20,G:BgcmkIrbW_M,Take Me Thru Dere,"Metro Boomin, Quavo, Breskii, YKNIECE, DJ Spinz",1605,https://www.youtube.com/watch?v=iUZyn_w6Y1Q,46
0x888ccd1b583531f5:0x728c50a9eee10361,"Columbus, Georgia, United States",CITY,2026-03-11T15:25:10.783154+00:00,15,G:yxxZMl0GLSw,Ring Ring Ring,FattMack,6400,https://www.youtube.com/watch?v=gaBdGAUUAZg,1
0x888cf12fb39bf883:0xcb25919235d39358,"Auburn, Alabama, United States",CITY,2026-03-11T14:32:21.614399+00:00,16,G:7iZ98eiex20,Hustlin Mf,Bally Baby,2003,https://www.youtube.com/watch?v=3cXEfSihml4,7
0x888e8194b0d481f9:0x8e1b511d354285ff,"Montgomery, Alabama, United States",CITY,2026-03-11T14:26:02.068997+00:00,13,G:3OZSq6whdd8,My Type of Carryin On,Nephew Jones,13074,https://www.youtube.com/watch?v=RruwgOR51Uk,4
0x8890bf45accbaabb:0xa7c69a6e3179657c,"Pensacola, Florida, United States",CITY,2026-03-11T14:45:41.038336+00:00,18,G:iQ5rqBGtm_s,25,Rod Wave,1466,https://www.youtube.com/watch?v=-SSgaCAsU6M,33
0x88928d5403c2a58d:0x2e2fb2bdc3c127af,"Dothan, Alabama, United States",CITY,2026-03-11T14:26:08.417128+00:00,18,G:xsZaTRXnvGg,Friend Do Remix (feat. YKNIECE),"Belly Gang Kushington, YKNIECE",4216,https://www.youtube.com/watch?v=WkLBlEMoiaA,11
0x889381562ac66341:0xbf585ed52c4701f3,"Panama City, Florida, United States",CITY,2026-03-11T14:09:34.873914+00:00,7,G:GYzVRftMEgE,ON MY MIND.,YFN Lucci,1779,https://www.youtube.com/watch?v=ICpxWJ_f4Ds,125
0x889a4e1df14cf8a9:0x4ce80e5477899e1a,"Mobile, Alabama, United States",CITY,2026-03-11T14:26:06.358393+00:00,19,G:w4VvLiUhqvY,FWYT,YoungBoy Never Broke Again,38614,https://www.youtube.com/watch?v=u5mcc2HbdKw,10
0x889c166ee80114e5:0xc2614d446e819544,"Gulfport, Mississippi, United States",CITY,2026-03-11T14:15:54.522634+00:00,19,G:IjIypGZLa7c,Another Episode,YoungBoy Never Broke Again,2295,https://www.youtube.com/watch?v=KEBbwRTf8mw,14
0x889cdc49d5a828df:0x74b1bf922d1cb5ca,"Hattiesburg, Mississippi, United States",CITY,2026-03-11T14:15:54.569337+00:00,19,G:w4VvLiUhqvY,FWYT,YoungBoy Never Broke Again,2747,https://www.youtube.com/watch?v=u5mcc2HbdKw,10
0x88c1766591562abf:0xf72e13d35bc74ed0,"Florida, United States",SUBCOUNTRY,2026-03-11T14:11:57.618983+00:00,19,G:jlsyTC5EctY,Tienes (Remix),"Ya Ice Dilan, Rey Tony, Helabusador, JipMusic Global, Dj Honda",702303,https://www.youtube.com/watch?v=eTRym2y6H1o,20
0x88c29e37215440a1:0x96d839eb30e182b8,"Spring Hill, Florida, United States",CITY,2026-03-11T14:50:06.299391+00:00,20,G:na_tI9i5UkM,No Hands (feat. Roscoe Dash & Wale),Waka Flocka Flame,2773,https://www.youtube.com/watch?v=skhxizRYxps,164
0x88c2b782b3b9d1e1:0xa75f1389af96b463,"Tampa, Florida, United States",CITY,2026-03-11T15:23:50.656532+00:00,13,G:A79XyZ5OFLo,Te Amaré (Prod. by El Bandolero x Roberto Ferrante),"Bebeshito, Dany Ome, Kevincito El 13, El Bandolero, Roberto Ferrante",69831,https://www.youtube.com/watch?v=TUeabVexPWY,14
0x88c2c16e26091d5b:0x5771429992f66a0f,"Egypt Lake-Leto, Florida, United States",CITY,2026-03-11T14:05:15.287738+00:00,10,G:nh_Xzg1Owg0,Una Cosita (Prod. by Roberto Ferrante x El Bandolero),"Charly & Johayron, Roberto Ferrante, El Bandolero",1958,https://www.youtube.com/watch?v=OMb5jIpmoYA,3
0x88c2c6541ae47a6d:0x329322bd60142360,"Temple Terrace, Florida, United States",CITY,2026-03-11T15:26:08.640943+00:00,14,G:Or7xWqv5A_o,Leavin,Rod Wave,1420,https://www.youtube.com/watch?v=NCkIbF6OhGs,3
0x88c2cddacfe8391f:0x60809ae315afa093,"Brandon, Florida, United States",CITY,2026-03-11T14:34:04.883163+00:00,10,G:lklhHUIa0o4,Dichavate,"Ya Ice Dilan, Rey Tony, Helabusador, JipMusic Global, Dj Honda",5082,https://www.youtube.com/watch?v=I_46tPHvVOw,37
0x88c2d1707142d835:0x9fafc03ecfce95a8,"Riverview, Florida, United States",CITY,2026-03-11T15:25:53.209919+00:00,7,G:pTcsuxevVqA,Feed the Streets,Rod Wave,4649,https://www.youtube.com/watch?v=yKr563bkO0E,66
0x88c2e4eeef314f25:0x3f127ac896cd422d,"Pinellas Park, Florida, United States",CITY,2026-03-11T14:46:47.586012+00:00,16,G:ZprOpBGvzQU,Daj Mi Bože,Šaban Šaulić,1361,https://www.youtube.com/watch?v=CocsSLcOfPk,1
0x88c2e663693aaa41:0x4cc4003bcd48bff,"St. Petersburg, Florida, United States",CITY,2026-03-11T14:50:05.393900+00:00,7,G:Or7xWqv5A_o,Leavin,Rod Wave,8440,https://www.youtube.com/watch?v=NCkIbF6OhGs,3
0x88c2ea1c17534867:0x1ffcff0c10a1dfe5,"Town 'n' Country, Florida, United States",CITY,2026-03-11T15:26:13.849836+00:00,20,G:cIloW4qxMZE,Alofoke,"Dany Ome, Kevincito El 13",3331,https://www.youtube.com/watch?v=2GRobqwjBC0,2
0x88c2f1a682630e5b:0x61bf2ea662c55d45,"Largo, Florida, United States",CITY,2026-03-11T14:39:56.978705+00:00,12,G:vibP9vsf2Ks,Dodji da Ostarimo Zajedno (Live),Šaban Šaulić,2583,https://www.youtube.com/watch?v=XcRHPEn-HaY,1
0x88c2f1d307e6570d:0x40993b1f9b5af5fc,"Palm Harbor, Florida, United States",CITY,2026-03-11T14:45:09.919240+00:00,3,G:lJAaeC1Txac,Florida Thunderstorm,Rainfall,1486,https://www.youtube.com/watch?v=VYIggDwWxz0,1
0x88c2f1fde274bb19:0x75a9dfd1d23c92fb,"Clearwater, Florida, United States",CITY,2026-03-11T15:25:07.119801+00:00,9,G:Z6d76omCgnw,C Major,Jwaavvy,4474,https://www.youtube.com/watch?v=ttCtkbImwho,2
0x88c3164fdea682f1:0xfa9d3b7d4ef1fd5a,"Bradenton, Florida, United States",CITY,2026-03-11T14:33:55.416481+00:00,12,G:pTcsuxevVqA,Feed the Streets,Rod Wave,2927,https://www.youtube.com/watch?v=yKr563bkO0E,66
0x88c337e69db2c22b:0xe335341d1d5715d9,"Sarasota, Florida, United States",CITY,2026-03-11T14:49:08.679460+00:00,17,G:13z8-cvCqaY,Hotel California (Live),Eagles,2250,https://www.youtube.com/watch?v=09839DpTctU,12
0x88d69a3bb2480f3d:0x133eb4836ac779e5,The Bahamas,COUNTRY,2026-03-11T15:26:27.477112+00:00,20,G:Npt30EPZQ4Y,Mighty Name of Jesus (Live),"The Belonging Co, Hope Darst",39535,https://www.youtube.com/watch?v=o8Gds6lBick,2
0x88d8d5ccb595adc1:0x15efc7b51fe16bde,"West Palm Beach, Florida, United States",CITY,2026-03-11T15:23:53.515515+00:00,19,G:Z1CILL4HH4o,HOLLYWOOD,"Peso Pluma, Estevan Plazola",12623,https://www.youtube.com/watch?v=rCL8-CiGSmc,4
0x88d8df208877e343:0xeeeca5b1b3279236,"Boynton Beach, Florida, United States",CITY,2026-03-11T14:33:50.707143+00:00,16,G:irATnGf_sb0,Ti manmi,L Won,2897,https://www.youtube.com/watch?v=FegizzUXW10,8
0x88d9012720facaf5:0x7602be7540bf8ebe,"Fort Lauderdale, Florida, United States",CITY,2026-03-11T14:36:22.661697+00:00,15,G:iQ5rqBGtm_s,25,Rod Wave,5912,https://www.youtube.com/watch?v=-SSgaCAsU6M,33
0x88d902d941884489:0x3b611c5e76ae74f3,"Pompano Beach, Florida, United States",CITY,2026-03-11T14:47:21.781683+00:00,13,G:iQ5rqBGtm_s,25,Rod Wave,2706,https://www.youtube.com/watch?v=-SSgaCAsU6M,33
0x88d904eb1555a5d7:0x44ca4977c48fcd13,"Margate, Florida, United States",CITY,2026-03-11T15:25:42.452116+00:00,14,G:vOiDzzlYyv0,WYFL,"Skippa, DJ MAC, CrashDummy",1358,https://www.youtube.com/watch?v=z6gyam6EJXo,53
0x88d905341976e065:0x8907b0b59129202b,"Coral Springs, Florida, United States",CITY,2026-03-11T15:25:12.688028+00:00,10,G:miF8V_mCO1g,What You Saying,Lil Uzi Vert,3160,https://www.youtube.com/watch?v=s_TUESTU7_4,199
0x88d9070fefbb13c3:0x5d77828d8dcd7916,"Plantation, Florida, United States",CITY,2026-03-11T14:46:47.360278+00:00,3,G:8vIBnv5mVKM,En Su Presencia,Ciudad Sion,3997,https://www.youtube.com/watch?v=oG9uwRHgiGY,1
0x88d923c2ef36fb27:0xd23ea6eeca6095c9,"Boca Raton, Florida, United States",CITY,2026-03-11T14:33:34.289874+00:00,19,G:7JCDm_RCJwQ,EoO,Bad Bunny,2205,https://www.youtube.com/watch?v=myDIeOjqQos,144
0x88d92542d7fa093d:0xc36f160bdc2a260a,"Wellington, Florida, United States",CITY,2026-03-11T14:52:14.338663+00:00,20,G:HaUBdT6yZFI,Gnarly,KATSEYE,1816,https://www.youtube.com/watch?v=R2-yomhYAj4,98
0x88d9a091916ac747:0x89f4b74303b997e8,"Weston, Florida, United States",CITY,2026-03-11T14:52:22.833211+00:00,4,G:lrftV9WKtNA,Desde Ayer,Gus Ormo,2218,https://www.youtube.com/watch?v=uxCXUyAy-_A,1
0x88d9a50169a7c65f:0xbfa6b46b99d1be25,"Country Club, Florida, United States",CITY,2026-03-11T15:25:14.099329+00:00,19,G:tFzDmwiiOCs,Destino o casualidad (feat. Ha*Ash),Melendi,1407,https://www.youtube.com/watch?v=D9W4DLjmoOM,3
0x88d9a6172bfeddb9:0x37be1741259463eb,"Miami Beach, Florida, United States",CITY,2026-03-11T14:41:34.167627+00:00,17,G:gjFDXqDfJ4U,MONACO,Bad Bunny,4544,https://www.youtube.com/watch?v=_PJvpq8uOZM,5
0x88d9a698bf50e1f7:0x3ba9f9e721e3bcfa,"Miramar, Florida, United States",CITY,2026-03-11T14:41:44.615189+00:00,13,G:lklhHUIa0o4,Dichavate,"Ya Ice Dilan, Rey Tony, Helabusador, JipMusic Global, Dj Honda",3334,https://www.youtube.com/watch?v=I_46tPHvVOw,37
0x88d9a698bf8cc6ab:0x9be2cf42d1963635,"Pembroke Pines, Florida, United States",CITY,2026-03-11T14:45:44.288854+00:00,16,G:7JCDm_RCJwQ,EoO,Bad Bunny,3367,https://www.youtube.com/watch?v=myDIeOjqQos,144
0x88d9a7e20aa07b1d:0xe7b2c8ac6892b1fc,"Davie, Florida, United States",CITY,2026-03-11T15:25:20.171418+00:00,13,G:ewq0KMI35co,Si Antes Te Hubiera Conocido,KAROL G,2510,https://www.youtube.com/watch?v=QCZZwZQ4qNs,319
0x88d9a96fc7ff31a7:0x7d77abe75b7b868,"Hollywood, Florida, United States",CITY,2026-03-11T14:38:03.706346+00:00,10,G:lklhHUIa0o4,Dichavate,"Ya Ice Dilan, Rey Tony, Helabusador, JipMusic Global, Dj Honda",4935,https://www.youtube.com/watch?v=I_46tPHvVOw,37
0x88d9adcf84c3bfe1:0x124edef8955c78e8,"North Miami Beach, Florida, United States",CITY,2026-03-11T14:41:33.531049+00:00,14,G:rGl3LGNOqtI,Black Beatles (feat. Gucci Mane),Rae Sremmurd,1125,https://www.youtube.com/watch?v=b8m9zhNAgKs,1
0x88d9afbb808c2f67:0xed99d888e5e26bd5,"Miami Gardens, Florida, United States",CITY,2026-03-11T14:41:34.155296+00:00,16,G:Zdd4I8BCWy8,Se Va (Prod. by Dj Honda),"Bebeshito, Dany Ome, Kevincito El 13",4445,https://www.youtube.com/watch?v=4vp4dJ4jAb8,6
0x88d9b00b4facb349:0xaf83a462d399ea56,"North Miami, Florida, United States",CITY,2026-03-11T14:41:34.174400+00:00,16,G:irATnGf_sb0,Ti manmi,L Won,1827,https://www.youtube.com/watch?v=FegizzUXW10,8
0x88d9b0a20ec8c111:0xff96f271ddad4f65,"Miami, Florida, United States",CITY,2026-03-11T15:23:50.564721+00:00,17,G:Zdd4I8BCWy8,Se Va (Prod. by Dj Honda),"Bebeshito, Dany Ome, Kevincito El 13",145746,https://www.youtube.com/watch?v=4vp4dJ4jAb8,6
0x88d9b78e141efa21:0x511093dc4495a9d6,"Coral Gables, Florida, United States",CITY,2026-03-11T15:25:12.489029+00:00,19,G:LilPsUYXXYc,Mariposa Traicionera,"Maná, Alejandro Fernández",1193,https://www.youtube.com/watch?v=FT8HG4EOn9o,6
0x88d9ba8b0e7ef5ef:0xfbb5a88631343c5e,"Hialeah, Florida, United States",CITY,2026-03-11T14:38:03.044211+00:00,18,G:fIO52p-d06Y,Me Está Doliendo,"Carin Leon, Alejandro Fernández",11917,https://www.youtube.com/watch?v=2fzU6ZjLQDA,1
0x88d9bc6ffa603329:0xb1282f675bf065b0,"Doral, Florida, United States",CITY,2026-03-11T15:25:26.999849+00:00,16,G:jlsyTC5EctY,Tienes (Remix),"Ya Ice Dilan, Rey Tony, Helabusador, JipMusic Global, Dj Honda",4357,https://www.youtube.com/watch?v=eTRym2y6H1o,20
0x88d9c1d0338b55cb:0xe844c177b3236bc3,"The Hammocks, Florida, United States",CITY,2026-03-11T15:26:10.162103+00:00,18,G:LilPsUYXXYc,Mariposa Traicionera,"Maná, Alejandro Fernández",2421,https://www.youtube.com/watch?v=FT8HG4EOn9o,6
0x88d9c23f176ed579:0xc6a02c49e19fb2dc,"Richmond West, Florida, United States",CITY,2026-03-11T15:25:51.750818+00:00,16,G:tFzDmwiiOCs,Destino o casualidad (feat. Ha*Ash),Melendi,1228,https://www.youtube.com/watch?v=D9W4DLjmoOM,3
0x88d9c6e2113e8643:0x707ddfd4b7e5140,"Kendall, Florida, United States",CITY,2026-03-11T14:39:24.089477+00:00,16,G:LilPsUYXXYc,Mariposa Traicionera,"Maná, Alejandro Fernández",2560,https://www.youtube.com/watch?v=FT8HG4EOn9o,6
0x88d9e5f76448d9db:0x2d7bcabf999e3d07,"Homestead, Florida, United States",CITY,2026-03-11T14:38:11.750372+00:00,12,G:b77fyZdjGno,Tacto Que Llegó El Reparto,Bebeshito,4099,https://www.youtube.com/watch?v=PBbBUfhAyvw,10
0x88db420189a85429:0xc62908530aba258a,"Fort Myers, Florida, United States",CITY,2026-03-11T15:23:51.702213+00:00,20,G:Zdd4I8BCWy8,Se Va (Prod. by Dj Honda),"Bebeshito, Dany Ome, Kevincito El 13",13567,https://www.youtube.com/watch?v=4vp4dJ4jAb8,6
0x88db44a7e78016f5:0xafd1a4163a9b6ff2,"Cape Coral, Florida, United States",CITY,2026-03-11T14:35:03.718143+00:00,19,G:b77fyZdjGno,Tacto Que Llegó El Reparto,Bebeshito,6486,https://www.youtube.com/watch?v=PBbBUfhAyvw,10
0x88dd14923981304d:0xf42d97a17447e8cb,"Auburndale, Florida, United States",CITY,2026-03-11T14:32:25.553645+00:00,19,G:vavcWlmCVDE,LET THE WORLD BURN,Chris Grey,986,https://www.youtube.com/watch?v=fdJrSjMgPFE,24
0x88dd38b2df0f0007:0x29d1320fb8a2d508,"Lakeland, Florida, United States",CITY,2026-03-11T14:39:54.426677+00:00,11,G:pTcsuxevVqA,Feed the Streets,Rod Wave,5821,https://www.youtube.com/watch?v=yKr563bkO0E,66
0x88dd3c06305d1b3b:0x619de54961d6d806,"Lakeland Highlands, Florida, United States",CITY,2026-03-11T14:15:22.260672+00:00,2,G:P9ys2a7V8IE,This Chapter,Shavelle G,519,https://www.youtube.com/watch?v=X_ec0WU9ZVs,1
0x88dd841a37150be7:0x94e7cd9711fdc20d,"Kissimmee, Florida, United States",CITY,2026-03-11T14:39:31.361060+00:00,15,G:gjFDXqDfJ4U,MONACO,Bad Bunny,5362,https://www.youtube.com/watch?v=_PJvpq8uOZM,5
0x88dd863cb16f515d:0x96ce98c8b9b848b4,"Buena Ventura Lakes, Florida, United States",CITY,2026-03-11T14:51:55.627947+00:00,19,G:gjFDXqDfJ4U,MONACO,Bad Bunny,800,https://www.youtube.com/watch?v=_PJvpq8uOZM,5
0x88dd98651984833f:0xee7f0a752ac9ccc4,"Poinciana, Florida, United States",CITY,2026-03-11T14:47:11.703253+00:00,16,G:vavcWlmCVDE,LET THE WORLD BURN,Chris Grey,2993,https://www.youtube.com/watch?v=fdJrSjMgPFE,24
0x88de0d3474edb837:0xb256832a4d2d844e,"Palm Bay, Florida, United States",CITY,2026-03-11T14:45:12.601545+00:00,12,G:miF8V_mCO1g,What You Saying,Lil Uzi Vert,3485,https://www.youtube.com/watch?v=s_TUESTU7_4,199
0x88de0e2c4771994d:0x8bcdb254a90cd2a8,"Melbourne, Florida, United States",CITY,2026-03-11T14:41:31.406696+00:00,18,G:miF8V_mCO1g,What You Saying,Lil Uzi Vert,2466,https://www.youtube.com/watch?v=s_TUESTU7_4,199
0x88ded3cc384717a5:0x668c3a32a925c261,"Palm Beach Gardens, Florida, United States",CITY,2026-03-11T14:45:14.259041+00:00,14,G:3rSXznHG_R0,Dancing Queen,ABBA,1530,https://www.youtube.com/watch?v=xFrGuyw1V8s,1
0x88e5b716f1ceafeb:0xc4cd7d3896fcc7e2,"Jacksonville, Florida, United States",CITY,2026-03-11T15:23:51.311621+00:00,13,G:omPrX6fEMVY,Out Of Town Bae,Lil Poppa,70428,https://www.youtube.com/watch?v=YiJpnqQGXyg,2
0x88e6202169bf2c2b:0x80e7795d28108d96,"Gainesville, Florida, United States",CITY,2026-03-11T14:36:33.108710+00:00,18,G:iQ5rqBGtm_s,25,Rod Wave,4880,https://www.youtube.com/watch?v=-SSgaCAsU6M,33
0x88e62b541cba3ce5:0xf5f53be4b1380536,"Ocala, Florida, United States",CITY,2026-03-11T14:44:29.978857+00:00,18,G:pTcsuxevVqA,Feed the Streets,Rod Wave,4496,https://www.youtube.com/watch?v=yKr563bkO0E,66
0x88e6943690c777a3:0xa6f75656c8965c92,"Palm Coast, Florida, United States",CITY,2026-03-11T14:45:07.714620+00:00,20,G:r-g7ZA1eqdo,Sorry,Justin Bieber,2193,https://www.youtube.com/watch?v=fRh_vgS2dFE,1
0x88e6db9425025683:0x366a3bb71dcb2aeb,"Daytona Beach, Florida, United States",CITY,2026-03-11T15:25:20.758476+00:00,13,G:iQ5rqBGtm_s,25,Rod Wave,3697,https://www.youtube.com/watch?v=-SSgaCAsU6M,33
0x88e6dcb9d47e537f:0x4bfacc3c5352fd3e,"Ormond Beach, Florida, United States",CITY,2026-03-11T14:44:56.931708+00:00,16,G:AFW9N2zb_-U,Kryptonite,3 Doors Down,1226,https://www.youtube.com/watch?v=xPU8OAjjS4k,58
0x88e7130dec2388f7:0xc3317e4e9680554c,"Sanford, Florida, United States",CITY,2026-03-11T14:49:00.499899+00:00,10,G:pTcsuxevVqA,Feed the Streets,Rod Wave,3181,https://www.youtube.com/watch?v=yKr563bkO0E,66
0x88e71705314b7b49:0xde5a1a424f863f3b,"Deltona, Florida, United States",CITY,2026-03-11T15:25:23.001742+00:00,17,G:7JCDm_RCJwQ,EoO,Bad Bunny,2269,https://www.youtube.com/watch?v=myDIeOjqQos,144
0x88e765854a47618b:0x4accc77a31ac562f,"Union Park, Florida, United States",CITY,2026-03-11T14:51:40.793637+00:00,11,G:KbGPV0WsBtw,I Need Your Love (feat. Ellie Goulding),Calvin Harris,574,https://www.youtube.com/watch?v=AtKZKl7Bgu0,1
0x88e7698f2645ae37:0xe8840886a49ff6c0,"Oviedo, Florida, United States",CITY,2026-03-11T14:45:04.573754+00:00,9,G:sBT3AZq0b6Q,Bohemian Rhapsody,Queen,1400,https://www.youtube.com/watch?v=fJ9rUzIMcZQ,1
0x88e7716e03894b71:0x19ecc2741b13c79f,"Altamonte Springs, Florida, United States",CITY,2026-03-11T14:32:06.991196+00:00,14,G:7JCDm_RCJwQ,EoO,Bad Bunny,1598,https://www.youtube.com/watch?v=myDIeOjqQos,144
0x88e773d8fecdbc77:0xac3b2063ca5bf9e,"Orlando, Florida, United States",CITY,2026-03-11T15:23:50.085945+00:00,15,G:gjFDXqDfJ4U,MONACO,Bad Bunny,92843,https://www.youtube.com/watch?v=_PJvpq8uOZM,5
0x88e77739cc157c19:0xd71d0f8ffc80e888,"Apopka, Florida, United States",CITY,2026-03-11T14:32:11.624492+00:00,15,G:pTcsuxevVqA,Feed the Streets,Rod Wave,2490,https://www.youtube.com/watch?v=yKr563bkO0E,66
0x88e779d592e5f2f1:0x800da5bf6f750794,"Pine Hills, Florida, United States",CITY,2026-03-11T14:46:53.627961+00:00,14,G:Zn66BPKvdo0,Tolere w,"Rutshelle Guillaume, KAI",2409,https://www.youtube.com/watch?v=_3mBoOvnL_4,1
0x88e7837293f8c4ad:0x1ac778dc28a29702,"Winter Garden, Florida, United States",CITY,2026-03-11T14:52:34.902653+00:00,15,G:o0bOCb_9UVM,LET 'EM KNOW,T.I.,1345,https://www.youtube.com/watch?v=mcg4z1gGbEw,310
0x88ec8a5187124b53:0xebee077ad4fdb1f8,"Tallahassee, Florida, United States",CITY,2026-03-11T14:51:07.021469+00:00,19,G:6sG1z8VTW1k,Jan. 31st (My Truth),YFN Lucci,6402,https://www.youtube.com/watch?v=WsKAc-tTlrI,10
0x88ee66fdfa3f43bd:0x170be7d3e3523f76,"Valdosta, Georgia, United States",CITY,2026-03-11T14:51:45.614655+00:00,20,G:SY78jzSXGb0,Snooze,SZA,2299,https://www.youtube.com/watch?v=LDY_XyxBu8A,5
0x88f136c51d5f8157:0x6684bc10ec4f10e7,"Georgia, United States",SUBCOUNTRY,2026-03-11T14:11:59.835142+00:00,14,G:7iZ98eiex20,Hustlin Mf,Bally Baby,417988,https://www.youtube.com/watch?v=3cXEfSihml4,7
0x88f27943aded76a7:0xf54d73c454b12d49,"Albany, Georgia, United States",CITY,2026-03-11T14:31:55.165007+00:00,15,G:6sG1z8VTW1k,Jan. 31st (My Truth),YFN Lucci,4447,https://www.youtube.com/watch?v=WsKAc-tTlrI,10
0x88f3e1a7df49eb61:0x181995ef9865bb04,"Warner Robins, Georgia, United States",CITY,2026-03-11T14:52:11.058843+00:00,17,G:vavcWlmCVDE,LET THE WORLD BURN,Chris Grey,3367,https://www.youtube.com/watch?v=fdJrSjMgPFE,24
0x88f3f84b8881e30d:0xeeb17d3cf1bfa4a1,"Macon, Georgia, United States",CITY,2026-03-11T14:40:26.177991+00:00,16,G:6sG1z8VTW1k,Jan. 31st (My Truth),YFN Lucci,6959,https://www.youtube.com/watch?v=WsKAc-tTlrI,10
0x88f4e37dff6defcd:0xae053f860c90cf7d,"Union City, Georgia, United States",CITY,2026-03-11T14:51:39.443356+00:00,8,G:7iZ98eiex20,Hustlin Mf,Bally Baby,1551,https://www.youtube.com/watch?v=3cXEfSihml4,7
0x88f4ef5d10103fa3:0xbeb7dc87d982385d,"Jonesboro, Georgia, United States",CITY,2026-03-11T14:39:13.348866+00:00,6,G:2nP55K7zMTo,Dreamy Ember Melodies,Solfeggio Healing Home,1396,https://www.youtube.com/watch?v=ZcJg8tqpVQw,1
0x88f501c8e441abf1:0xd5bc1b3259441b11,"Dunwoody, Georgia, United States",CITY,2026-03-11T15:25:30.794376+00:00,14,G:b8BPbbNyxSM,AMBARSARIYA,"Sona Mohapatra, Ram Sampath",1098,https://www.youtube.com/watch?v=9UDkYz64ehA,1
0x88f5045d6993098d:0x66fede2f990b630b,"Atlanta, Georgia, United States",CITY,2026-03-11T14:12:19.830862+00:00,17,G:oIOf8TflsIc,Mrs. Trendsetter,Lil Baby,172858,https://www.youtube.com/watch?v=dx2X6ImsLS4,1
0x88f508baa865578b:0x64c2cac210ae9806,"Canton, Georgia, United States",CITY,2026-03-11T14:35:01.896900+00:00,16,G:C5z7egbtL_Q,How It’s Done,"HUNTR/X, EJAE, AUDREY NUNA, REI AMI, KPop Demon Hunters Cast",1369,https://www.youtube.com/watch?v=QGsevnbItdU,195
0x88f508ebdb5f57ab:0xc3db0f7dcd03069a,"Lawrenceville, Georgia, United States",CITY,2026-03-11T14:40:06.487238+00:00,19,G:HaUBdT6yZFI,Gnarly,KATSEYE,5259,https://www.youtube.com/watch?v=R2-yomhYAj4,98
0x88f50a039ea43853:0xe0f3b49f32bcce46,"Roswell, Georgia, United States",CITY,2026-03-11T15:25:55.687007+00:00,1,G:o0bOCb_9UVM,LET 'EM KNOW,T.I.,4086,https://www.youtube.com/watch?v=mcg4z1gGbEw,310
0x88f50c1dc0a2c231:0xa9e9faf26702de1d,"Sandy Springs, Georgia, United States",CITY,2026-03-11T15:26:04.252442+00:00,13,G:fU3EloSIINI,Is It a Crime,"Mariah the Scientist, Kali Uchis",2536,https://www.youtube.com/watch?v=L5agl9ioLRM,97
0x88f50c3d75fa13e7:0x996104eec4f504a3,"Smyrna, Georgia, United States",CITY,2026-03-11T14:49:49.924890+00:00,11,G:jhec85D01g0,Standing Next to You,Jung Kook,2535,https://www.youtube.com/watch?v=UNo0TG9LwwI,2
0x88f510968647065d:0xb18756c6328ee981,"Marietta, Georgia, United States",CITY,2026-03-11T15:24:36.741792+00:00,12,G:8_AV-Vpyqd4,The Right One,T.I.,9795,https://www.youtube.com/watch?v=yjfg9fzTo_8,1
0x88f5310c36f56253:0xd88379f4ea83c90b,"Dallas, Georgia, United States",CITY,2026-03-11T15:25:18.723313+00:00,12,G:HaUBdT6yZFI,Gnarly,KATSEYE,1163,https://www.youtube.com/watch?v=R2-yomhYAj4,98
0x88f5981d72a575a3:0x8526c08a3ce2d8e3,"Duluth, Georgia, United States",CITY,2026-03-11T15:24:36.515548+00:00,18,G:yYEhEjIrBgU,Frecuencia,Los Dareyes De La Sierra,12376,https://www.youtube.com/watch?v=ebXEaHEYYng,112
0x88f59f301a38a179:0x3d46d6a87e40bd01,"Johns Creek, Georgia, United States",CITY,2026-03-11T14:39:13.501288+00:00,16,G:OKmcErZmDn8,Ishq Jalakar - Karvaan ,"Shashwat Sachdev, Shahzad Ali, Subhadeep Das Chowdhury, Armaan Khan, Irshad Kamil, Roshan, Sahir Ludhianvi",2437,https://www.youtube.com/watch?v=8qCVXCFREkQ,11
0x88f5b81174fe321d:0x9a20087d90d5fdac,"Loganville, Georgia, United States",CITY,2026-03-11T14:40:16.365684+00:00,17,G:vavcWlmCVDE,LET THE WORLD BURN,Chris Grey,1188,https://www.youtube.com/watch?v=fdJrSjMgPFE,24
0x88f66d19b4b433b9:0x4d747202d69d617c,"Athens, Georgia, United States",CITY,2026-03-11T14:32:19.879629+00:00,12,G:7iZ98eiex20,Hustlin Mf,Bally Baby,5217,https://www.youtube.com/watch?v=3cXEfSihml4,7
0x88f88d67de76f21d:0xa43cfa84b725189c,"Lexington, South Carolina, United States",CITY,2026-03-11T14:40:08.632098+00:00,13,G:vavcWlmCVDE,LET THE WORLD BURN,Chris Grey,1647,https://www.youtube.com/watch?v=fdJrSjMgPFE,24
0x88f8a5697931d1e3:0xb9ffa132f505179e,"South Carolina, United States",SUBCOUNTRY,2026-03-11T14:18:53.674687+00:00,18,G:BgcmkIrbW_M,Take Me Thru Dere,"Metro Boomin, Quavo, Breskii, YKNIECE, DJ Spinz",110765,https://www.youtube.com/watch?v=iUZyn_w6Y1Q,46
0x88f8a5697931d1e3:0xf32808f4b379fa96,"Columbia, South Carolina, United States",CITY,2026-03-11T14:18:57.579310+00:00,18,G:xsZaTRXnvGg,Friend Do Remix (feat. YKNIECE),"Belly Gang Kushington, YKNIECE",6559,https://www.youtube.com/watch?v=WkLBlEMoiaA,11
0x88f9d097160baa41:0x3ee78afde3aa0be4,"Augusta, Georgia, United States",CITY,2026-03-11T15:24:38.079036+00:00,17,G:7iZ98eiex20,Hustlin Mf,Bally Baby,7824,https://www.youtube.com/watch?v=3cXEfSihml4,7
0x88fb75fc78f20659:0x4e0c6751036020bc,"Savannah, Georgia, United States",CITY,2026-03-11T14:49:27.244124+00:00,13,G:omPrX6fEMVY,Out Of Town Bae,Lil Poppa,5900,https://www.youtube.com/watch?v=YiJpnqQGXyg,2
0x88fe6103140ec087:0xc5b943a193eefb2f,"Goose Creek, South Carolina, United States",CITY,2026-03-11T14:36:58.382303+00:00,19,G:vavcWlmCVDE,LET THE WORLD BURN,Chris Grey,2382,https://www.youtube.com/watch?v=fdJrSjMgPFE,24
0x88fe63af380bf9e3:0x71e9ac04bf44d70,"North Charleston, South Carolina, United States",CITY,2026-03-11T14:18:55.242289+00:00,16,G:BgcmkIrbW_M,Take Me Thru Dere,"Metro Boomin, Quavo, Breskii, YKNIECE, DJ Spinz",3127,https://www.youtube.com/watch?v=iUZyn_w6Y1Q,46
0x88fe7a42dca82477:0x35faf7e0aee1ec6b,"Charleston, South Carolina, United States",CITY,2026-03-11T14:18:53.449279+00:00,18,G:KP4-laJS3u4,Al Final del Día,Xolo Music,11697,https://www.youtube.com/watch?v=3mANiFgPn6M,63
0x88fef4c413e7e34b:0x122792328064d4f,"Summerville, South Carolina, United States",CITY,2026-03-11T14:50:25.893415+00:00,11,G:pTcsuxevVqA,Feed the Streets,Rod Wave,2776,https://www.youtube.com/watch?v=yKr563bkO0E,66
0x88ff68b9034f52c5:0xf371a71eadde602e,"Sumter, South Carolina, United States",CITY,2026-03-11T14:50:25.031904+00:00,10,G:Q1ruhq2dDNc,Boots on the Ground,803Fresh,3231,https://www.youtube.com/watch?v=RQxQZV66Bl8,5
0x89000d7ca3bb4677:0xf3e16c1264047e47,"Conway, South Carolina, United States",CITY,2026-03-11T15:25:12.035992+00:00,17,G:U08X4E2Fjds,Wine & Dine,YoungBoy Never Broke Again,1311,https://www.youtube.com/watch?v=YBUCyBB8IJo,71
0x8926d4e21a4001ad:0x99fc59f6ea792624,"West Grand Bahama, The Bahamas",SUBCOUNTRY,2026-03-11T15:26:27.288070+00:00,17,G:eeGCCAPreuY,Never Find,Jah Cure,82,https://www.youtube.com/watch?v=KXwKKO7s-_M,1
0x8926d81bfcc8179b:0x3e427d0387c8dc7d,"Freeport, Freeport, The Bahamas",CITY,2026-03-11T14:36:30.536840+00:00,18,G:fNpWQNieHZk,Lord Do It For Me (Live),Zacardi Cortez,4154,https://www.youtube.com/watch?v=J4IXaPqplf4,1
0x892f7c99b981dbc9:0x2aef01d3485e50d2,"Nassau, New Providence, The Bahamas",CITY,2026-03-11T14:22:03.743169+00:00,20,G:1zzNoxzBE0M,Awesome (Live),"Charles Jenkins, Fellowship Chicago",33338,https://www.youtube.com/watch?v=ej5Wr43JYHE,3
0x892f8077e12da919:0xd2fb4054d49b8dd9,"New Providence, The Bahamas",SUBCOUNTRY,2026-03-11T14:22:08.631600+00:00,20,G:1zzNoxzBE0M,Awesome (Live),"Charles Jenkins, Fellowship Chicago",33338,https://www.youtube.com/watch?v=ej5Wr43JYHE,3
0x89a8d06ec57ecbf9:0x7b0e42e4e4e60070,"New Bern, North Carolina, United States",CITY,2026-03-11T14:33:04.144286+00:00,19,G:BgcmkIrbW_M,Take Me Thru Dere,"Metro Boomin, Quavo, Breskii, YKNIECE, DJ Spinz",1055,https://www.youtube.com/watch?v=iUZyn_w6Y1Q,46
0x89a9051c72746623:0x508f21eb3f052f41,"Jacksonville, North Carolina, United States",CITY,2026-03-11T14:39:08.714542+00:00,17,G:vavcWlmCVDE,LET THE WORLD BURN,Chris Grey,2912,https://www.youtube.com/watch?v=fdJrSjMgPFE,24
0x89a9f5a20debaed5:0x5e66493884093032,"Wilmington, North Carolina, United States",CITY,2026-03-11T14:52:21.599306+00:00,13,G:5ksGqXQO7Fc,Went Legit,G Herbo,3337,https://www.youtube.com/watch?v=495zc7_vGgA,72
0x89ab134f42924a23:0xa3ab9e7512763b9b,"Fayetteville, North Carolina, United States",CITY,2026-03-11T14:31:25.218267+00:00,9,G:XmS1Qv0aqLs,Two Six,J. Cole,12276,https://www.youtube.com/watch?v=pvf_Qv4rmLM,1
0x89ac26f39c8c910d:0x43df22c9c9c44d21,"Wilson, North Carolina, United States",CITY,2026-03-11T14:52:21.705209+00:00,18,G:yJql3AXFYiU,Residuals,Chris Brown,2668,https://www.youtube.com/watch?v=46p-IxAVJ74,16
0x89ac5a2f9f51e0f7:0x6790b6528a11f0ad,"Raleigh, North Carolina, United States",CITY,2026-03-11T14:31:11.999269+00:00,18,G:5ksGqXQO7Fc,Went Legit,G Herbo,63193,https://www.youtube.com/watch?v=495zc7_vGgA,72
0x89aca38c6e5a1cc9:0x33e094f5b0279618,"Sanford, North Carolina, United States",CITY,2026-03-11T14:49:00.043032+00:00,13,G:vavcWlmCVDE,LET THE WORLD BURN,Chris Grey,2730,https://www.youtube.com/watch?v=fdJrSjMgPFE,24
0x89acbd54ff4a8b43:0x44568fdb5a444be1,"Cary, North Carolina, United States",CITY,2026-03-11T14:35:14.012505+00:00,13,G:WSbCbK2F3pY,Gehra Hua,"Shashwat Sachdev, Arijit Singh, Irshad Kamil, Armaan Khan",4324,https://www.youtube.com/watch?v=GX9x62kFsVU,129
0x89acc31c216e7ea7:0x7f03bae00443e4cb,"Chapel Hill, North Carolina, United States",CITY,2026-03-11T14:35:36.205831+00:00,14,G:4vR9qlKE5Cw,FDO,Pooh Shiesty,1648,https://www.youtube.com/watch?v=MPuK06zUIhc,249
0x89ace471120f66f1:0xe17ada898a46f27e,"Durham, North Carolina, United States",CITY,2026-03-11T14:31:13.217306+00:00,19,G:fU3EloSIINI,Is It a Crime,"Mariah the Scientist, Kali Uchis",8808,https://www.youtube.com/watch?v=L5agl9ioLRM,97
0x89ae811263dedc7d:0xf09baabb349601c7,"Rocky Mount, North Carolina, United States",CITY,2026-03-11T15:25:54.115532+00:00,15,G:Q1ruhq2dDNc,Boots on the Ground,803Fresh,3561,https://www.youtube.com/watch?v=RQxQZV66Bl8,5
0x89aec2aa39994541:0x32247cd12233502,"Greenville, North Carolina, United States",CITY,2026-03-11T14:37:06.918253+00:00,15,G:XS_Wbk4HDqs,You (feat. Lil Wayne),Lloyd,4252,https://www.youtube.com/watch?v=YVLHaqeJzEk,14
0x89b00f0cfd5a1d4f:0x7719a144001250cd,"Suffolk, Virginia, United States",CITY,2026-03-11T14:24:58.025451+00:00,16,G:XS_Wbk4HDqs,You (feat. Lil Wayne),Lloyd,2647,https://www.youtube.com/watch?v=YVLHaqeJzEk,14
0x89b07b82704d56d9:0xec7e55ec03c8cb1b,"Newport News, Virginia, United States",CITY,2026-03-11T14:14:25.334508+00:00,19,G:f3EU5HyJ2zA,Burning Blue,Mariah the Scientist,5150,https://www.youtube.com/watch?v=Jx9h3iWudTU,32
0x89b109813de4ff1f:0x422cf42d2c7ded02,"Chester, Virginia, United States",CITY,2026-03-11T15:25:04.678257+00:00,14,G:pTcsuxevVqA,Feed the Streets,Rod Wave,1152,https://www.youtube.com/watch?v=yKr563bkO0E,66
0x89b111095799c9ed:0xbfd83e6de2423cc5,"Richmond, Virginia, United States",CITY,2026-03-11T14:14:22.332986+00:00,13,G:LbbJBI_rkb0,It Depends (The Remix) (feat. Bryson Tiller & Usher),Chris Brown,13608,https://www.youtube.com/watch?v=9Pe8fZSU7uA,23
0x89b16b6867fd3ec5:0x9576091521fb487f,"Tuckahoe, Virginia, United States",CITY,2026-03-11T15:26:16.842836+00:00,13,G:vavcWlmCVDE,LET THE WORLD BURN,Chris Grey,1366,https://www.youtube.com/watch?v=fdJrSjMgPFE,24
0x89b2d97890320401:0xc3b6f35ec820e261,"Lynchburg, Virginia, United States",CITY,2026-03-11T14:40:29.175101+00:00,13,G:dQnoVxwVZxk,All The Way,"BigXthaPlug, Bailey Zimmerman",3862,https://www.youtube.com/watch?v=7kyHvPNbugk,45
0x89b3862dea50a48f:0x9086f096c38b74fc,"Charlottesville, Virginia, United States",CITY,2026-03-11T14:35:39.691775+00:00,16,G:nFXoRQQp-BI,BOO,H3adband,1690,https://www.youtube.com/watch?v=km5bgjATdCk,196
0x89b5eef740674ac1:0x91b50a0f9c168184,"Winchester, Virginia, United States",CITY,2026-03-11T14:52:33.594237+00:00,20,G:XzsCemTmozo,A Bar Song (Tipsy),Shaboozey,1957,https://www.youtube.com/watch?v=t7bQwwqW-Hc,304
0x89b615f166fcc957:0x9da316eb11e3d5b,"Ashburn, Virginia, United States",CITY,2026-03-11T14:14:21.886416+00:00,16,G:1yzV7kkDvMc,Never Gonna Give You Up,Rick Astley,17141,https://www.youtube.com/watch?v=dQw4w9WgXcQ,2
0x89b62a2cfee39115:0xeca5be10d9c9df24,"Rockville, Maryland, United States",CITY,2026-03-11T15:25:53.632048+00:00,15,G:7JCDm_RCJwQ,EoO,Bad Bunny,2014,https://www.youtube.com/watch?v=myDIeOjqQos,144
0x89b62b7548f55669:0xe1b8ab17b2820a85,"Germantown, Maryland, United States",CITY,2026-03-11T14:36:49.629474+00:00,18,G:7JCDm_RCJwQ,EoO,Bad Bunny,2045,https://www.youtube.com/watch?v=myDIeOjqQos,144
0x89b62d3624ca13b5:0xe38f5a8180ad7235,"Gaithersburg, Maryland, United States",CITY,2026-03-11T14:21:42.680069+00:00,18,G:cX3vAW_9AYw,En Privado,"Xavi, Manuel Turizo",2440,https://www.youtube.com/watch?v=kE1-O0tU-UU,142
0x89b63d83d53b39bb:0xb1920f56e3f9bdf3,"Leesburg, Virginia, United States",CITY,2026-03-11T14:40:02.160747+00:00,13,G:7JCDm_RCJwQ,EoO,Bad Bunny,1768,https://www.youtube.com/watch?v=myDIeOjqQos,144
0x89b64047261665e5:0x63dfafe8a871ae9f,"Reston, Virginia, United States",CITY,2026-03-11T15:25:50.488563+00:00,19,G:0fJQfvpDi4U,BIRDS OF A FEATHER,Billie Eilish,3226,https://www.youtube.com/watch?v=V9PVRfjEBTI,24
0x89b644817a4a9ef3:0x9932b1116c9da2c,"Centreville, Virginia, United States",CITY,2026-03-11T14:23:43.100167+00:00,14,G:XBikUiq-JSE,GO,BLACKPINK,1869,https://www.youtube.com/watch?v=2GJfWMYCWY0,140
0x89b64cc4875d59b7:0x40ab0ae70cc61810,"Annandale, Virginia, United States",CITY,2026-03-11T14:32:08.268142+00:00,12,G:e9xabBU9Tjw,Chiquitita,Grupo Histeria,1341,https://www.youtube.com/watch?v=g-ULNFgAnko,14
0x89b64d3e93a4abf1:0xd7f52686dbc1012c,"Alexandria, Virginia, United States",CITY,2026-03-11T14:31:55.644609+00:00,19,G:7JCDm_RCJwQ,EoO,Bad Bunny,2723,https://www.youtube.com/watch?v=myDIeOjqQos,144
0x89b64debe9f190df:0xf2af37657655f6b1,"Maryland, United States",SUBCOUNTRY,2026-03-11T14:21:51.802359+00:00,18,G:7JCDm_RCJwQ,EoO,Bad Bunny,189013,https://www.youtube.com/watch?v=myDIeOjqQos,144
0x89b65201e6f0ee23:0x3c6e612f9ed01255,"Burke, Virginia, United States",CITY,2026-03-11T14:34:34.353794+00:00,17,G:lv66M_R0ZlI,Opalite,Taylor Swift,966,https://www.youtube.com/watch?v=3PJC6uPIekc,274
0x89b656981d600bd5:0x34a9f00418b3ad42,"Lake Ridge, Virginia, United States",CITY,2026-03-11T14:39:52.926049+00:00,18,G:7JCDm_RCJwQ,EoO,Bad Bunny,1108,https://www.youtube.com/watch?v=myDIeOjqQos,144
0x89b657c5359db809:0x863d2f3d6051facb,"Dale City, Virginia, United States",CITY,2026-03-11T15:25:18.775530+00:00,20,G:Iq5q6GGpJmY,Montagem Miau,Lenar,2400,https://www.youtube.com/watch?v=JJjEl_EVsLA,26
0x89b65b80d465d68b:0x83529b5eb6fbe752,"Manassas, Virginia, United States",CITY,2026-03-11T14:40:43.659859+00:00,14,G:cX3vAW_9AYw,En Privado,"Xavi, Manuel Turizo",2192,https://www.youtube.com/watch?v=kE1-O0tU-UU,142
0x89b6c1ebbaeae025:0x7fa6450a21a691a1,"Fredericksburg, Virginia, United States",CITY,2026-03-11T14:36:26.794571+00:00,19,G:C5z7egbtL_Q,How It’s Done,"HUNTR/X, EJAE, AUDREY NUNA, REI AMI, KPop Demon Hunters Cast",3450,https://www.youtube.com/watch?v=QGsevnbItdU,195
0x89b761df85b0c6e9:0x8b7ad3ddad5f0818,"Lexington Park, Maryland, United States",CITY,2026-03-11T14:40:08.443931+00:00,19,G:fU3EloSIINI,Is It a Crime,"Mariah the Scientist, Kali Uchis",443,https://www.youtube.com/watch?v=L5agl9ioLRM,97
0x89b7b69d7ba7a70f:0xf8cf6fc845f6b093,"Arlington, Virginia, United States",CITY,2026-03-11T14:32:14.233838+00:00,20,G:7JCDm_RCJwQ,EoO,Bad Bunny,4395,https://www.youtube.com/watch?v=myDIeOjqQos,144
0x89b7c10bec2daa8f:0x6c38d27c9b868991,"New Carrollton, Maryland, United States",CITY,2026-03-11T14:35:09.617907+00:00,19,G:Iq5q6GGpJmY,Montagem Miau,Lenar,415,https://www.youtube.com/watch?v=JJjEl_EVsLA,26
0x89b7c6de5af6e45b:0xc2524522d4885d2a,"Washington, United States",CITY,2026-03-11T14:25:26.585829+00:00,17,G:7JCDm_RCJwQ,EoO,Bad Bunny,65973,https://www.youtube.com/watch?v=myDIeOjqQos,144
0x89b7c6de5af6e45b:0xd6e28ec00254a198,"District of Columbia, United States",SUBCOUNTRY,2026-03-11T14:16:48.689605+00:00,20,G:5ksGqXQO7Fc,Went Legit,G Herbo,28803,https://www.youtube.com/watch?v=495zc7_vGgA,72
0x89b7cc3bfabff901:0x50407ec368483348,"North Bethesda, Maryland, United States",CITY,2026-03-11T14:44:04.847385+00:00,19,G:7JCDm_RCJwQ,EoO,Bad Bunny,1278,https://www.youtube.com/watch?v=myDIeOjqQos,144
0x89b7ce4cd1d36b41:0xbc598fde1d272c87,"Wheaton-Glenmont, Maryland, United States",CITY,2026-03-11T14:52:16.790679+00:00,17,G:HaUBdT6yZFI,Gnarly,KATSEYE,1484,https://www.youtube.com/watch?v=R2-yomhYAj4,98
0x89b7cf4e666ae927:0x8433a865b29adf,"Silver Spring, Maryland, United States",CITY,2026-03-11T14:21:47.769563+00:00,19,G:cX3vAW_9AYw,En Privado,"Xavi, Manuel Turizo",1899,https://www.youtube.com/watch?v=kE1-O0tU-UU,142
0x89b7dfb06369a051:0xf0d6bd65b687635d,"Columbia, Maryland, United States",CITY,2026-03-11T14:21:53.154170+00:00,19,G:C5z7egbtL_Q,How It’s Done,"HUNTR/X, EJAE, AUDREY NUNA, REI AMI, KPop Demon Hunters Cast",2307,https://www.youtube.com/watch?v=QGsevnbItdU,195
0x89b7ea8dc206f149:0xcab722494aae6e55,"Bowie, Maryland, United States",CITY,2026-03-11T14:33:49.758653+00:00,12,G:HaUBdT6yZFI,Gnarly,KATSEYE,1560,https://www.youtube.com/watch?v=R2-yomhYAj4,98
0x89b7fb60755ddc23:0x9bc6240346c3965d,"Glen Burnie, Maryland, United States",CITY,2026-03-11T14:36:55.739083+00:00,19,G:HaUBdT6yZFI,Gnarly,KATSEYE,1513,https://www.youtube.com/watch?v=R2-yomhYAj4,98
0x89b903ba56929e61:0xcc2a83b15b6a3b93,"Salisbury, Maryland, United States",CITY,2026-03-11T14:21:43.617485+00:00,17,G:w4K2-51OBfU,What You Is,"YoungBoy Never Broke Again, Mellow Rackz",2095,https://www.youtube.com/watch?v=X28kl7wOzcs,100
0x89ba85019b4b95ed:0x4c564222b584735d,"Hampton, Virginia, United States",CITY,2026-03-11T14:37:31.508793+00:00,20,G:SY78jzSXGb0,Snooze,SZA,3517,https://www.youtube.com/watch?v=LDY_XyxBu8A,5
0x89ba973a5322ca45:0xab99107fce7a1e0a,"Norfolk, Virginia, United States",CITY,2026-03-11T14:14:22.992188+00:00,19,G:XS_Wbk4HDqs,You (feat. Lil Wayne),Lloyd,12320,https://www.youtube.com/watch?v=YVLHaqeJzEk,14
0x89ba98b64a933787:0xf582aa446354fcad,"Portsmouth, Virginia, United States",CITY,2026-03-11T14:21:57.967094+00:00,19,G:XS_Wbk4HDqs,You (feat. Lil Wayne),Lloyd,2578,https://www.youtube.com/watch?v=YVLHaqeJzEk,14
0x89baa57a802f6d99:0x4c7b1b1790710b79,"Chesapeake, Virginia, United States",CITY,2026-03-11T15:25:02.925527+00:00,8,G:nFXoRQQp-BI,BOO,H3adband,5613,https://www.youtube.com/watch?v=km5bgjATdCk,196
0x89bac1e8fc1527a7:0x4161080a32e0173,"Virginia Beach, Virginia, United States",CITY,2026-03-11T14:14:14.686986+00:00,17,G:iaCtGRyzBnw,MUTT (REMIX),"Leon Thomas, Freddie Gibbs",21513,https://www.youtube.com/watch?v=U0C1UrO91B8,3
0x89c0fb959e00409f:0x2cd27b07f83f6d8d,"New Jersey, United States",SUBCOUNTRY,2026-03-11T15:23:47.837967+00:00,14,G:7JCDm_RCJwQ,EoO,Bad Bunny,249697,https://www.youtube.com/watch?v=myDIeOjqQos,144
0x89c1358348cce9f5:0xfa02e26f02ceb97b,"Mount Laurel Township, New Jersey, United States",CITY,2026-03-11T14:42:05.414849+00:00,7,G:miF8V_mCO1g,What You Saying,Lil Uzi Vert,2211,https://www.youtube.com/watch?v=s_TUESTU7_4,199
0x89c143482d3dbbb9:0xcf16567f895cd7bc,"Trenton, New Jersey, United States",CITY,2026-03-11T15:26:15.091024+00:00,17,G:Iq5q6GGpJmY,Montagem Miau,Lenar,3588,https://www.youtube.com/watch?v=JJjEl_EVsLA,26
0x89c1519f37b1fb6d:0x27097e95a43f6d73,"Levittown, Pennsylvania, United States",CITY,2026-03-11T14:40:07.137646+00:00,20,G:vavcWlmCVDE,LET THE WORLD BURN,Chris Grey,1534,https://www.youtube.com/watch?v=fdJrSjMgPFE,24
0x89c15edb424b94bd:0xc6ea38fb5ba838f6,"Hamilton Township, New Jersey, United States",CITY,2026-03-11T14:37:23.631006+00:00,12,G:miF8V_mCO1g,What You Saying,Lil Uzi Vert,2067,https://www.youtube.com/watch?v=s_TUESTU7_4,199
0x89c17a5688db20f5:0xc4f28bd99288a399,"Jackson Township, New Jersey, United States",CITY,2026-03-11T14:39:08.710600+00:00,4,G:AJRuE4Ytoos,Todo Lo Fue,Lenin Ramírez,1613,https://www.youtube.com/watch?v=kwwdY1bp-Ck,318
0x89c18262e977ef65:0x6b799c76a9a0368a,"Lakewood, New Jersey, United States",CITY,2026-03-11T14:39:55.014409+00:00,6,G:zSkxdnZnpN8,I Wanna Be Like Zusha,"Thank You Hashem, TYH Boys",2452,https://www.youtube.com/watch?v=7-JRCZ-NSaA,1
0x89c19ce4a38e7105:0x3f5b6f5b358b3cb0,"Toms River, New Jersey, United States",CITY,2026-03-11T15:26:12.447957+00:00,7,G:0-HIpJzJhw8,505,Arctic Monkeys,2917,https://www.youtube.com/watch?v=qU9mHegkTc4,1
0x89c24d5fee42051d:0x3285591b526b03ad,"Elizabeth, New Jersey, United States",CITY,2026-03-11T15:23:48.009524+00:00,15,G:DligjpDq0e8,Se Dejo Del Novio,"Ezzy R, Leo RD",5106,https://www.youtube.com/watch?v=qWu3eIohvA0,42
0x89c24fa5d33f083b:0xc80b8f06e177fe62,"New York, New York, United States",CITY,2026-03-11T14:12:00.555373+00:00,12,G:7JCDm_RCJwQ,EoO,Bad Bunny,523701,https://www.youtube.com/watch?v=myDIeOjqQos,144
0x89c250d225bfafdd:0x249f013a2cd25d9,"Jersey City, New Jersey, United States",CITY,2026-03-11T15:23:49.466041+00:00,20,G:tyTCk2d1nug,Naal Nachna,"Shashwat Sachdev, Reble, Irshad Kamil",8212,https://www.youtube.com/watch?v=P4UnrmPFPA4,8
0x89c251ebedceabe7:0x3afdeac0adbb853a,"Bayonne, New Jersey, United States",CITY,2026-03-11T14:32:55.348427+00:00,20,G:HaUBdT6yZFI,Gnarly,KATSEYE,1746,https://www.youtube.com/watch?v=R2-yomhYAj4,98
0x89c25370329a0e1d:0xe1bcdc2adcfee473,"Newark, New Jersey, United States",CITY,2026-03-11T15:23:47.589411+00:00,19,G:C0Icr2ytNRg,Mi Reina,Dalvin La Melodia,31048,https://www.youtube.com/watch?v=dlM8hxCvOTc,39
0x89c2556c1f09d441:0xc34400ebfb0706a1,"Bloomfield, New Jersey, United States",CITY,2026-03-11T14:33:33.032249+00:00,17,G:7JCDm_RCJwQ,EoO,Bad Bunny,1214,https://www.youtube.com/watch?v=myDIeOjqQos,144
0x89c256a1131334c9:0xd29d74da8b90a6e7,"Kearny, New Jersey, United States",CITY,2026-03-11T14:39:21.486363+00:00,11,G:7JCDm_RCJwQ,EoO,Bad Bunny,1451,https://www.youtube.com/watch?v=myDIeOjqQos,144
0x89c257608d1533d1:0x44b6ca6a1137bf87,"Hoboken, New Jersey, United States",CITY,2026-03-11T14:38:11.502587+00:00,13,G:7JCDm_RCJwQ,EoO,Bad Bunny,1118,https://www.youtube.com/watch?v=myDIeOjqQos,144
0x89c25782f1042d95:0xba005c0f7421780,"Union City, New Jersey, United States",CITY,2026-03-11T14:51:37.935178+00:00,13,G:DligjpDq0e8,Se Dejo Del Novio,"Ezzy R, Leo RD",1934,https://www.youtube.com/watch?v=qWu3eIohvA0,42
0x89c25804d4293b57:0x5efe2629bb9f9381,"North Bergen, New Jersey, United States",CITY,2026-03-11T14:44:04.517343+00:00,20,G:Fyc6Eml-UnM,top diesel,Beéle,2562,https://www.youtube.com/watch?v=8H61_9M6IUs,110
0x89c27b862831ebd5:0x85b75ba23c1e3915,"Freeport, New York, United States",CITY,2026-03-11T14:36:27.865220+00:00,1,G:yQUI2OEgZ3Q,Real Love,Mary J. Blige,2794,https://www.youtube.com/watch?v=nXiBUgOzgVQ,1
0x89c27ce2822d9c61:0x9066738d8632fe52,"Hempstead, New York, United States",CITY,2026-03-11T14:38:00.833775+00:00,15,G:Iq5q6GGpJmY,Montagem Miau,Lenar,1651,https://www.youtube.com/watch?v=JJjEl_EVsLA,26
0x89c27e2b3ab6fc17:0x9bae3e61265d1a79,"Levittown, New York, United States",CITY,2026-03-11T14:40:07.738940+00:00,20,G:HaUBdT6yZFI,Gnarly,KATSEYE,934,https://www.youtube.com/watch?v=R2-yomhYAj4,98
0x89c280e21d6f79bb:0xe480b32e3448da94,"Hicksville, New York, United States",CITY,2026-03-11T14:37:58.888243+00:00,15,G:unCdoBJqF9Q,5-7,"Karan Aujla, Mxrci",1187,https://www.youtube.com/watch?v=x9RC77Oc-0Q,74
0x89c28d47d4018075:0xee356ebebf770c8f,"Mount Vernon, New York, United States",CITY,2026-03-11T14:51:57.116983+00:00,11,G:Mt-02Wpv2Zw,Too Mad,"Skippa, Feloni19, Solitary",2171,https://www.youtube.com/watch?v=euLs11WV_wU,10
0x89c28d89d5ba56b5:0xcf7ac33b6a7edaa2,"New Rochelle, New York, United States",CITY,2026-03-11T14:43:34.572114+00:00,20,G:cX3vAW_9AYw,En Privado,"Xavi, Manuel Turizo",1516,https://www.youtube.com/watch?v=kE1-O0tU-UU,142
0x89c29422e2a335d9:0x541404101a5bfc6c,"White Plains, New York, United States",CITY,2026-03-11T14:52:17.462899+00:00,15,G:7JCDm_RCJwQ,EoO,Bad Bunny,1797,https://www.youtube.com/watch?v=myDIeOjqQos,144
0x89c2a164b2c7bc0b:0x8743868b9c34b76e,"Stamford, Connecticut, United States",CITY,2026-03-11T15:24:02.375704+00:00,13,G:7JCDm_RCJwQ,EoO,Bad Bunny,2742,https://www.youtube.com/watch?v=myDIeOjqQos,144
0x89c2c0080943afa1:0xbe967384a4d8daa2,"Yonkers, New York, United States",CITY,2026-03-11T15:26:18.968166+00:00,12,G:DligjpDq0e8,Se Dejo Del Novio,"Ezzy R, Leo RD",6018,https://www.youtube.com/watch?v=qWu3eIohvA0,42
0x89c2f0ba1dffe277:0x6742b8c0c98d33cf,"Teaneck, New Jersey, United States",CITY,2026-03-11T15:26:07.765032+00:00,19,G:7JCDm_RCJwQ,EoO,Bad Bunny,1069,https://www.youtube.com/watch?v=myDIeOjqQos,144
0x89c2fa1bb7efde49:0x420aad8868dd16d7,"Hackensack, New Jersey, United States",CITY,2026-03-11T14:37:20.450948+00:00,10,G:7JCDm_RCJwQ,EoO,Bad Bunny,2043,https://www.youtube.com/watch?v=myDIeOjqQos,144
0x89c2fc3469054281:0xbecad160c7fb24da,"Paterson, New Jersey, United States",CITY,2026-03-11T15:23:47.930080+00:00,8,G:SEw4VfDp1Qw,La Chiflera Que Palomo!,Daniel Galan,11300,https://www.youtube.com/watch?v=WG8ccSCIuGw,6
0x89c2fed42cc74a9b:0x812a0138db062c83,"Passaic, New Jersey, United States",CITY,2026-03-11T14:45:33.869086+00:00,15,G:IaFwv7S-vxA,Chiquilla Bonita (Live),Dalvin La Melodia,2580,https://www.youtube.com/watch?v=P-35_xQpR6A,20
0x89c2fee2bec3dae9:0x64195833227f3253,"Clifton, New Jersey, United States",CITY,2026-03-11T15:23:49.710677+00:00,11,G:cX3vAW_9AYw,En Privado,"Xavi, Manuel Turizo",4051,https://www.youtube.com/watch?v=kE1-O0tU-UU,142
0x89c30260113c84d3:0xe654539a1cb20344,"Wayne, New Jersey, United States",CITY,2026-03-11T14:52:13.406535+00:00,16,G:7JCDm_RCJwQ,EoO,Bad Bunny,1613,https://www.youtube.com/watch?v=myDIeOjqQos,144
0x89c30824287028c3:0xf6a59890b16324f0,"Parsippany-Troy Hills, New Jersey, United States",CITY,2026-03-11T14:45:21.649519+00:00,20,G:GOfz7GD5exE,Hanuman Chalisa Superfast,Brijesh Shandilya,1363,https://www.youtube.com/watch?v=xJ3vatsNQDU,3
0x89c3ab00d85ee855:0x93a15ba40269dd0,"West Orange, New Jersey, United States",CITY,2026-03-11T14:52:22.856308+00:00,18,G:7JCDm_RCJwQ,EoO,Bad Bunny,1005,https://www.youtube.com/watch?v=myDIeOjqQos,144
0x89c3acc433f2e4d1:0x50cac0d62e5a555f,"Irvington, New Jersey, United States",CITY,2026-03-11T14:38:57.609906+00:00,7,G:irATnGf_sb0,Ti manmi,L Won,2034,https://www.youtube.com/watch?v=FegizzUXW10,8
0x89c3ad9f6f9daa9b:0x570322a196f054c,"Union, New Jersey, United States",CITY,2026-03-11T14:51:38.380819+00:00,19,G:7JCDm_RCJwQ,EoO,Bad Bunny,1566,https://www.youtube.com/watch?v=myDIeOjqQos,144
0x89c3b310880c1167:0x7decc01de2f073f8,"Linden, New Jersey, United States",CITY,2026-03-11T14:40:10.809262+00:00,12,G:7JCDm_RCJwQ,EoO,Bad Bunny,1581,https://www.youtube.com/watch?v=myDIeOjqQos,144
0x89c3b580bd90cf71:0x5ec1edff2ec8c9f1,"Perth Amboy, New Jersey, United States",CITY,2026-03-11T14:45:51.267722+00:00,20,G:ct0JIRn288k,Ven,El Prodigio,2434,https://www.youtube.com/watch?v=6asvef3zXeQ,3
0x89c3b82da7c0bff7:0xcd81a7590bf6e8be,"South Plainfield, New Jersey, United States",CITY,2026-03-11T14:46:25.279861+00:00,19,G:cX3vAW_9AYw,En Privado,"Xavi, Manuel Turizo",790,https://www.youtube.com/watch?v=kE1-O0tU-UU,142
0x89c3b883547b41d5:0xb69acf5061471d78,"Piscataway, New Jersey, United States",CITY,2026-03-11T14:46:24.654761+00:00,10,G:Bq8nwnrdeeM,Mers (feat. Janob Rasul),Gulinur,2908,https://www.youtube.com/watch?v=2r6yw9X96c4,3
0x89c3c355f06a92a5:0x25925506798e230c,"New Brunswick, New Jersey, United States",CITY,2026-03-11T14:43:36.655505+00:00,18,G:DligjpDq0e8,Se Dejo Del Novio,"Ezzy R, Leo RD",2270,https://www.youtube.com/watch?v=qWu3eIohvA0,42
0x89c3c59a53131045:0x7eb0a64df036f72f,"East Brunswick, New Jersey, United States",CITY,2026-03-11T15:25:31.718305+00:00,20,G:WSbCbK2F3pY,Gehra Hua,"Shashwat Sachdev, Arijit Singh, Irshad Kamil, Armaan Khan",1342,https://www.youtube.com/watch?v=GX9x62kFsVU,129
0x89c3d37f68bea199:0xf22bc5a66f83d4ea,"Edison, New Jersey, United States",CITY,2026-03-11T15:23:50.854178+00:00,18,G:tyTCk2d1nug,Naal Nachna,"Shashwat Sachdev, Reble, Irshad Kamil",4505,https://www.youtube.com/watch?v=P4UnrmPFPA4,8
0x89c3e24b29aa4fed:0x76707bbf4532ce62,"Lawrence Township, New Jersey, United States",CITY,2026-03-11T14:39:59.739922+00:00,14,G:X4ld6D_G6_w,Shararat,"Shashwat Sachdev, Madhubanti Bagchi, Jasmine Sandlas",809,https://www.youtube.com/watch?v=YyepU5ztLf4,190
0x89c3e8acf313015f:0xe8393e99be88f803,"Franklin Township, New Jersey, United States",CITY,2026-03-11T14:36:25.891347+00:00,18,G:WSbCbK2F3pY,Gehra Hua,"Shashwat Sachdev, Arijit Singh, Irshad Kamil, Armaan Khan",1750,https://www.youtube.com/watch?v=GX9x62kFsVU,129
0x89c3eae1af7231f1:0x80bedb28bca3031c,"Bridgewater, New Jersey, United States",CITY,2026-03-11T14:34:17.670419+00:00,20,G:7JCDm_RCJwQ,EoO,Bad Bunny,1278,https://www.youtube.com/watch?v=myDIeOjqQos,144
0x89c439929f4adce1:0xeaf9df4b246824a1,"Allentown, Pennsylvania, United States",CITY,2026-03-11T14:23:01.457354+00:00,19,G:69smFiORn10,Lokita Por Mí,"Romeo Santos, Prince Royce",5613,https://www.youtube.com/watch?v=NtLFfh2-yec,14
0x89c43e4acc94c115:0x4ec59c491c91b283,"Bethlehem, Pennsylvania, United States",CITY,2026-03-11T14:33:12.197705+00:00,17,G:7JCDm_RCJwQ,EoO,Bad Bunny,2457,https://www.youtube.com/watch?v=myDIeOjqQos,144
0x89c4d93a77484bbb:0xfff27920ab9bfae8,"Scranton, Pennsylvania, United States",CITY,2026-03-11T14:49:28.042091+00:00,20,G:vavcWlmCVDE,LET THE WORLD BURN,Chris Grey,2416,https://www.youtube.com/watch?v=fdJrSjMgPFE,24
0x89c51a8aa02396a5:0x2a77caa629e5b512,"Wilkes-Barre, Pennsylvania, United States",CITY,2026-03-11T14:52:27.559541+00:00,19,G:GcRtukGeAiU,UNA BABY EN SANTIAGO,Lil Naay,1656,https://www.youtube.com/watch?v=Iz-nC59AIWc,25
0x89c6248b917214b9:0xb46790d030dbd2d6,"Lancaster, Pennsylvania, United States",CITY,2026-03-11T14:40:01.805431+00:00,7,G:miF8V_mCO1g,What You Saying,Lil Uzi Vert,4955,https://www.youtube.com/watch?v=s_TUESTU7_4,199
0x89c670ca5086a8b9:0xe2eea549f5bf19f0,"Reading, Pennsylvania, United States",CITY,2026-03-11T14:23:02.783040+00:00,13,G:2uyfIHuzDqE,Te Metiste en Mi Piel (Recopilación),THE ONE,4930,https://www.youtube.com/watch?v=wTrcts0cgno,9
0x89c6b7d8d4b54beb:0x89f514d88c3e58c1,"Philadelphia, Pennsylvania, United States",CITY,2026-03-11T14:22:59.054203+00:00,18,G:DligjpDq0e8,Se Dejo Del Novio,"Ezzy R, Leo RD",120049,https://www.youtube.com/watch?v=qWu3eIohvA0,42
0x89c6c9192e360043:0xdfe36b76a1938686,"Camden, New Jersey, United States",CITY,2026-03-11T14:34:59.979437+00:00,13,G:f3EU5HyJ2zA,Burning Blue,Mariah the Scientist,3288,https://www.youtube.com/watch?v=Jx9h3iWudTU,32
0x89c6cb660be23e95:0x35db09ecd8adbdc0,"Cherry Hill Township, New Jersey, United States",CITY,2026-03-11T15:25:02.740815+00:00,14,G:miF8V_mCO1g,What You Saying,Lil Uzi Vert,1929,https://www.youtube.com/watch?v=s_TUESTU7_4,199
0x89c6f11492d82275:0x7dfc689b13b6e5b2,"West Chester, Pennsylvania, United States",CITY,2026-03-11T15:25:03.955367+00:00,16,G:C5z7egbtL_Q,How It’s Done,"HUNTR/X, EJAE, AUDREY NUNA, REI AMI, KPop Demon Hunters Cast",1187,https://www.youtube.com/watch?v=QGsevnbItdU,195
0x89c701365080335f:0xbb678026a4665f7a,"New Castle, Delaware, United States",CITY,2026-03-11T14:17:27.558278+00:00,17,G:w4K2-51OBfU,What You Is,"YoungBoy Never Broke Again, Mellow Rackz",809,https://www.youtube.com/watch?v=X28kl7wOzcs,100
0x89c705764d0cd63b:0x941d2d128c04e878,"Delaware, United States",SUBCOUNTRY,2026-03-11T14:17:32.908405+00:00,7,G:miF8V_mCO1g,What You Saying,Lil Uzi Vert,26823,https://www.youtube.com/watch?v=s_TUESTU7_4,199
0x89c70f185c46af6f:0x8516da5077308c00,"Wilmington, Delaware, United States",CITY,2026-03-11T14:17:29.153615+00:00,17,G:XS_Wbk4HDqs,You (feat. Lil Wayne),Lloyd,3551,https://www.youtube.com/watch?v=YVLHaqeJzEk,14
0x89c72e8de0d3a839:0x4018e13e57c862e7,"Vineland, New Jersey, United States",CITY,2026-03-11T14:52:02.737777+00:00,18,G:7JCDm_RCJwQ,EoO,Bad Bunny,1925,https://www.youtube.com/watch?v=myDIeOjqQos,144
0x89c7633375685ead:0xa9e2e447fb006cf0,"Dover, Delaware, United States",CITY,2026-03-11T14:17:31.493741+00:00,18,G:SY78jzSXGb0,Snooze,SZA,1857,https://www.youtube.com/watch?v=LDY_XyxBu8A,5
0x89c77a9ae39789eb:0x2ee246f2974c385c,"Newark, Delaware, United States",CITY,2026-03-11T14:17:35.381245+00:00,7,G:miF8V_mCO1g,What You Saying,Lil Uzi Vert,1448,https://www.youtube.com/watch?v=s_TUESTU7_4,199
0x89c7fd84bfaa10e7:0x4311ab9de8a6c182,"Essex, Maryland, United States",CITY,2026-03-11T14:15:32.117473+00:00,13,G:vavcWlmCVDE,LET THE WORLD BURN,Chris Grey,1266,https://www.youtube.com/watch?v=fdJrSjMgPFE,24
0x89c800c5ce1cbb09:0x71219558c723680,"Dundalk, Maryland, United States",CITY,2026-03-11T15:25:30.406597+00:00,10,G:H85dWVKzXm0,Favorite Song (feat. Khalid),Toosii,2082,https://www.youtube.com/watch?v=4D89Qr5vH6U,10
0x89c803aed6f483b7:0x44896a84223e758,"Baltimore, Maryland, United States",CITY,2026-03-11T14:21:44.475494+00:00,19,G:KP4-laJS3u4,Al Final del Día,Xolo Music,91815,https://www.youtube.com/watch?v=3mANiFgPn6M,63
0x89c81c3dc90e8c4d:0x21f5b30edc24738d,"Catonsville, Maryland, United States",CITY,2026-03-11T14:35:17.924569+00:00,18,G:C5z7egbtL_Q,How It’s Done,"HUNTR/X, EJAE, AUDREY NUNA, REI AMI, KPop Demon Hunters Cast",819,https://www.youtube.com/watch?v=QGsevnbItdU,195
0x89c8202b017c6f07:0x71219558c723760,"Ellicott City, Maryland, United States",CITY,2026-03-11T15:25:36.585492+00:00,1,G:5gNJ70S3hyQ,Separate Ways (Worlds Apart),Journey,2995,https://www.youtube.com/watch?v=LatorN4P9aA,1
0x89c8c116b8079e97:0xbb6e42c8128d46d5,"Harrisburg, Pennsylvania, United States",CITY,2026-03-11T14:37:38.739411+00:00,19,G:LbbJBI_rkb0,It Depends (The Remix) (feat. Bryson Tiller & Usher),Chris Brown,2652,https://www.youtube.com/watch?v=9Pe8fZSU7uA,23
0x89c9c50c8cbdaee3:0xda6247bdbd111c99,"Frederick, Maryland, United States",CITY,2026-03-11T14:21:43.402842+00:00,19,G:7JCDm_RCJwQ,EoO,Bad Bunny,2936,https://www.youtube.com/watch?v=myDIeOjqQos,144
0x89c9ed151481dfdd:0x65f2620826df7239,"Hagerstown, Maryland, United States",CITY,2026-03-11T14:37:16.790341+00:00,18,G:vavcWlmCVDE,LET THE WORLD BURN,Chris Grey,1724,https://www.youtube.com/watch?v=fdJrSjMgPFE,24
0x89ca0269b6b66563:0x96b0844a782376c7,"Martinsburg, West Virginia, United States",CITY,2026-03-11T15:24:51.882620+00:00,15,G:n82q9GGWHV8,,,2165,,81
0x89cb91588ee54d01:0xaeb8592c07c6767d,"Altoona, Pennsylvania, United States",CITY,2026-03-11T14:32:05.505771+00:00,19,G:95O8hVYSB4I,Here Without You,3 Doors Down,1682,https://www.youtube.com/watch?v=kPBzTxZQG5Q,15
0x89cea899c13bdb73:0x9ce1c6c2833c8091,"State College, Pennsylvania, United States",CITY,2026-03-11T14:23:01.283166+00:00,16,G:RPWyPH1u1Ig,Animal I Have Become,Three Days Grace,6446,https://www.youtube.com/watch?v=xqds0B_meys,1
0x89d30c9f9c3ba78b:0x19de2cf5e45e6032,"Cheektowaga, New York, United States",CITY,2026-03-11T14:12:44.400251+00:00,13,G:5ksGqXQO7Fc,Went Legit,G Herbo,12049,https://www.youtube.com/watch?v=495zc7_vGgA,72
0x89d3126152dfe5a1:0x982304a5181f8171,"Buffalo, New York, United States",CITY,2026-03-11T14:12:44.525895+00:00,11,G:KURv8cFWBNU,ROOMS (feat. YoungBoy Never Broke Again & Chief Keef),Mike WiLL Made-It,14492,https://www.youtube.com/watch?v=c5aYTMnACfk,66
0x89d3445eec824db9:0x46d2c56156bda288,"Niagara Falls, Ontario, Canada",CITY,2026-03-11T14:43:39.107889+00:00,17,G:MWRfJaXJC7M,Life On a Chain,Pete Yorn,2277,https://www.youtube.com/watch?v=_XwOeJW_9HU,7
0x89d349cb1aaf497d:0xb6a05855226db6e6,"Welland, Ontario, Canada",CITY,2026-03-11T14:52:14.095054+00:00,17,G:RGS4XTuWbIA,Don't Stop Believin' (Live),Journey,1152,https://www.youtube.com/watch?v=VcjzHMhBtf0,33
0x89d35054bb6a5a4b:0x37563636c082837,"St. Catharines, Ontario, Canada",CITY,2026-03-11T14:50:00.382180+00:00,20,G:g_YLYpev3ls,Iris,The Goo Goo Dolls,2546,https://www.youtube.com/watch?v=NdYWuo9OFAw,195
0x89d363ea29e633b7:0x61975ae4b9c5aab3,"Niagara Falls, New York, United States",CITY,2026-03-11T14:43:38.202262+00:00,16,G:LbbJBI_rkb0,It Depends (The Remix) (feat. Bryson Tiller & Usher),Chris Brown,1866,https://www.youtube.com/watch?v=9Pe8fZSU7uA,23
0x89d4cb90d7c63ba5:0x323555502ab4c477,"Toronto, Ontario, Canada",CITY,2026-03-11T14:03:41.656351+00:00,5,G:9y4qPIob0Kc,Nazare,"Gur Sidhu, Kaptaan, Cheema Y",257363,https://www.youtube.com/watch?v=4jyD5k-Y7Nc,21
0x89d4d5efa0324ca9:0xf73d52812cb23d63,"Markham, Ontario, Canada",CITY,2026-03-11T14:41:15.107226+00:00,19,G:tXo2LoyC_YI,Toucher la lune,Maheva,6292,https://www.youtube.com/watch?v=6dnArJIi0c0,2
0x89d4d9abfae88d1d:0x4bd24862b12786d8,"Pickering, Ontario, Canada",CITY,2026-03-11T14:45:52.780135+00:00,18,G:J1z6z9dEILo,The Market,"Casper TNG, 100BandPlan",2134,https://www.youtube.com/watch?v=F2J8LOuXR8s,11
0x89d4e7b441ad15d1:0xfb77e101d380bece,"Ajax, Ontario, Canada",CITY,2026-03-11T15:24:59.370819+00:00,15,G:J1z6z9dEILo,The Market,"Casper TNG, 100BandPlan",3169,https://www.youtube.com/watch?v=F2J8LOuXR8s,11
0x89d51d21ccd37533:0xdd8ceff2f844fcbf,"Oshawa, Ontario, Canada",CITY,2026-03-11T14:45:00.090091+00:00,15,G:J1z6z9dEILo,The Market,"Casper TNG, 100BandPlan",5064,https://www.youtube.com/watch?v=F2J8LOuXR8s,11
0x89d58c91b5103a57:0x5037b28c72318e0,"Peterborough, Ontario, Canada",CITY,2026-03-11T14:31:10.195043+00:00,17,G:kw-4UAJJ3Tg,Counting Stars,OneRepublic,1841,https://www.youtube.com/watch?v=hT_nvWreIhg,9
0x89d628959475af49:0x5037b28c7231730,"Belleville, Ontario, Canada",CITY,2026-03-11T14:32:57.687851+00:00,11,G:9y4qPIob0Kc,Nazare,"Gur Sidhu, Kaptaan, Cheema Y",1662,https://www.youtube.com/watch?v=4jyD5k-Y7Nc,21
0x89d6b3059614b353:0x5a001ffc4125e61e,"Rochester, New York, United States",CITY,2026-03-11T14:12:46.677577+00:00,17,G:iQ5rqBGtm_s,25,Rod Wave,9843,https://www.youtube.com/watch?v=-SSgaCAsU6M,33
0x89d6b53b76ef5003:0x5230899f85c925a5,"Brighton, New York, United States",CITY,2026-03-11T14:34:18.597518+00:00,18,G:C5z7egbtL_Q,How It’s Done,"HUNTR/X, EJAE, AUDREY NUNA, REI AMI, KPop Demon Hunters Cast",1096,https://www.youtube.com/watch?v=QGsevnbItdU,195
0x89d93751356a7629:0x111a362618edfc86,"Utica, New York, United States",CITY,2026-03-11T14:51:41.399924+00:00,20,G:na_tI9i5UkM,No Hands (feat. Roscoe Dash & Wale),Waka Flocka Flame,2607,https://www.youtube.com/watch?v=skhxizRYxps,164
0x89d9f39bbf979a0d:0xd50ce2d7ad9545,"Syracuse, New York, United States",CITY,2026-03-11T14:12:46.136380+00:00,19,G:LbbJBI_rkb0,It Depends (The Remix) (feat. Bryson Tiller & Usher),Chris Brown,10845,https://www.youtube.com/watch?v=9Pe8fZSU7uA,23
0x89daef72dfadb7d1:0x68f9703f7ed337f,"Binghamton, New York, United States",CITY,2026-03-11T14:33:17.726961+00:00,20,G:-dV-mAbfcFM,7 Years,Lukas Graham,1544,https://www.youtube.com/watch?v=LHCob76kigA,2
0x89dd55842d1398ef:0xa1c18e0b0453d3ed,"Danbury, Connecticut, United States",CITY,2026-03-11T14:28:05.521720+00:00,18,G:2uyfIHuzDqE,Te Metiste en Mi Piel (Recopilación),THE ONE,2234,https://www.youtube.com/watch?v=wTrcts0cgno,9
0x89de0a34cc4ffb4b:0xe1a16312a0e728c4,"Albany, New York, United States",CITY,2026-03-11T14:12:48.933921+00:00,19,G:AFW9N2zb_-U,Kryptonite,3 Doors Down,6806,https://www.youtube.com/watch?v=xPU8OAjjS4k,58
0x89de0fa74c108773:0x33117ef9f5a4723c,"Troy, New York, United States",CITY,2026-03-11T15:26:16.661269+00:00,13,G:fU3EloSIINI,Is It a Crime,"Mariah the Scientist, Kali Uchis",2386,https://www.youtube.com/watch?v=L5agl9ioLRM,97
0x89de384ec75bd439:0x641d456a1b94a2a8,"Saratoga Springs, New York, United States",CITY,2026-03-11T14:49:54.800289+00:00,20,G:A9JQxJWp3Mo,Last Night,Morgan Wallen,2243,https://www.youtube.com/watch?v=TyjgBxIVmEc,11
0x89de6dfd3575f8a5:0x19b2708d6f12b27a,"Schenectady, New York, United States",CITY,2026-03-11T14:49:27.491611+00:00,19,G:xVdQDuDFx5Y,SOMEBODY LOVES ME,"PARTYNEXTDOOR, Drake",1966,https://www.youtube.com/watch?v=htToA3wcFl4,1
0x89e24ed668666ca3:0x6b0432461f357179,"Manchester, New Hampshire, United States",CITY,2026-03-11T14:15:48.959619+00:00,15,G:XzsCemTmozo,A Bar Song (Tipsy),Shaboozey,2901,https://www.youtube.com/watch?v=t7bQwwqW-Hc,304
0x89e26a96154a8917:0x5a871a0a62528f1,"Concord, New Hampshire, United States",CITY,2026-03-11T14:15:48.390545+00:00,14,G:diKxju-DnHk,Creep,Radiohead,762,https://www.youtube.com/watch?v=XFkzRNyygfk,61
0x89e30762ba69c04d:0x34a0850e40715475,"Methuen, Massachusetts, United States",CITY,2026-03-11T14:41:31.158396+00:00,10,G:SEw4VfDp1Qw,La Chiflera Que Palomo!,Daniel Galan,2493,https://www.youtube.com/watch?v=WG8ccSCIuGw,6
0x89e308597f9a4cf5:0x28f59c5c00d57256,"Andover, Massachusetts, United States",CITY,2026-03-11T14:32:07.381455+00:00,16,G:2uyfIHuzDqE,Te Metiste en Mi Piel (Recopilación),THE ONE,650,https://www.youtube.com/watch?v=wTrcts0cgno,9
0x89e30e326d82e5af:0x8b493e21b76b4853,"Lynn, Massachusetts, United States",CITY,2026-03-11T14:40:23.446508+00:00,8,G:1b0kgOUIkdU,Best Thing I Never Had,Beyoncé,3067,https://www.youtube.com/watch?v=FHp2KgyQUFk,1
0x89e364c197f2ef65:0xccf8b4981ac54163,"Quincy, Massachusetts, United States",CITY,2026-03-11T15:25:47.525121+00:00,18,G:miF8V_mCO1g,What You Saying,Lil Uzi Vert,1600,https://www.youtube.com/watch?v=s_TUESTU7_4,199
0x89e3652d0d3d311b:0x787cbf240162e8a0,"Boston, Massachusetts, United States",CITY,2026-03-11T14:17:05.332809+00:00,17,G:gjFDXqDfJ4U,MONACO,Bad Bunny,80166,https://www.youtube.com/watch?v=_PJvpq8uOZM,5
0x89e3656de973bffd:0x45c6d03655830d1c,"Massachusetts, United States",SUBCOUNTRY,2026-03-11T14:17:08.527198+00:00,14,G:7JCDm_RCJwQ,EoO,Bad Bunny,204325,https://www.youtube.com/watch?v=myDIeOjqQos,144
0x89e369646af856b7:0x81e0b8a2a5a55945,"Salem, Massachusetts, United States",CITY,2026-03-11T15:26:00.845187+00:00,3,G:Y7EkvYqyiAk,Nature Awakening,Sounds for Life,2152,https://www.youtube.com/watch?v=5g-UNs3_TMc,1
0x89e370a5cb30cc5f:0xc53a8e6489686c87,"Cambridge, Massachusetts, United States",CITY,2026-03-11T14:35:00.536399+00:00,14,G:0fJQfvpDi4U,BIRDS OF A FEATHER,Billie Eilish,2492,https://www.youtube.com/watch?v=V9PVRfjEBTI,24
0x89e373d5cdc028c3:0x5e52fc1c1d5af24a,"Malden, Massachusetts, United States",CITY,2026-03-11T14:40:31.087755+00:00,20,G:W0x0GDT9GRM,Risk It All,Bruno Mars,976,https://www.youtube.com/watch?v=lY5V4hSLWY8,469
0x89e376b753eab455:0x2a3537a8265565ec,"Medford, Massachusetts, United States",CITY,2026-03-11T14:41:22.811643+00:00,14,G:lv66M_R0ZlI,Opalite,Taylor Swift,1151,https://www.youtube.com/watch?v=3PJC6uPIekc,274
0x89e377e1771ae4dd:0xdeda87621afe5ac4,"Waltham, Massachusetts, United States",CITY,2026-03-11T14:52:10.505885+00:00,19,G:J8H-FocCNcc,"J.S. Bach: Suite for Solo Cello No. 1 in G Major, BWV 1007 (Transcr. for Solo Guitar by Göran Söllscher): I. Prélude",Göran Söllscher,1044,https://www.youtube.com/watch?v=exAN9X7Gs2A,1
0x89e38209840725a5:0x5592087b9b70af7e,"Newton, Massachusetts, United States",CITY,2026-03-11T14:43:31.767266+00:00,16,G:utbdr1K6TmM,Man I Need,Olivia Dean,1054,https://www.youtube.com/watch?v=oIv_Y2RPQ_A,257
0x89e38838715d77df:0x9ea068cb22156362,"Framingham, Massachusetts, United States",CITY,2026-03-11T14:36:24.180630+00:00,10,G:7JCDm_RCJwQ,EoO,Bad Bunny,1458,https://www.youtube.com/watch?v=myDIeOjqQos,144
0x89e3a449e22c4d3f:0xdde5f57e7f52966b,"Lowell, Massachusetts, United States",CITY,2026-03-11T14:17:15.779706+00:00,18,G:miF8V_mCO1g,What You Saying,Lil Uzi Vert,3057,https://www.youtube.com/watch?v=s_TUESTU7_4,199
0x89e3b0e42dfabf85:0xb6660811428bea55,"Nashua, New Hampshire, United States",CITY,2026-03-11T14:15:46.822026+00:00,17,G:C-5U1VCTLrw,Sunflower,"Post Malone, Swae Lee",1673,https://www.youtube.com/watch?v=ApXoWvfEYVU,378
0x89e406585a2a8b0d:0x9e137dd87fca4d6d,"Worcester, Massachusetts, United States",CITY,2026-03-11T14:17:13.902871+00:00,15,G:7JCDm_RCJwQ,EoO,Bad Bunny,5084,https://www.youtube.com/watch?v=myDIeOjqQos,144
0x89e43514620ed70f:0x1e4e18bce7c106e7,"Rhode Island, United States",SUBCOUNTRY,2026-03-11T14:22:49.843305+00:00,14,G:miF8V_mCO1g,What You Saying,Lil Uzi Vert,24331,https://www.youtube.com/watch?v=s_TUESTU7_4,199
0x89e444e0437e735d:0x69df7c4d48b3b627,"Providence, Rhode Island, United States",CITY,2026-03-11T14:22:47.780075+00:00,18,G:SEw4VfDp1Qw,La Chiflera Que Palomo!,Daniel Galan,6266,https://www.youtube.com/watch?v=WG8ccSCIuGw,6
0x89e4492c51d0922b:0x7f143556bbe45975,"Cranston, Rhode Island, United States",CITY,2026-03-11T14:22:54.422012+00:00,14,G:DligjpDq0e8,Se Dejo Del Novio,"Ezzy R, Leo RD",1740,https://www.youtube.com/watch?v=qWu3eIohvA0,42
0x89e44db10ba51699:0x394c9703afb77663,"Warwick, Rhode Island, United States",CITY,2026-03-11T14:22:54.780041+00:00,20,G:z23QSp92Vk8,432 Hz Super Recovery,Feed Your Soul,1370,https://www.youtube.com/watch?v=HKskMFDdhb8,1
0x89e45ca9a7f00329:0x640fc26cc3b4feb4,"Pawtucket, Rhode Island, United States",CITY,2026-03-11T14:22:47.655518+00:00,18,G:7b2xQZdh7ew,Ka Ficam Sábi,"Neyna, Loose Jr",2205,https://www.youtube.com/watch?v=WQIjCiVUvcQ,7
0x89e46a809e9ffebd:0xf05eb17b60beb7fa,"Woonsocket, Rhode Island, United States",CITY,2026-03-11T14:22:55.005328+00:00,10,G:miF8V_mCO1g,What You Saying,Lil Uzi Vert,1300,https://www.youtube.com/watch?v=s_TUESTU7_4,199
0x89e484ceb50eb191:0xa17f71cd3d234e1e,"Brockton, Massachusetts, United States",CITY,2026-03-11T14:17:13.003093+00:00,8,G:JqjeX6UoTn8,Bati bati,Trankafumo,4322,https://www.youtube.com/watch?v=GYUy_3DBFIs,1
0x89e48b5658855e9b:0xc9bc18b7e0da834b,"Taunton, Massachusetts, United States",CITY,2026-03-11T15:26:07.655880+00:00,12,G:l2_7KwOqAhU,Passada,Garry,1397,https://www.youtube.com/watch?v=a1idSRj14sc,15
0x89e4e46a0d231c81:0x7f9b9fd4606193b9,"New Bedford, Massachusetts, United States",CITY,2026-03-11T14:17:18.574305+00:00,15,G:l2_7KwOqAhU,Passada,Garry,2761,https://www.youtube.com/watch?v=a1idSRj14sc,15
0x89e4f8c6eccd3595:0xa598e51805a2a361,"Fall River, Massachusetts, United States",CITY,2026-03-11T15:25:38.153624+00:00,10,G:miF8V_mCO1g,What You Saying,Lil Uzi Vert,2588,https://www.youtube.com/watch?v=s_TUESTU7_4,199
0x89e64b755524299b:0x9852597d046d4700,"New Britain, Connecticut, United States",CITY,2026-03-11T14:43:28.785801+00:00,18,G:7JCDm_RCJwQ,EoO,Bad Bunny,1981,https://www.youtube.com/watch?v=myDIeOjqQos,144
0x89e65311f21151a5:0xae9a6d5b056170e5,"Connecticut, United States",SUBCOUNTRY,2026-03-11T14:28:00.684409+00:00,11,G:7JCDm_RCJwQ,EoO,Bad Bunny,102988,https://www.youtube.com/watch?v=myDIeOjqQos,144
0x89e65311f21151a5:0xcc8e4aa8e97d5999,"Hartford, Connecticut, United States",CITY,2026-03-11T14:27:54.895961+00:00,20,G:XS_Wbk4HDqs,You (feat. Lil Wayne),Lloyd,4729,https://www.youtube.com/watch?v=YVLHaqeJzEk,14
0x89e65762d22241dd:0xeb8afcc95fcc23b8,"Manchester, Connecticut, United States",CITY,2026-03-11T14:26:59.261679+00:00,19,G:7JCDm_RCJwQ,EoO,Bad Bunny,1312,https://www.youtube.com/watch?v=myDIeOjqQos,144
0x89e6dda85fdb7ef1:0x4beb999e91b14cb5,"Chicopee, Massachusetts, United States",CITY,2026-03-11T15:25:04.855548+00:00,13,G:7JCDm_RCJwQ,EoO,Bad Bunny,1401,https://www.youtube.com/watch?v=myDIeOjqQos,144
0x89e6e62c08e4b81f:0x1d1808da41b9aabd,"Springfield, Massachusetts, United States",CITY,2026-03-11T14:17:10.147741+00:00,18,G:vavcWlmCVDE,LET THE WORLD BURN,Chris Grey,4703,https://www.youtube.com/watch?v=fdJrSjMgPFE,24
0x89e744bbcf99cc3f:0xd78834ed84912f23,"Pittsfield, Massachusetts, United States",CITY,2026-03-11T14:46:25.639606+00:00,18,G:C5z7egbtL_Q,How It’s Done,"HUNTR/X, EJAE, AUDREY NUNA, REI AMI, KPop Demon Hunters Cast",994,https://www.youtube.com/watch?v=QGsevnbItdU,195
0x89e7c0ef7ce543e5:0x7fa6b126f829817,"Waterbury, Connecticut, United States",CITY,2026-03-11T14:28:14.324249+00:00,20,G:HaUBdT6yZFI,Gnarly,KATSEYE,4426,https://www.youtube.com/watch?v=R2-yomhYAj4,98
0x89e7ca2124b4cab7:0xf8fbded56523558a,"Meriden, Connecticut, United States",CITY,2026-03-11T14:41:29.309041+00:00,16,G:7JCDm_RCJwQ,EoO,Bad Bunny,1431,https://www.youtube.com/watch?v=myDIeOjqQos,144
0x89e7d8443a8070e5:0xf6a354c659b264ed,"New Haven, Connecticut, United States",CITY,2026-03-11T14:27:56.043906+00:00,20,G:fU3EloSIINI,Is It a Crime,"Mariah the Scientist, Kali Uchis",4964,https://www.youtube.com/watch?v=L5agl9ioLRM,97
0x89e805578d6cea2d:0x1442b584f866a7d5,"Fairfield, Connecticut, United States",CITY,2026-03-11T15:25:37.916683+00:00,19,G:utbdr1K6TmM,Man I Need,Olivia Dean,700,https://www.youtube.com/watch?v=oIv_Y2RPQ_A,257
0x89e8092a96783719:0xdf8bfca7094fcece,"Bridgeport, Connecticut, United States",CITY,2026-03-11T14:27:56.316470+00:00,19,G:HaUBdT6yZFI,Gnarly,KATSEYE,4656,https://www.youtube.com/watch?v=R2-yomhYAj4,98
0x89e81c4a9c36c5b9:0x5dfa2209bc49d58d,"Norwalk, Connecticut, United States",CITY,2026-03-11T14:44:14.428077+00:00,10,G:7JCDm_RCJwQ,EoO,Bad Bunny,1947,https://www.youtube.com/watch?v=myDIeOjqQos,144
0x89e8262a13617667:0xb204082f43b17fe1,"Huntington, New York, United States",CITY,2026-03-11T14:38:28.296746+00:00,19,G:3x7kHpY3h-0,Broken Wings,Mr. Mister,227,https://www.youtube.com/watch?v=nKhN1t_7PEY,1
0x89e82cb1e7028397:0x911f3688036c8474,"West Babylon, New York, United States",CITY,2026-03-11T14:52:21.852009+00:00,19,G:HaUBdT6yZFI,Gnarly,KATSEYE,833,https://www.youtube.com/watch?v=R2-yomhYAj4,98
0x89e8319349a7a5e1:0xfc8ed3b854bd231a,"Brentwood, New York, United States",CITY,2026-03-11T14:34:07.686892+00:00,14,G:Iq5q6GGpJmY,Montagem Miau,Lenar,2958,https://www.youtube.com/watch?v=JJjEl_EVsLA,26
0x89e845e49264a617:0x910a184812905be,"Medford, New York, United States",CITY,2026-03-11T14:41:22.662823+00:00,11,G:vBFeIOajXN4,Where Is My Husband,Allie Sherlock,669,https://www.youtube.com/watch?v=DmLM1hj3-Js,1
0x89e9d4a115b3f791:0x5907b437c6c70a49,"Lindenhurst, New York, United States",CITY,2026-03-11T14:40:10.585001+00:00,16,G:msd2gNOlAJU,WASN'T GOOD ENOUGH FOR YOU,Michael Paul Band,613,https://www.youtube.com/watch?v=tku995tvrUw,1
0x8a2d139e8668b0a5:0x3cdffdc72c99b8bc,Bermuda,COUNTRY,2026-03-11T15:26:27.596191+00:00,17,G:1Z0NJlWpexo,Risk It All,"Nigy Boy, DJ MAC, CrashDummy",3047,https://www.youtube.com/watch?v=iXRDmpGUfRc,1
0x8c0296261b92a7f9:0xf336ec2818049b1a,Puerto Rico,COUNTRY,2026-03-11T14:54:06.905580+00:00,17,G:lAjh3LIh3p8,WHAT U NEED? (SexPlaylist 2),"Omar Courtz, Myke Towers",250382,https://www.youtube.com/watch?v=Qno3EvQIp34,5
0x8c02b24a5d501493:0xc5634c2783152042,"Mayagüez, Mayagüez, Puerto Rico",CITY,2026-03-11T14:14:33.767859+00:00,19,G:5IQvxYeDONw,Falsas Promesas (Remix) (feat. Clarent & Finesse),"Midnvght, ROA, Mora, Eladio Carrion",2464,https://www.youtube.com/watch?v=7bXWk4RH8xc,5
0x8c02b24aa3959ae1:0x7511fca9024ce7e8,"Mayagüez, Puerto Rico",SUBCOUNTRY,2026-03-11T14:14:30.426744+00:00,19,G:5IQvxYeDONw,Falsas Promesas (Remix) (feat. Clarent & Finesse),"Midnvght, ROA, Mora, Eladio Carrion",2503,https://www.youtube.com/watch?v=7bXWk4RH8xc,5
0x8c02de485aab37a7:0x57c429fe50cd30f1,"Arecibo, Puerto Rico",SUBCOUNTRY,2026-03-11T14:54:07.355228+00:00,19,G:lAjh3LIh3p8,WHAT U NEED? (SexPlaylist 2),"Omar Courtz, Myke Towers",2628,https://www.youtube.com/watch?v=Qno3EvQIp34,5
0x8c02e74de6aa4749:0x62b5da1676c4080,"Arecibo, Arecibo, Puerto Rico",CITY,2026-03-11T14:54:12.174998+00:00,20,G:lAjh3LIh3p8,WHAT U NEED? (SexPlaylist 2),"Omar Courtz, Myke Towers",1791,https://www.youtube.com/watch?v=Qno3EvQIp34,5
0x8c0341c1755d53a5:0xf75845e0cf9f2506,"Bayamón, Puerto Rico",SUBCOUNTRY,2026-03-11T15:24:18.261470+00:00,20,G:MMEKU209I-4,SONRÍELE,Daddy Yankee,7544,https://www.youtube.com/watch?v=XtBXxnmPYwU,5
0x8c03452c400cc04d:0x74bf0733aff2528c,"Caguas, Puerto Rico",SUBCOUNTRY,2026-03-11T14:30:00.049085+00:00,20,G:MMEKU209I-4,SONRÍELE,Daddy Yankee,5956,https://www.youtube.com/watch?v=XtBXxnmPYwU,5
0x8c035b31376e8395:0x63e430b49e46ffe9,"Caguas, Caguas, Puerto Rico",CITY,2026-03-11T14:29:52.064381+00:00,16,G:tMXokeHtHtc,BIENVENIDA,Clarent,6612,https://www.youtube.com/watch?v=LTjN0v4A8kw,8
0x8c0368650c799f25:0xd2140dfa501a4e7c,"San Juan, Puerto Rico",SUBCOUNTRY,2026-03-11T14:15:29.953240+00:00,14,G:0GEJQH_T3Kg,Burlao,Bryant Myers,174951,https://www.youtube.com/watch?v=xFEOJ62F2nQ,2
0x8c03686fe268196f:0xad6b7f0f5c935adc,"San Juan, San Juan, Puerto Rico",CITY,2026-03-11T14:15:24.224001+00:00,14,G:0GEJQH_T3Kg,Burlao,Bryant Myers,175522,https://www.youtube.com/watch?v=xFEOJ62F2nQ,2
0x8c036a125be72bc7:0x2cf2873498faa3da,"Bayamón, Bayamón, Puerto Rico",CITY,2026-03-11T15:24:18.463343+00:00,20,G:MMEKU209I-4,SONRÍELE,Daddy Yankee,7765,https://www.youtube.com/watch?v=XtBXxnmPYwU,5
0x8c051065f2daacb9:0xf91d891d1bc51c05,U.S. Virgin Islands,COUNTRY,2026-03-11T14:54:37.962315+00:00,11,G:Npw3w7C79IA,Silence,Popcaan,5191,https://www.youtube.com/watch?v=2bqXbE_-MEM,1
0x8c0d6eb96db8d1c1:0x276a3788e18b7994,Antigua and Barbuda,COUNTRY,2026-03-11T15:26:24.901398+00:00,16,G:sISxX-tWeDM,LINK UP,"Armanii, cjthechemist",20915,https://www.youtube.com/watch?v=wscMAkH1_i8,5
0x8c0e6e62d6f890c3:0x728b2cc226338f42,Sint Maarten,COUNTRY,2026-03-11T14:54:20.561682+00:00,17,G:CPWRvEbPfJs,Cocoa Tea,Kes,5219,https://www.youtube.com/watch?v=GiKDPyAADeM,5
0x8c0e6fac08714efd:0xb919830a4e6e88a7,Saint Martin,COUNTRY,2026-03-11T14:42:23.911103+00:00,19,G:yv_0sP14VYU,Tout se sait,"Lyna Mahyem, Imen Es",2418,https://www.youtube.com/watch?v=WZ2n-HUivk8,1
0x8c0e755a77287d51:0xecbe3e37b74a07ab,Guadeloupe,COUNTRY,2026-03-11T15:26:32.737617+00:00,18,G:bgby60HLJ1s,Sex Machine (feat. Mufasa),Latop,40312,https://www.youtube.com/watch?v=4p3sjG0u5oM,2
0x8c12198715b18cc1:0xb2dc671f6a794678,"Saint George Basseterre Parish, Saint Kitts and Nevis",SUBCOUNTRY,2026-03-11T14:45:30.037263+00:00,9,G:e-5rYROHuZ8,DROP IT,ASAP BAND,6202,https://www.youtube.com/watch?v=F781bbw0wL0,2
0x8c121b8a427285cb:0xe4c4fa4b90ab4fcf,"Basseterre, Saint George Basseterre Parish, Saint Kitts and Nevis",CITY,2026-03-11T15:25:59.089766+00:00,9,G:e-5rYROHuZ8,DROP IT,ASAP BAND,6901,https://www.youtube.com/watch?v=F781bbw0wL0,2
0x8c12924beb8e1ba5:0x7c46122f63db374f,"Saint John's, Saint John, Antigua and Barbuda",CITY,2026-03-11T15:26:25.368899+00:00,15,G:sISxX-tWeDM,LINK UP,"Armanii, cjthechemist",19128,https://www.youtube.com/watch?v=wscMAkH1_i8,5
0x8c1293b154b23e89:0x7629ddb79ba149d5,"Saint John, Antigua and Barbuda",SUBCOUNTRY,2026-03-11T15:26:25.338168+00:00,15,G:sISxX-tWeDM,LINK UP,"Armanii, cjthechemist",20245,https://www.youtube.com/watch?v=wscMAkH1_i8,5
0x8c13438a3f6dbde9:0xbc4ee8ffba83b57d,"Baie-Mahault, Basse-Terre, Guadeloupe",CITY,2026-03-11T15:26:33.097698+00:00,15,G:huE9-gu1WUU,Péché mignon,WeRe-VaNa,2722,https://www.youtube.com/watch?v=SeCguVhj8r0,3
0x8c135d3fdd54a237:0x525dfd3eca6d1771,"Basse-Terre, Guadeloupe",SUBCOUNTRY,2026-03-11T15:26:32.780445+00:00,20,G:hB-ZY0p9yOE,LUSHENANA,"Dcamp, Lewismelo, T-Stone",9454,https://www.youtube.com/watch?v=xan0kcXWqh0,1
0x8c14d2faf2155a15:0x49b39109053afd3c,Dominica,COUNTRY,2026-03-11T15:26:30.426534+00:00,3,G:lfKrq9img6U,What YOU Say,"Shelly, Signal Band",27250,https://www.youtube.com/watch?v=a1upFlQ5tVU,3
0x8c14d524a7432611:0x1affe5fb4f90c4d4,"Saint George Parish, Dominica",SUBCOUNTRY,2026-03-11T14:45:31.948262+00:00,20,G:WyIYI4AnZdk,Immortal Life,Popcaan,6619,https://www.youtube.com/watch?v=fUI9W704z9c,2
0x8c14d59176f2ef8b:0x5a2f329cb3abb373,"Roseau, Saint George Parish, Dominica",CITY,2026-03-11T14:45:25.141279+00:00,19,G:WyIYI4AnZdk,Immortal Life,Popcaan,6491,https://www.youtube.com/watch?v=fUI9W704z9c,2
0x8c1cd5561d75c8e7:0x907974662621af2b,"Ponce, Puerto Rico",SUBCOUNTRY,2026-03-11T14:27:37.969000+00:00,20,G:ct0JIRn288k,Ven,El Prodigio,4609,https://www.youtube.com/watch?v=6asvef3zXeQ,3
0x8c1cd5813b1ddf7f:0x274b92c47106eee2,"Ponce, Ponce, Puerto Rico",CITY,2026-03-11T14:27:30.402460+00:00,20,G:ct0JIRn288k,Ven,El Prodigio,4609,https://www.youtube.com/watch?v=6asvef3zXeQ,3
0x8c2853cb36cbd801:0xdca0f2587cd54dd3,Venezuela,COUNTRY,2026-03-11T14:54:36.891274+00:00,17,G:F5OnKNt4uZ0,"Cuatro Babys (feat. Trap Capos, Noriel, Bryant Myers & Juhn)",Maluma,1611366,https://www.youtube.com/watch?v=OXq-JP8w5H4,24
0x8c2a58adcd824807:0x93dd2eae0a998483,"Caracas, Capital District, Venezuela",CITY,2026-03-11T15:24:53.516479+00:00,3,G:V53PmiM9DeY,Ángel (feat. La Diablita),Dennis Fernando,420656,https://www.youtube.com/watch?v=skWzWlJtmmY,2
0x8c2a58bdf6cfc6f3:0xa4f543e3eea3f5af,"Capital District, Venezuela",SUBCOUNTRY,2026-03-11T15:24:53.472228+00:00,10,G:V53PmiM9DeY,Ángel (feat. La Diablita),Dennis Fernando,271399,https://www.youtube.com/watch?v=skWzWlJtmmY,2
0x8c2aade39c9a53b5:0xd02889bad1564e41,"Aragua, Venezuela",SUBCOUNTRY,2026-03-11T15:24:03.440778+00:00,16,G:IHo-hjvR2pA,Idilio,Willie Colón,110111,https://www.youtube.com/watch?v=Vx7l9RLMNG4,12
0x8c2aee5557af11e1:0xd5a14f0087a5532e,"Charallave, Miranda, Venezuela",CITY,2026-03-11T14:35:36.619363+00:00,18,G:X6FOOwUzeSU,Por Amar A Ciegas,Arcángel,8629,https://www.youtube.com/watch?v=pOGE320Wkww,4
0x8c2b0c8ba8244381:0x369ab2c6795fe1ae,"Miranda, Venezuela",SUBCOUNTRY,2026-03-11T14:54:33.098198+00:00,14,G:X6FOOwUzeSU,Por Amar A Ciegas,Arcángel,159890,https://www.youtube.com/watch?v=pOGE320Wkww,4
0x8c2babb600ab2099:0x2697c04f8129b6e,"Guatire, Miranda, Venezuela",CITY,2026-03-11T14:37:11.103896+00:00,14,G:c_0k-0oy_Vw,Domingo Familiar,Rawayana,17487,https://www.youtube.com/watch?v=h9M5o4xFUvA,5
0x8c2d723eff71306f:0x22feb43cef889e75,"Barcelona, Anzoategui, Venezuela",CITY,2026-03-11T14:16:37.016990+00:00,14,G:t21HBINVvS4,Jamaican (Bam Bam),"HUGEL, SOLTO (FR)",31096,https://www.youtube.com/watch?v=izdMkPC_Q_8,20
0x8c2d740d55b939f1:0x6a6baaf6f31a1448,"Puerto La Cruz, Anzoategui, Venezuela",CITY,2026-03-11T14:16:35.517517+00:00,13,G:t21HBINVvS4,Jamaican (Bam Bam),"HUGEL, SOLTO (FR)",12168,https://www.youtube.com/watch?v=izdMkPC_Q_8,20
0x8c2d7859095f5033:0x185ad7fd0ac969a8,"Anzoategui, Venezuela",SUBCOUNTRY,2026-03-11T14:16:29.250404+00:00,18,G:t21HBINVvS4,Jamaican (Bam Bam),"HUGEL, SOLTO (FR)",77414,https://www.youtube.com/watch?v=izdMkPC_Q_8,20
0x8c318eb15e88facb:0x572c9f31e33c6951,"Porlamar, Nueva Esparta, Venezuela",CITY,2026-03-11T15:23:57.217794+00:00,17,G:6qxS8ndpE8U,Ta´ Bien,"Nicky Jam, Beéle",9566,https://www.youtube.com/watch?v=MBuFOC32sek,3
0x8c318fa333b4f2b7:0xbf9c10da876c3cb9,"Pampatar, Nueva Esparta, Venezuela",CITY,2026-03-11T15:23:57.517618+00:00,14,G:6qxS8ndpE8U,Ta´ Bien,"Nicky Jam, Beéle",4144,https://www.youtube.com/watch?v=MBuFOC32sek,3
0x8c31932a585cfef3:0x3c082f2200cab1c0,"Nueva Esparta, Venezuela",SUBCOUNTRY,2026-03-11T15:23:57.080855+00:00,10,G:t21HBINVvS4,Jamaican (Bam Bam),"HUGEL, SOLTO (FR)",35952,https://www.youtube.com/watch?v=izdMkPC_Q_8,20
0x8c326e2877a49763:0x735aea704ea2e322,"Cumana, Sucre, Venezuela",CITY,2026-03-11T14:19:12.113041+00:00,10,G:t21HBINVvS4,Jamaican (Bam Bam),"HUGEL, SOLTO (FR)",21426,https://www.youtube.com/watch?v=izdMkPC_Q_8,20
0x8c3312bc808d6549:0xd1719885b6abd91b,"Monagas, Venezuela",SUBCOUNTRY,2026-03-11T14:13:56.348488+00:00,20,G:F5OnKNt4uZ0,"Cuatro Babys (feat. Trap Capos, Noriel, Bryant Myers & Juhn)",Maluma,42140,https://www.youtube.com/watch?v=OXq-JP8w5H4,24
0x8c3340ccdd67a481:0x498e5fe3065f3956,"Maturin, Monagas, Venezuela",CITY,2026-03-11T14:13:56.047945+00:00,17,G:D38HPSo4hDs,Señales de Humo (Salsa),Juan Luis Guerra,33600,https://www.youtube.com/watch?v=glb3m2BgYVs,33
0x8c3395d207e3db05:0x6a06dcafbb817515,"Sucre, Venezuela",SUBCOUNTRY,2026-03-11T14:19:17.589031+00:00,8,G:t21HBINVvS4,Jamaican (Bam Bam),"HUGEL, SOLTO (FR)",54724,https://www.youtube.com/watch?v=izdMkPC_Q_8,20
0x8c358cfbb6c0b287:0x5111624390159514,"San Fernando City Corporation, Trinidad and Tobago",SUBCOUNTRY,2026-03-11T15:26:02.790044+00:00,19,G:7DFNpX_yQAs,Rock So,"Patrice Roberts, MadLypso",4102,https://www.youtube.com/watch?v=CWwD42cF50s,3
0x8c358cfbb6c0b287:0xf1f4a573c68b43f6,"San Fernando, San Fernando City Corporation, Trinidad and Tobago",CITY,2026-03-11T15:26:03.054423+00:00,20,G:7DFNpX_yQAs,Rock So,"Patrice Roberts, MadLypso",8837,https://www.youtube.com/watch?v=CWwD42cF50s,3
0x8c358f5c1d488b01:0xc66d270edb410015,"Penal/Debe Regional Corporation, Trinidad and Tobago",SUBCOUNTRY,2026-03-11T14:54:24.755914+00:00,19,G:7DFNpX_yQAs,Rock So,"Patrice Roberts, MadLypso",10557,https://www.youtube.com/watch?v=CWwD42cF50s,3
0x8c35f1a0aac1e711:0x1e9f2eb462e6375e,"Couva, Couva-Tabaquite-Talparo Regional Corporation, Trinidad and Tobago",CITY,2026-03-11T14:54:28.847920+00:00,18,G:XFz5x4K5Ey0,Take Me Home,Freetown Collective,10334,https://www.youtube.com/watch?v=qyLh2S48QSQ,9
0x8c35f7db74173f1f:0x7eac76c4fef2feb4,"Couva-Tabaquite-Talparo Regional Corporation, Trinidad and Tobago",SUBCOUNTRY,2026-03-11T14:54:24.826106+00:00,19,G:XFz5x4K5Ey0,Take Me Home,Freetown Collective,31171,https://www.youtube.com/watch?v=qyLh2S48QSQ,9
0x8c35f9683ede6bcd:0x112ca977469a629b,"Chaguanas, Trinidad and Tobago",SUBCOUNTRY,2026-03-11T14:54:25.779021+00:00,16,G:XFz5x4K5Ey0,Take Me Home,Freetown Collective,16332,https://www.youtube.com/watch?v=qyLh2S48QSQ,9
0x8c36000403219813:0x20c5caf34df6436b,"Arouca, Tunapuna/Piarco Regional Corporation, Trinidad and Tobago",CITY,2026-03-11T14:54:28.821188+00:00,18,G:XFz5x4K5Ey0,Take Me Home,Freetown Collective,5063,https://www.youtube.com/watch?v=qyLh2S48QSQ,9
0x8c3606de570c2b65:0xf08b0928a7c3280f,"San Juan-Laventille Regional Corporation, Trinidad and Tobago",SUBCOUNTRY,2026-03-11T14:15:26.670292+00:00,17,G:c1SwaDPTB6I,Last Train,Mical Teja,43526,https://www.youtube.com/watch?v=qv6mIHqXN-Q,13
0x8c3607696d6c2df5:0xddfd6bc9e438a485,"San Juan, San Juan-Laventille Regional Corporation, Trinidad and Tobago",CITY,2026-03-11T14:15:26.276907+00:00,20,G:giW7nifXrJk,Rum & Coca-Cola,"Kes, Tano",42276,https://www.youtube.com/watch?v=8AtHCWJquU0,11
0x8c3607976350b6c5:0xff082855c639f127,Trinidad and Tobago,COUNTRY,2026-03-11T14:54:21.926738+00:00,19,G:giW7nifXrJk,Rum & Coca-Cola,"Kes, Tano",303778,https://www.youtube.com/watch?v=8AtHCWJquU0,11
0x8c3607de174bc349:0xdddef653160d4285,"Port of Spain, Port of Spain Corporation, Trinidad and Tobago",CITY,2026-03-11T14:25:38.719430+00:00,20,G:giW7nifXrJk,Rum & Coca-Cola,"Kes, Tano",76219,https://www.youtube.com/watch?v=8AtHCWJquU0,11
0x8c360812949e7641:0x96eca5e86b177c3a,"Port of Spain Corporation, Trinidad and Tobago",SUBCOUNTRY,2026-03-11T14:25:37.826525+00:00,14,G:DBnLZhpEOBo,Yeezy Bro,"Bunji Garlin, Travis World",54683,https://www.youtube.com/watch?v=-4ksGgMe4-s,1
0x8c381789f4877bd1:0x36d8c7015a1f4f8e,Grenada,COUNTRY,2026-03-11T15:26:32.387090+00:00,16,G:0YR4F9Oj218,Grease it,Socallective,30211,https://www.youtube.com/watch?v=KelyCX0_odY,1
0x8c38222b05be67f5:0xde793c1f8795bc63,"Saint George, Grenada",SUBCOUNTRY,2026-03-11T15:25:59.186064+00:00,14,G:RS_CaIn8_WM,Bury All,Lil Kerry,19820,https://www.youtube.com/watch?v=eM4KMzK0XKM,2
0x8c43f1fbae321aa3:0xeec51b38cf4362b,Barbados,COUNTRY,2026-03-11T15:26:26.959642+00:00,2,G:1qOiYUrMtT0,Tea Tea,Mastaa T,160795,https://www.youtube.com/watch?v=uY65vDwEfUo,5
0x8c43f50ce996ccd9:0x65a7da62f636e5fa,"Christ Church, Barbados",SUBCOUNTRY,2026-03-11T15:26:27.102057+00:00,17,G:o5H6Bu7VqBA,6ix Will Never Die,Squash,9891,https://www.youtube.com/watch?v=lFKtkcDwQb4,2
0x8c43f5b8fa3e1c3d:0xc6f41c2f3f72c8d8,"Oistins, Christ Church, Barbados",CITY,2026-03-11T15:26:27.266927+00:00,18,G:o5H6Bu7VqBA,6ix Will Never Die,Squash,4528,https://www.youtube.com/watch?v=lFKtkcDwQb4,2
0x8c43f6c2fa4cf93d:0x7dc1e66a95867069,"Bridgetown, Saint Michael, Barbados",CITY,2026-03-11T14:34:18.021932+00:00,2,G:1qOiYUrMtT0,Tea Tea,Mastaa T,116398,https://www.youtube.com/watch?v=uY65vDwEfUo,5
0x8c43f702a7cbbef9:0x96fe9a2847e98392,"Saint Michael, Barbados",SUBCOUNTRY,2026-03-11T15:26:26.907156+00:00,2,G:1qOiYUrMtT0,Tea Tea,Mastaa T,89966,https://www.youtube.com/watch?v=uY65vDwEfUo,5
0x8c4753d44f3ffddd:0xd126c5f16bf381fe,"St. George, Saint Vincent and the Grenadines",SUBCOUNTRY,2026-03-11T15:25:59.075954+00:00,3,G:L4E0xgkGfyA,WSF,Daedae,32017,https://www.youtube.com/watch?v=S2Atc-TJ2jU,1
0x8c49fe3febc8be79:0x756f12375e336b24,"Tunapuna/Piarco Regional Corporation, Trinidad and Tobago",SUBCOUNTRY,2026-03-11T14:54:29.269082+00:00,20,G:giW7nifXrJk,Rum & Coca-Cola,"Kes, Tano",65488,https://www.youtube.com/watch?v=8AtHCWJquU0,11
0x8c49ff75c184d3bf:0xe3f0aa1c0cd2b39a,"Arima, Arima Borough Corporation, Trinidad and Tobago",CITY,2026-03-11T14:54:29.569001+00:00,20,G:wqqzs9Dzt18,Good Spirits,Full Blown,15713,https://www.youtube.com/watch?v=qQwVkvaPTBU,11
0x8c49ff7992bdc43f:0xe0104408c601046d,"Arima Borough Corporation, Trinidad and Tobago",SUBCOUNTRY,2026-03-11T14:54:45.810935+00:00,20,G:XFz5x4K5Ey0,Take Me Home,Freetown Collective,4760,https://www.youtube.com/watch?v=qyLh2S48QSQ,9
0x8c6aa0f90066070d:0xe1001b1217afe7b0,Martinique,COUNTRY,2026-03-11T15:23:57.945392+00:00,19,G:vLgr3JGzZEs,Opa,"Natoxie, Kenjox, SAGE FWI",39329,https://www.youtube.com/watch?v=gAaN9WUO75Q,1
0x8c6aa15f20b74719:0xcac15df4d7e795e5,"Fort-de-France, Martinique",SUBCOUNTRY,2026-03-11T15:23:57.431510+00:00,19,G:RgOg-E8LCqA,Printemps,Bouss,27780,https://www.youtube.com/watch?v=hnd84Ru1dgA,2
0x8c6aa71981473923:0x1693fad657c492cb,"Fort-de-France, Fort-de-France, Martinique",CITY,2026-03-11T15:23:56.875485+00:00,17,G:RgOg-E8LCqA,Printemps,Bouss,24848,https://www.youtube.com/watch?v=hnd84Ru1dgA,2
0x8c6cb399862f3c6b:0xb8102afd2700e253,"Grande-Terre, Guadeloupe",SUBCOUNTRY,2026-03-11T15:26:33.269661+00:00,19,G:x3Tf1HI4LHE,Dans L'ombre,Thery Armani Music,31201,https://www.youtube.com/watch?v=j0oN0amBEgo,1
0x8d083520e203f743:0x97cf2079da3f4063,"Paramaribo, Paramaribo District, Suriname",CITY,2026-03-11T14:16:32.979313+00:00,19,G:zR3-hMkVtcg,Bebe,YoungBoss,90116,https://www.youtube.com/watch?v=E9BFaLxnvpg,2
0x8d0836d5d9739cb9:0x6ba4f9d62a831e05,"Paramaribo District, Suriname",SUBCOUNTRY,2026-03-11T14:16:33.464224+00:00,18,G:ySD4pTPTXwc,Blessings,Kater Karma,80444,https://www.youtube.com/watch?v=2JOjBUzzwiA,1
0x8d0836d5d9d3d551:0x1037e1c0712936b2,Suriname,COUNTRY,2026-03-11T14:54:01.969260+00:00,20,G:zR3-hMkVtcg,Bebe,YoungBoss,101329,https://www.youtube.com/watch?v=E9BFaLxnvpg,2
0x8d12155785f7d753:0xde27f7e90f0af446,French Guiana,COUNTRY,2026-03-11T15:26:30.678531+00:00,16,G:SFP3SCXPJq8,Quartet Fantasy,JENNY B,24219,https://www.youtube.com/watch?v=qM-pYvKbJf0,1
0x8d123d3adb4ab79d:0x3d5b8cb85fcdc6f9,"Arrondissement of Cayenne, French Guiana",SUBCOUNTRY,2026-03-11T15:25:00.215222+00:00,17,G:4Tgpu5Ip7Qc,TRUE STORY,Sansand,18296,https://www.youtube.com/watch?v=SdN-8FNHai4,1
0x8d123d3adb4ab79d:0x73567e298bafb628,"Cayenne, Arrondissement of Cayenne, French Guiana",CITY,2026-03-11T14:35:27.013579+00:00,20,G:D7ywDm0OQ5w,Speedage,Sansand,10124,https://www.youtube.com/watch?v=FFtdcTf4-9o,1
0x8d61e5e06b4b1a37:0x56357df330df0f97,"Macapá, State of Amapá, Brazil",CITY,2026-03-11T14:29:28.560887+00:00,10,G:HsUqviQCqYY,Brega Funk dos Rosa (feat. Katlen & Leozinn),"Void, Robson Abreu, Emilly Vick",42809,https://www.youtube.com/watch?v=qgz-ydhRs4s,7
0x8d653d73cd997b21:0x911a614576f6bcd4,"State of Amapá, Brazil",SUBCOUNTRY,2026-03-11T14:29:29.413604+00:00,10,G:HsUqviQCqYY,Brega Funk dos Rosa (feat. Katlen & Leozinn),"Void, Robson Abreu, Emilly Vick",52746,https://www.youtube.com/watch?v=qgz-ydhRs4s,7
0x8d9305cacbaaa4db:0xb72e65c7a9d75f45,"Boa Vista, State of Roraima, Brazil",CITY,2026-03-11T14:27:43.321976+00:00,5,G:jClUDyC9Aao,Quero Ser o Seu Amor,Marília Tavares,60446,https://www.youtube.com/watch?v=Fp_Yk19aE-g,5
0x8d930671dfccf45b:0x695f00f29e9c7a14,"State of Roraima, Brazil",SUBCOUNTRY,2026-03-11T14:27:47.187747+00:00,5,G:jClUDyC9Aao,Quero Ser o Seu Amor,Marília Tavares,69067,https://www.youtube.com/watch?v=Fp_Yk19aE-g,5
0x8da55b7200c4792b:0x122088727cb3fa60,"Demerara-Mahaica, Guyana",SUBCOUNTRY,2026-03-11T15:26:35.316742+00:00,18,G:G74XNG155_0,IKATION,Kraff Gad,133850,https://www.youtube.com/watch?v=W7Ymf9DiBJA,2
0x8dafefaf60d8c2b3:0x48e38867b6e54440,Guyana,COUNTRY,2026-03-11T15:26:35.285161+00:00,6,G:3LNCcpcf5Pg,Only Gets Better (Forever),"Vybz Kartel, Slingerz",229634,https://www.youtube.com/watch?v=YRV6_7joaZA,3
0x8dafefaf60d8c2b3:0x72c2a4440b00eb7d,"Georgetown, Demerara-Mahaica, Guyana",CITY,2026-03-11T14:36:48.986732+00:00,17,G:G74XNG155_0,IKATION,Kraff Gad,126456,https://www.youtube.com/watch?v=W7Ymf9DiBJA,2
0x8db65390683d274f:0xfc18d9cdf99a5406,"Bolívar, Venezuela",SUBCOUNTRY,2026-03-11T14:25:51.395255+00:00,19,G:yHFTst-JrTE,Imitadora,Romeo Santos,69015,https://www.youtube.com/watch?v=FAq4OIRDo68,3
0x8dcbf02b84200b49:0x6e05317f7c974d14,"Guayana City, Bolívar, Venezuela",CITY,2026-03-11T14:25:52.786523+00:00,14,G:F5OnKNt4uZ0,"Cuatro Babys (feat. Trap Capos, Noriel, Bryant Myers & Juhn)",Maluma,42346,https://www.youtube.com/watch?v=OXq-JP8w5H4,24
0x8dcd817e1043b5b7:0x5c5f23ae4dc752d9,"El Tigre, Anzoategui, Venezuela",CITY,2026-03-11T14:16:29.528780+00:00,18,G:D38HPSo4hDs,Señales de Humo (Salsa),Juan Luis Guerra,13654,https://www.youtube.com/watch?v=glb3m2BgYVs,33
0x8dce862a669e5b7b:0xd96f2f60189fcd57,"Ciudad Bolívar, Bolívar, Venezuela",CITY,2026-03-11T14:25:49.900663+00:00,17,G:yHFTst-JrTE,Imitadora,Romeo Santos,17631,https://www.youtube.com/watch?v=FAq4OIRDo68,3
0x8e15a43aae1594a3:0x9a0d9a04eff2a340,Colombia,COUNTRY,2026-03-11T14:04:16.086749+00:00,16,G:CznRrnBDs9g,GANAS,Kris R.,6124413,https://www.youtube.com/watch?v=ZFww08Dc4ws,5
0x8e2968bae7d5eb4d:0x2d2e73b19f33388d,"Tulcan, Carchi, Ecuador",CITY,2026-03-11T14:16:59.571570+00:00,7,G:AT8brY1wr-w,El Tigre Pintado,El Guaicoso TecnoBomba,17692,https://www.youtube.com/watch?v=UmFcV0fVeZg,2
0x8e2968bae7d5eb4d:0x3622c04bee3de471,"Carchi, Ecuador",SUBCOUNTRY,2026-03-11T14:17:05.625610+00:00,6,G:AT8brY1wr-w,El Tigre Pintado,El Guaicoso TecnoBomba,37164,https://www.youtube.com/watch?v=UmFcV0fVeZg,2
0x8e2a3ca1785b375d:0x85703f133e056adb,"Ibarra, Imbabura, Ecuador",CITY,2026-03-11T15:24:14.009054+00:00,3,G:kXhRz2xObVA,No Es Mi Culpa (Remix),"Jessi Uribe, Anderson Raura",53239,https://www.youtube.com/watch?v=fqwEKifuEUQ,4
0x8e2a3ca1785b375d:0xf7db73d8e67a536b,"Imbabura, Ecuador",SUBCOUNTRY,2026-03-11T15:24:13.582201+00:00,13,G:HhpivfHYb6g,Triste Destino (Cover),ABK,64958,https://www.youtube.com/watch?v=-RNBY_AsLZE,1
0x8e2b31bad91088a3:0x248a82e5a20d872e,"Esmeraldas, Ecuador",SUBCOUNTRY,2026-03-11T14:23:54.095271+00:00,12,G:wHfASD53FT4,Sabes,Jhonsy De Los Ángeles,73814,https://www.youtube.com/watch?v=Uh7n8jz9Oes,2
0x8e36f22a860c418f:0xeb83e1617a654ca0,"Valle del Cauca, Colombia",SUBCOUNTRY,2026-03-11T14:04:17.630336+00:00,15,G:dkkBKmBrOoc,PREM PREM,"Topboy TGR, Fharid On The Beat",736037,https://www.youtube.com/watch?v=RSFkZCx9dkE,1
0x8e3f009b60924f67:0x555fca38591c7104,"Bogota, Colombia",SUBCOUNTRY,2026-03-11T14:04:16.245577+00:00,20,G:oVW033geIgc,SI LA VES,Julian Daza,1478411,https://www.youtube.com/watch?v=Ykd_YLt1bZ8,2
0x8e3f28eb1616af2b:0x933cbcb5fad108ed,"Cundinamarca, Colombia",SUBCOUNTRY,2026-03-11T15:23:31.072257+00:00,1,G:-i3AbNzNaCc,Verdadero Agropecuario,Eddy Soler,1289522,https://www.youtube.com/watch?v=hEE8TaBCUeA,1
0x8e3f9bfd2da6cb29:0x239d635520a33914,"Bogotá, Bogota, Colombia",CITY,2026-03-11T15:23:30.495690+00:00,20,G:oVW033geIgc,SI LA VES,Julian Daza,1481428,https://www.youtube.com/watch?v=Ykd_YLt1bZ8,2
0x8e427852fd048c9b:0xf70e46eda2fae025,"Santander, Colombia",SUBCOUNTRY,2026-03-11T15:23:27.732515+00:00,14,G:CznRrnBDs9g,GANAS,Kris R.,243502,https://www.youtube.com/watch?v=ZFww08Dc4ws,5
0x8e4429b2d9a8a783:0x540a36ca7581959a,"Antioquia, Colombia",SUBCOUNTRY,2026-03-11T14:04:16.374072+00:00,7,G:CznRrnBDs9g,GANAS,Kris R.,1524264,https://www.youtube.com/watch?v=ZFww08Dc4ws,5
0x8e535944ba70296f:0x22cb5fba7603eb68,"Panamá Province, Panama",SUBCOUNTRY,2026-03-11T14:09:30.317012+00:00,19,G:ihEGGn4y89I,Pa Que Me Baile (Remix),"BARBEL, Don Pablo Mures, Knikol, El Yeyo PP",297351,https://www.youtube.com/watch?v=B4W3aC1SVNc,2
0x8e585a3c4e4389f1:0xdf2dd944631641fb,"Sucre, Colombia",SUBCOUNTRY,2026-03-11T14:19:10.249808+00:00,19,G:8qzMqtJRSpU,Nos Mal Acostumbramos,Luister La Voz,41337,https://www.youtube.com/watch?v=YhvRmGr-6uk,1
0x8e58d045e0af6885:0xa6019304f60f9615,"Bolivar, Colombia",SUBCOUNTRY,2026-03-11T14:25:52.718099+00:00,5,G:JIS3CBbsC5E,Amo Aqui,Hector Nazza,403520,https://www.youtube.com/watch?v=45qXTjrn710,1
0x8e59ba9ae89045f3:0x891a27b2b7a97e22,"Cordoba, Colombia",SUBCOUNTRY,2026-03-11T14:24:52.480341+00:00,19,G:d-nKXBYvIuE,El Motel (feat. Dj Danny Said & Pika Zurdito),"LOS DE LA X, Mc Car",79858,https://www.youtube.com/watch?v=1vByaYzYw2E,1
0x8e62b5df9446e4b1:0xbeee32e121338756,"Trujillo, Venezuela",SUBCOUNTRY,2026-03-11T15:23:52.355000+00:00,18,G:7Qlum9TaUIY,"El Efecto (Remix) (feat. Lyanno, Bryant Myers & Dalex)","Rauw Alejandro, Chencho Corleone, KEVVO",35826,https://www.youtube.com/watch?v=vpD_EvXiGQ4,1
0x8e630ec781921607:0xcc05cb8e29d5d0aa,"Mérida, Venezuela",SUBCOUNTRY,2026-03-11T15:23:54.782498+00:00,13,G:7SidFnUEcNY,Eres Mi Sueño,Fonseca,45164,https://www.youtube.com/watch?v=00QVU7voMq8,10
0x8e6328692ebdd3d5:0xd3d8efa5fb790d11,"Valera, Trujillo, Venezuela",CITY,2026-03-11T15:23:52.107966+00:00,11,G:7SidFnUEcNY,Eres Mi Sueño,Fonseca,13360,https://www.youtube.com/watch?v=00QVU7voMq8,10
0x8e63d2ec3cb2f48d:0xeb0f6a0e4d8f6fc3,"Zulia, Venezuela",SUBCOUNTRY,2026-03-11T14:16:42.658093+00:00,10,G:LxexgwMLC0E,LOVE,Clarent,244929,https://www.youtube.com/watch?v=N79cL5n_xnc,13
0x8e648721ba42e8dd:0x5df63fea56d56c66,"Merida, Mérida, Venezuela",CITY,2026-03-11T15:23:55.408943+00:00,19,G:6qxS8ndpE8U,Ta´ Bien,"Nicky Jam, Beéle",14575,https://www.youtube.com/watch?v=MBuFOC32sek,3
0x8e6509c34565a53b:0x18233bcc10f15c3b,"Barinas, Venezuela",SUBCOUNTRY,2026-03-11T14:24:27.242205+00:00,19,G:opgxxQ_ZW3g,El Robo,César Orellana,45097,https://www.youtube.com/watch?v=1LuV23vhPks,1
0x8e65d5da199e3bc5:0xf863a602386ce5f5,"Táchira, Venezuela",SUBCOUNTRY,2026-03-11T14:29:21.566972+00:00,18,G:7SidFnUEcNY,Eres Mi Sueño,Fonseca,75708,https://www.youtube.com/watch?v=00QVU7voMq8,10
0x8e6645769f19b07b:0x262938700944fc9e,"North Santander, Colombia",SUBCOUNTRY,2026-03-11T14:49:46.051768+00:00,10,G:CznRrnBDs9g,GANAS,Kris R.,144368,https://www.youtube.com/watch?v=ZFww08Dc4ws,5
0x8e666ca49582d39f:0xe35525b271c7ef85,"San Cristobal, Táchira, Venezuela",CITY,2026-03-11T14:29:21.553310+00:00,16,G:7SidFnUEcNY,Eres Mi Sueño,Fonseca,38044,https://www.youtube.com/watch?v=00QVU7voMq8,10
0x8e7b583bb9f6f665:0x6b4ce066ae95450c,"Barinas, Barinas, Venezuela",CITY,2026-03-11T14:24:20.775307+00:00,18,G:7SidFnUEcNY,Eres Mi Sueño,Fonseca,27584,https://www.youtube.com/watch?v=00QVU7voMq8,10
0x8e7c38da0ac7c907:0xf94c2f128037629f,"Portuguesa, Venezuela",SUBCOUNTRY,2026-03-11T14:19:26.009241+00:00,15,G:t21HBINVvS4,Jamaican (Bam Bam),"HUGEL, SOLTO (FR)",54140,https://www.youtube.com/watch?v=izdMkPC_Q_8,20
0x8e7dc19d40d5ff1f:0x1332767b7e11bd1a,"Acarigua, Portuguesa, Venezuela",CITY,2026-03-11T14:19:26.992423+00:00,18,G:W02VSXeKPFA,VeLDÁ,"Bad Bunny, Omar Courtz, Dei V",10230,https://www.youtube.com/watch?v=yNEpyU3PnDI,3
0x8e8021ea622669d7:0x5e2ed722c664e651,"Cagua, Aragua, Venezuela",CITY,2026-03-11T15:24:03.254977+00:00,15,G:IHo-hjvR2pA,Idilio,Willie Colón,8991,https://www.youtube.com/watch?v=Vx7l9RLMNG4,12
0x8e803c989377fe87:0xb5ff524dadae5b74,"Maracay, Aragua, Venezuela",CITY,2026-03-11T15:24:03.232445+00:00,10,G:NRACMw9DoSg,TUKUTU - @yosoytiagoad  x @roniexmusicoficial  (Video Oficial),Tiago AD,50450,https://www.youtube.com/watch?v=EuoSyRWddJI,1
0x8e8042bfb169aa27:0x56d1b363b7712ebd,"Carabobo, Venezuela",SUBCOUNTRY,2026-03-11T14:18:23.677690+00:00,9,G:t21HBINVvS4,Jamaican (Bam Bam),"HUGEL, SOLTO (FR)",218423,https://www.youtube.com/watch?v=izdMkPC_Q_8,20
0x8e80678bce61928f:0x9f78e9eea8c34272,"Valencia, Carabobo, Venezuela",CITY,2026-03-11T14:18:21.939453+00:00,15,G:c_0k-0oy_Vw,Domingo Familiar,Rawayana,94717,https://www.youtube.com/watch?v=h9M5o4xFUvA,5
0x8e80c600bade2bf3:0xd81a0a332d237456,"Yaracuy, Venezuela",SUBCOUNTRY,2026-03-11T14:21:34.009115+00:00,13,G:t21HBINVvS4,Jamaican (Bam Bam),"HUGEL, SOLTO (FR)",34213,https://www.youtube.com/watch?v=izdMkPC_Q_8,20
0x8e80cf3350f37fd9:0xda3f386ac384deb6,"San Felipe, Yaracuy, Venezuela",CITY,2026-03-11T14:21:32.364735+00:00,19,G:F5OnKNt4uZ0,"Cuatro Babys (feat. Trap Capos, Noriel, Bryant Myers & Juhn)",Maluma,8776,https://www.youtube.com/watch?v=OXq-JP8w5H4,24
0x8e810c37f79be129:0xf5b77434006ecdbf,"Falcón, Venezuela",SUBCOUNTRY,2026-03-11T14:18:57.406375+00:00,18,G:UsDiJx7p-wU,⁠LUCES DE COLORES,Omar Courtz,49718,https://www.youtube.com/watch?v=SaVMFl6MGq8,3
0x8e84825f0ca62f57:0x1f4992b431554def,"Willemstad, Curaçao",CITY,2026-03-11T14:29:03.708556+00:00,4,G:V7SlqEC2AWM,DON DADA,Dindi Spray,35126,https://www.youtube.com/watch?v=CcvuTxtz_MU,2
0x8e849dbe62c7fdc7:0xfc7f9228dbc64723,Curaçao,COUNTRY,2026-03-11T14:29:34.233953+00:00,4,G:V7SlqEC2AWM,DON DADA,Dindi Spray,36416,https://www.youtube.com/watch?v=CcvuTxtz_MU,2
0x8e8538cfe25a77db:0xf16a8a3e89818c2f,Aruba,COUNTRY,2026-03-11T15:26:24.972517+00:00,20,G:ZHkzSu0ppCQ,Caya Ta Papia,Jeon,14196,https://www.youtube.com/watch?v=gQluWBfIXKg,1
0x8e8538db41be8a37:0x4d33db208c3e62a3,"Oranjestad, Aruba",CITY,2026-03-11T15:26:24.838131+00:00,20,G:oxNyp2-ornY,Pege,Jeon,10229,https://www.youtube.com/watch?v=eyXU_wWPMvs,1
0x8e85ed24b8524353:0x18abea72d12fd565,"Punto Fijo, Falcón, Venezuela",CITY,2026-03-11T14:18:59.831802+00:00,17,G:UsDiJx7p-wU,⁠LUCES DE COLORES,Omar Courtz,14195,https://www.youtube.com/watch?v=SaVMFl6MGq8,3
0x8e875e72cce6bec1:0x6cfe29f5e986f259,"Cabudare, Lara, Venezuela",CITY,2026-03-11T14:14:05.963929+00:00,20,G:W02VSXeKPFA,VeLDÁ,"Bad Bunny, Omar Courtz, Dei V",6457,https://www.youtube.com/watch?v=yNEpyU3PnDI,3
0x8e87671d783e8671:0x3f292649cfa0cbd2,"Lara, Venezuela",SUBCOUNTRY,2026-03-11T14:14:03.127607+00:00,15,G:t21HBINVvS4,Jamaican (Bam Bam),"HUGEL, SOLTO (FR)",103708,https://www.youtube.com/watch?v=izdMkPC_Q_8,20
0x8e87671d783e8671:0x972fe1e11519c3db,"Barquisimeto, Lara, Venezuela",CITY,2026-03-11T14:14:03.347311+00:00,16,G:t21HBINVvS4,Jamaican (Bam Bam),"HUGEL, SOLTO (FR)",64593,https://www.youtube.com/watch?v=izdMkPC_Q_8,20
0x8e89998e7a5bd625:0xce0904e0ea8de74b,"Maracaibo, Zulia, Venezuela",CITY,2026-03-11T14:16:36.831060+00:00,6,G:t0UkYB2A_ig,Mi Santa,"Rafa Púas, Juan Cid",166358,https://www.youtube.com/watch?v=GDoLxZI4M0w,1
0x8e89c76a94216b2b:0x248a8285349a4935,"Cabimas, Zulia, Venezuela",CITY,2026-03-11T14:16:42.531395+00:00,17,G:UsDiJx7p-wU,⁠LUCES DE COLORES,Omar Courtz,20440,https://www.youtube.com/watch?v=SaVMFl6MGq8,3
0x8ea5f8aa7b2ba1f5:0x19bc41ddabbd150d,"La Romana Province, Dominican Republic",SUBCOUNTRY,2026-03-11T14:17:36.984364+00:00,19,G:hqn1ICn-40U,Shorty Remix,"Yailin la Mas Viral, Ezzy R",26349,https://www.youtube.com/watch?v=7_EQNxz40io,4
0x8ea61a9b1bcf3c41:0x58000a3eb0956b35,"La Altagracia Province, Dominican Republic",SUBCOUNTRY,2026-03-11T14:05:10.686601+00:00,16,G:F8RvbQ4cdgs,LA MUJER QUE ME PARIO,Jezzy El Chef,72966,https://www.youtube.com/watch?v=yXgvde31yLQ,12
0x8ea891645dcbfe77:0x61881cfaed12f6f3,"Punta Cana, La Altagracia Province, Dominican Republic",CITY,2026-03-11T15:23:41.124659+00:00,17,G:F8RvbQ4cdgs,LA MUJER QUE ME PARIO,Jezzy El Chef,38265,https://www.youtube.com/watch?v=yXgvde31yLQ,12
0x8eae2dee3ffb7057:0xd95e284daea547d0,"Duarte Province, Dominican Republic",SUBCOUNTRY,2026-03-11T14:27:45.261524+00:00,18,G:r5e9Gc34y18,Chanflin (Pa' La Villa Con Un Primo),El Rubio Acordeón,52777,https://www.youtube.com/watch?v=0CqG05zkwbE,8
0x8eae2dee3ffb7057:0xdf0e765fe8758223,"San Francisco de Macorís, Duarte Province, Dominican Republic",CITY,2026-03-11T14:05:10.895737+00:00,20,G:r5e9Gc34y18,Chanflin (Pa' La Villa Con Un Primo),El Rubio Acordeón,32716,https://www.youtube.com/watch?v=0CqG05zkwbE,8
0x8eaf5468f250cc2b:0x174be55fc8eb99d9,"La Romana, La Romana Province, Dominican Republic",CITY,2026-03-11T14:05:10.926813+00:00,19,G:hqn1ICn-40U,Shorty Remix,"Yailin la Mas Viral, Ezzy R",26443,https://www.youtube.com/watch?v=7_EQNxz40io,4
0x8eaf609388bba20d:0x5a0142fce45d04c4,"San Pedro de Macorís, San Pedro de Macorís Province, Dominican Republic",CITY,2026-03-11T15:23:40.049985+00:00,18,G:BXkYctefspk,Tupac (feat. Luis Brown),Yaii King,30654,https://www.youtube.com/watch?v=4sUFtFRZRh4,1
0x8eaf66367559cbbb:0x55d0ecf32da62056,"San Pedro de Macorís Province, Dominican Republic",SUBCOUNTRY,2026-03-11T14:17:50.408622+00:00,17,G:hqn1ICn-40U,Shorty Remix,"Yailin la Mas Viral, Ezzy R",45474,https://www.youtube.com/watch?v=7_EQNxz40io,4
0x8eaf7e46f6426db3:0x5ac89bd880886ed2,"Santo Domingo Province, Dominican Republic",SUBCOUNTRY,2026-03-11T15:23:40.126594+00:00,19,G:S20XlIWJk4Y,La Droga e Mala,"Rony Alca, TOLO DESAPARECELO",820966,https://www.youtube.com/watch?v=O-JFjzWRAOM,4
0x8eaf8838def1b6f5:0x29143f1c70ffcd9f,"Distrito Nacional, Dominican Republic",SUBCOUNTRY,2026-03-11T15:23:41.663475+00:00,20,G:S20XlIWJk4Y,La Droga e Mala,"Rony Alca, TOLO DESAPARECELO",470303,https://www.youtube.com/watch?v=O-JFjzWRAOM,4
0x8eaf8838def1b6f5:0xa6020f24060df7e0,Dominican Republic,COUNTRY,2026-03-11T14:05:08.382524+00:00,20,G:S20XlIWJk4Y,La Droga e Mala,"Rony Alca, TOLO DESAPARECELO",2295626,https://www.youtube.com/watch?v=O-JFjzWRAOM,4
0x8eafde3435e95489:0x5a72182177f9a7b7,"Monseñor Nouel Province, Dominican Republic",SUBCOUNTRY,2026-03-11T14:20:30.217350+00:00,20,G:r5e9Gc34y18,Chanflin (Pa' La Villa Con Un Primo),El Rubio Acordeón,29958,https://www.youtube.com/watch?v=0CqG05zkwbE,8
0x8eafdf12b12c67d1:0xe4775ab340ebea04,"Bonao, Monseñor Nouel Province, Dominican Republic",CITY,2026-03-11T14:20:28.276914+00:00,20,G:r5e9Gc34y18,Chanflin (Pa' La Villa Con Un Primo),El Rubio Acordeón,24624,https://www.youtube.com/watch?v=0CqG05zkwbE,8
0x8eb02c9d199f180b:0x5b5be8df30bfd048,"La Vega Province, Dominican Republic",SUBCOUNTRY,2026-03-11T15:23:42.868083+00:00,20,G:SEw4VfDp1Qw,La Chiflera Que Palomo!,Daniel Galan,68045,https://www.youtube.com/watch?v=WG8ccSCIuGw,6
0x8eb1b478b808164f:0x27c88e74b531905d,"Santiago Province, Dominican Republic",SUBCOUNTRY,2026-03-11T14:05:10.009792+00:00,8,G:jA1mOQiiRZQ,La Novia Del Chofer,Gerardo Lares,586797,https://www.youtube.com/watch?v=9-alAYiAeOY,2
0x8eb1c5c838e5899f:0x75d4b059b8768429,"Santiago de los Caballeros, Santiago Province, Dominican Republic",CITY,2026-03-11T15:23:41.285625+00:00,8,G:jA1mOQiiRZQ,La Novia Del Chofer,Gerardo Lares,500826,https://www.youtube.com/watch?v=9-alAYiAeOY,2
0x8eb1ec971ae95a19:0xa3f24e616235216,"Puerto Plata Province, Dominican Republic",SUBCOUNTRY,2026-03-11T15:23:40.141852+00:00,3,G:M01KDtra2KQ,Pa' Perderte,"Manny Cruz, El Blachy",133234,https://www.youtube.com/watch?v=BbsIWuFGf8M,3
0x8eb1ee3f0046fa75:0x10c1300286d97467,"Puerto Plata, Puerto Plata Province, Dominican Republic",CITY,2026-03-11T14:05:11.293970+00:00,3,G:M01KDtra2KQ,Pa' Perderte,"Manny Cruz, El Blachy",70266,https://www.youtube.com/watch?v=BbsIWuFGf8M,3
0x8eb6c6f37fcbbb11:0xb51438b24c54f6d3,Haiti,COUNTRY,2026-03-11T15:26:35.343150+00:00,6,G:SNCiS59y56I,F..KED UP,KAI,381164,https://www.youtube.com/watch?v=jJnxrsnztpQ,1
0x8eb9dd57503eaa91:0x160d32d81fa963f4,"Ouest Department, Haiti",SUBCOUNTRY,2026-03-11T14:53:32.122447+00:00,20,G:CZjewb1vutU,BLOCUS,LPA PAPA DRIPP,200421,https://www.youtube.com/watch?v=zTDK-xROd9o,2
0x8eb9dd57503eaa91:0x3cd5815df929aa08,"Port-au-Prince, Ouest Department, Haiti",CITY,2026-03-11T14:47:26.347547+00:00,20,G:CZjewb1vutU,BLOCUS,LPA PAPA DRIPP,199599,https://www.youtube.com/watch?v=zTDK-xROd9o,2
0x8eda2a1bc6cf719d:0x59a0d1c0b5120efa,Jamaica,COUNTRY,2026-03-11T14:53:29.079957+00:00,14,G:mOlUTCg4cO4,Mi Bredda,"Likkle Vybz, Vybz Kartel, Tjtorry106",480739,https://www.youtube.com/watch?v=ngCEmSkvCgM,3
0x8eda2a5dfd77e2b1:0xfcd69adb5acc5766,"Montego Bay, St. James Parish, Jamaica",CITY,2026-03-11T14:19:23.697402+00:00,20,G:QZG90K3OST0,Duppyman Style,"Skippa, Feloni19",16115,https://www.youtube.com/watch?v=xoeNma9IJlI,2
0x8eda2a7c349d890b:0x22197013be9b84ae,"St. James Parish, Jamaica",SUBCOUNTRY,2026-03-11T14:19:17.530734+00:00,20,G:QZG90K3OST0,Duppyman Style,"Skippa, Feloni19",17301,https://www.youtube.com/watch?v=xoeNma9IJlI,2
0x8edb133aa166cd9b:0xeead226c313e3d82,"St. Catherine Parish, Jamaica",SUBCOUNTRY,2026-03-11T14:15:41.614537+00:00,17,G:ADLHShhsrnI,Trumpet,"RajahWild, Jiggy D",78066,https://www.youtube.com/watch?v=fn0pw24EkMA,2
0x8edb3e91a1abf4c9:0xd0050394fce828bc,"St. Andrew, JM",SUBCOUNTRY,2026-03-11T14:56:31.965585+00:00,12,G:mOlUTCg4cO4,Mi Bredda,"Likkle Vybz, Vybz Kartel, Tjtorry106",322540,https://www.youtube.com/watch?v=ngCEmSkvCgM,3
0x8edb3f9784ded2a1:0x24f321bfabb7af40,"Kingston, St. Andrew Parish, Jamaica",CITY,2026-03-11T14:21:56.192240+00:00,12,G:mOlUTCg4cO4,Mi Bredda,"Likkle Vybz, Vybz Kartel, Tjtorry106",341458,https://www.youtube.com/watch?v=ngCEmSkvCgM,3
0x8edb6b3bcc365e87:0x7a37535e069fb3b6,"Portmore, St. Catherine Parish, Jamaica",CITY,2026-03-11T14:15:42.769486+00:00,15,G:ADLHShhsrnI,Trumpet,"RajahWild, Jiggy D",23486,https://www.youtube.com/watch?v=fn0pw24EkMA,2
0x8edbb8595a5a68d9:0xd691f78e7627cd45,"Manchester Parish, Jamaica",SUBCOUNTRY,2026-03-11T14:26:57.922602+00:00,10,G:QQKPP2mlj6M,Papers,"Top Banks, Steel Chest, Rich Pree",20103,https://www.youtube.com/watch?v=NhXJ0sQ_DOc,2
0x8edbbe30d488f7b7:0xfa584d60eca5d4ed,"Mandeville, Manchester Parish, Jamaica",CITY,2026-03-11T14:26:51.952833+00:00,16,G:QQKPP2mlj6M,Papers,"Top Banks, Steel Chest, Rich Pree",9048,https://www.youtube.com/watch?v=NhXJ0sQ_DOc,2
0x8ef42d42d5e8daf3:0x47f316b8b238017f,"Atlantico, Colombia",SUBCOUNTRY,2026-03-11T14:04:18.975371+00:00,17,G:BxeFyp4BZls,CHÉVERE (Remix),"ARIA VEGA, Ryan Castro",351064,https://www.youtube.com/watch?v=d2rUnDzpVRI,1
0x8f10c200ceff22cd:0xc8faa7e53fac15b5,Nicaragua,COUNTRY,2026-03-11T14:09:21.746025+00:00,20,G:Rw8wi7i_8gY,Mi Segunda Vida,La Arrolladora Banda El Limón de René Camacho,529019,https://www.youtube.com/watch?v=NVnn4tBmPuM,10
0x8f25863d81e6d92b:0xc85cf926938a4915,"George Town, Cayman Islands",SUBCOUNTRY,2026-03-11T14:37:07.939932+00:00,1,G:S1yJm4jEWjM,Live And Learn,Chingboss,48334,https://www.youtube.com/watch?v=fT8J-RCXuFc,3
0x8f25863e2fb8aa29:0x7045c4d38770715e,Cayman Islands,COUNTRY,2026-03-11T15:26:29.715880+00:00,5,G:f5V2gZLJFdc,Lifestyle,Chingboss,17981,https://www.youtube.com/watch?v=Sh_5M6h4Lck,1
0x8f2586f64c1f9699:0x8c51ee3c8bb6bfdd,"George Town, George Town, Cayman Islands",CITY,2026-03-11T14:36:48.116416+00:00,1,G:S1yJm4jEWjM,Live And Learn,Chingboss,47497,https://www.youtube.com/watch?v=fT8J-RCXuFc,3
0x8f4c2b05aef653db:0xce32b73c625fcd8a,"Cancún, Quintana Roo, Mexico",CITY,2026-03-11T15:24:22.131940+00:00,12,G:TR-QbnaWgwY,Coming Home,Jeff Hodges,149946,https://www.youtube.com/watch?v=NyZUcetgU2I,13
0x8f4e4323d22d4e61:0xe8c10b783bab4adc,"Playa del Carmen, Quintana Roo, Mexico",CITY,2026-03-11T15:24:21.795704+00:00,5,G:TR-QbnaWgwY,Coming Home,Jeff Hodges,86390,https://www.youtube.com/watch?v=NyZUcetgU2I,13
0x8f4ffcf0eac32695:0xc4f0c52a484c8d9c,"Quintana Roo, Mexico",SUBCOUNTRY,2026-03-11T15:24:21.629250+00:00,15,G:TR-QbnaWgwY,Coming Home,Jeff Hodges,240505,https://www.youtube.com/watch?v=NyZUcetgU2I,13
0x8f540ff8aad604ed:0xcccc217531083d0a,"Yucatan, Mexico",SUBCOUNTRY,2026-03-11T15:24:39.753275+00:00,19,G:aB2KBXKkNJ4,Triple Lavada (Remix) (feat. Víctor Mendivil),"Esau Ortiz, Luis R Conriquez, Óscar Maydon, Alemán",284768,https://www.youtube.com/watch?v=nt1Q4vJBCWc,13
0x8f56715cab450d17:0x5dfc155715abeb09,"Merida, Yucatan, Mexico",CITY,2026-03-11T15:23:54.155664+00:00,14,G:aB2KBXKkNJ4,Triple Lavada (Remix) (feat. Víctor Mendivil),"Esau Ortiz, Luis R Conriquez, Óscar Maydon, Alemán",198003,https://www.youtube.com/watch?v=nt1Q4vJBCWc,13
0x8f5ba3552cd7f90f:0x2149ecd7f0b553ed,"Chetumal, Quintana Roo, Mexico",CITY,2026-03-11T15:24:21.915142+00:00,9,G:CZos_7ree1M,Mami Tú,"El Malilla, Maury",17100,https://www.youtube.com/watch?v=93r6q6qpzTo,1
0x8f5c469e764e4d8d:0xfa79fa6ff0df69f4,"Belize District, Belize",SUBCOUNTRY,2026-03-11T14:16:23.711502+00:00,17,G:qlrACcrfbg4,Dansa,Klassik Frescobar,25474,https://www.youtube.com/watch?v=kGp3T5zWDdE,2
0x8f5c584b483377cf:0xe1dbdc6e9012ff22,"Belize City, Belize District, Belize",CITY,2026-03-11T14:16:26.910830+00:00,18,G:Qn-A3SU38Pg,Stay to Myself,Nhance,22967,https://www.youtube.com/watch?v=5g1OfH3gcf0,2
0x8f5c5b3ec112faf9:0xf64a8a4d3f1ee34e,Belize,COUNTRY,2026-03-11T14:16:44.125286+00:00,19,G:DCn1yfLqIcs,Gyal You a Party Animal,Charly Black,61847,https://www.youtube.com/watch?v=xPeIm20TYjI,2
0x8f5dd567e130a313:0xf3e01fb1a705bb2a,"Cayo District, Belize",SUBCOUNTRY,2026-03-11T14:16:26.362861+00:00,13,G:DCn1yfLqIcs,Gyal You a Party Animal,Charly Black,14462,https://www.youtube.com/watch?v=xPeIm20TYjI,2
0x8f617f28255949e3:0xc834ac20e3b11dec,"Zacapa Department, Guatemala",SUBCOUNTRY,2026-03-11T14:06:33.552291+00:00,10,G:ydVYn4A9z0c,Entre tú y yo,Tu Corrido Mx,25099,https://www.youtube.com/watch?v=tiz4LP5aoMw,3
0x8f62b7f32d847ff7:0x5bb0c5fdf7b576f7,"Sonsonate, Sonsonate Department, El Salvador",CITY,2026-03-11T14:05:18.480890+00:00,9,G:K5wuCZJjtsE,Video Clip,Los Hermanos Rosario,8845,https://www.youtube.com/watch?v=OcTbIRUyL_0,15
0x8f62c83002269eed:0xec72effc07cf67db,"Sonsonate Department, El Salvador",SUBCOUNTRY,2026-03-11T14:05:17.948002+00:00,11,G:K5wuCZJjtsE,Video Clip,Los Hermanos Rosario,13838,https://www.youtube.com/watch?v=OcTbIRUyL_0,15
0x8f62e8a88f74c611:0x334dedcda18267cd,"Santa Ana, Santa Ana Department, El Salvador",CITY,2026-03-11T14:05:16.007404+00:00,18,G:HDQENrIpVfk,Aguántame,"Banda MS de Sergio Lizárraga, Xavi",15461,https://www.youtube.com/watch?v=Qkerty3_X08,2
0x8f62e8a88f74c611:0x48b589c843abc95d,"Santa Ana Department, El Salvador",SUBCOUNTRY,2026-03-11T15:23:44.128275+00:00,11,G:K5wuCZJjtsE,Video Clip,Los Hermanos Rosario,26176,https://www.youtube.com/watch?v=OcTbIRUyL_0,15
0x8f6327a659640657:0x6f9a16eb98854832,El Salvador,COUNTRY,2026-03-11T15:23:43.792579+00:00,12,G:K5wuCZJjtsE,Video Clip,Los Hermanos Rosario,787423,https://www.youtube.com/watch?v=OcTbIRUyL_0,15
0x8f633067b411775d:0x1f75978893fb5c96,"San Salvador, San Salvador Department, El Salvador",CITY,2026-03-11T14:05:15.496189+00:00,20,G:K5wuCZJjtsE,Video Clip,Los Hermanos Rosario,332315,https://www.youtube.com/watch?v=OcTbIRUyL_0,15
0x8f63308cfc710789:0x60e7a39ca61b4d70,"San Salvador Department, El Salvador",SUBCOUNTRY,2026-03-11T14:05:15.414762+00:00,17,G:K5wuCZJjtsE,Video Clip,Los Hermanos Rosario,522205,https://www.youtube.com/watch?v=OcTbIRUyL_0,15
0x8f64da4a5c4a91df:0x4d4ee4de5a02505d,"San Miguel Department, El Salvador",SUBCOUNTRY,2026-03-11T14:05:15.814563+00:00,11,G:K5wuCZJjtsE,Video Clip,Los Hermanos Rosario,34495,https://www.youtube.com/watch?v=OcTbIRUyL_0,15
0x8f65342e10bda3cb:0x7fc60a0d5e6a44e1,"La Unión Department, El Salvador",SUBCOUNTRY,2026-03-11T15:23:43.068442+00:00,12,G:K5wuCZJjtsE,Video Clip,Los Hermanos Rosario,19569,https://www.youtube.com/watch?v=OcTbIRUyL_0,15
0x8f661581ca8897cf:0x7da3cd96d6f2d52,"El Progreso, Yoro Department, Honduras",CITY,2026-03-11T14:06:47.722704+00:00,16,G:B68hwRmIJDM,Tal Vez Quiere,Los Invasores de Nuevo León,25331,https://www.youtube.com/watch?v=AsH3yFFmjk0,5
0x8f6642a3d3dfae07:0x29a3f3c2aad3851e,"Cortés Department, Honduras",SUBCOUNTRY,2026-03-11T14:06:41.976961+00:00,11,G:oHeo8wwoiI4,Polos Opuestos,Monchy & Alexandra,330392,https://www.youtube.com/watch?v=KZNFHwXzVXg,7
0x8f66430b113d5af1:0x323ecf76c17e8f6b,"San Pedro Sula, Cortés Department, Honduras",CITY,2026-03-11T14:06:48.637392+00:00,15,G:oHeo8wwoiI4,Polos Opuestos,Monchy & Alexandra,195370,https://www.youtube.com/watch?v=KZNFHwXzVXg,7
0x8f68c360a9378bd1:0x30d9bc780ec2a7fa,"Yoro Department, Honduras",SUBCOUNTRY,2026-03-11T14:06:46.292059+00:00,15,G:B68hwRmIJDM,Tal Vez Quiere,Los Invasores de Nuevo León,54112,https://www.youtube.com/watch?v=AsH3yFFmjk0,5
0x8f68f136ed0ee601:0xd7f8d01c62419081,"Atlántida Department, Honduras",SUBCOUNTRY,2026-03-11T14:06:47.874678+00:00,10,G:f17cjCttZmQ,Uy Ay,JR Clark,32654,https://www.youtube.com/watch?v=XmelMHaXZH4,2
0x8f69007758cbbcd9:0xc8141bec642348c0,"La Ceiba, Atlántida Department, Honduras",CITY,2026-03-11T14:06:48.505214+00:00,17,G:jNaYpB5TWnc,KERRIKO,"Fresh Bodden, ALEMVN, Eduk Beatz",14942,https://www.youtube.com/watch?v=FoBsqBmZiSk,1
0x8f6a751a73b731cf:0x7ed1de82b6fb8264,Honduras,COUNTRY,2026-03-11T14:06:42.298854+00:00,16,G:oHeo8wwoiI4,Polos Opuestos,Monchy & Alexandra,1035478,https://www.youtube.com/watch?v=KZNFHwXzVXg,7
0x8f6ee6a6e0b7ae71:0x162cfaf1216cc383,"Francisco Morazán Department, Honduras",SUBCOUNTRY,2026-03-11T14:06:37.812732+00:00,18,G:oHeo8wwoiI4,Polos Opuestos,Monchy & Alexandra,390999,https://www.youtube.com/watch?v=KZNFHwXzVXg,7
0x8f6fa2babf743d51:0x68cf2238206ac9d3,"Tegucigalpa, Francisco Morazán Department, Honduras",CITY,2026-03-11T14:06:39.669486+00:00,17,G:oHeo8wwoiI4,Polos Opuestos,Monchy & Alexandra,358291,https://www.youtube.com/watch?v=KZNFHwXzVXg,7
0x8f700f2d4a6c6915:0x58847a7aba55bb65,"Choluteca Department, Honduras",SUBCOUNTRY,2026-03-11T14:06:48.957391+00:00,18,G:2SscYZtyDY4,Actos De Un Tonto,Conjunto Primavera,14996,https://www.youtube.com/watch?v=wqupkfo4aO8,2
0x8f703d01ded09679:0xd99e16cb4e113856,"Choluteca, Choluteca Department, Honduras",CITY,2026-03-11T14:06:51.835922+00:00,20,G:2SscYZtyDY4,Actos De Un Tonto,Conjunto Primavera,6489,https://www.youtube.com/watch?v=wqupkfo4aO8,2
0x8f7059d980c3e91b:0xc6d744c9b6df7c2c,"Chinandega, Nicaragua",SUBCOUNTRY,2026-03-11T14:09:16.588870+00:00,17,G:N4CWatFsLXw,Hoy Lo Vi Pasar,Rocío Dúrcal,15677,https://www.youtube.com/watch?v=_rX_GtJ_RzA,5
0x8f70f1ec32d7ec3f:0x53e0a1538f9602ec,"Chinandega, Chinandega, Nicaragua",CITY,2026-03-11T14:09:20.034064+00:00,15,G:N4CWatFsLXw,Hoy Lo Vi Pasar,Rocío Dúrcal,11616,https://www.youtube.com/watch?v=_rX_GtJ_RzA,5
0x8f7112e382cf4945:0xd42c7706bf89200,"Leon, Nicaragua",SUBCOUNTRY,2026-03-11T14:09:14.974622+00:00,4,G:GeLUoTUfXNQ,Team Anticupido,La Original Banda El Limón De Salvador Lizárraga,35647,https://www.youtube.com/watch?v=sL0piGDl7_o,13
0x8f711f92bb8f7a77:0x3ab5c06f64ea313c,"León, Leon, Nicaragua",CITY,2026-03-11T14:09:18.433187+00:00,20,G:N4CWatFsLXw,Hoy Lo Vi Pasar,Rocío Dúrcal,15360,https://www.youtube.com/watch?v=_rX_GtJ_RzA,5
0x8f71560dd907880b:0x6c5ef4a2144f4c6a,"Managua, Managua, Nicaragua",CITY,2026-03-11T14:09:19.466382+00:00,7,G:GeLUoTUfXNQ,Team Anticupido,La Original Banda El Limón De Salvador Lizárraga,525272,https://www.youtube.com/watch?v=sL0piGDl7_o,13
0x8f71560dd907880b:0xe5bb1ca1c0fbfa97,"Managua, Nicaragua",SUBCOUNTRY,2026-03-11T14:09:19.179016+00:00,17,G:Rw8wi7i_8gY,Mi Segunda Vida,La Arrolladora Banda El Limón de René Camacho,379987,https://www.youtube.com/watch?v=NVnn4tBmPuM,10
0x8f718c42c00bc1ad:0x90de1ab352954a6f,"Esteli, Esteli, Nicaragua",CITY,2026-03-11T14:09:17.173470+00:00,1,G:GeLUoTUfXNQ,Team Anticupido,La Original Banda El Limón De Salvador Lizárraga,22038,https://www.youtube.com/watch?v=sL0piGDl7_o,13
0x8f718c69a0c7fb83:0x9d800cd191eecb2d,"Esteli, Nicaragua",SUBCOUNTRY,2026-03-11T14:09:17.668195+00:00,1,G:GeLUoTUfXNQ,Team Anticupido,La Original Banda El Limón De Salvador Lizárraga,24929,https://www.youtube.com/watch?v=sL0piGDl7_o,13
0x8f724830f9561d2f:0x1793a46db7ccdb99,"Matagalpa, Matagalpa, Nicaragua",CITY,2026-03-11T14:09:20.156739+00:00,17,G:Rw8wi7i_8gY,Mi Segunda Vida,La Arrolladora Banda El Limón de René Camacho,10128,https://www.youtube.com/watch?v=NVnn4tBmPuM,10
0x8f724830f9561d2f:0xe9fb1c72dde55f06,"Matagalpa, Nicaragua",SUBCOUNTRY,2026-03-11T14:09:14.605510+00:00,16,G:Rw8wi7i_8gY,Mi Segunda Vida,La Arrolladora Banda El Limón de René Camacho,19614,https://www.youtube.com/watch?v=NVnn4tBmPuM,10
0x8f740c91706b1593:0x3b8c904dc8ceb48c,"Granada, Granada, Nicaragua",CITY,2026-03-11T14:09:18.946319+00:00,20,G:gNojuxw8dZs,Ya No Somos Ni Seremos,Christian Nodal,6431,https://www.youtube.com/watch?v=jGhL1v594cU,1
0x8f740ced47f22a79:0x6025552a6589651,"Granada, Nicaragua",SUBCOUNTRY,2026-03-11T14:09:18.060109+00:00,19,G:3AsGbS-ND5A,Cien Abriles,Guardianes Del Amor,8828,https://www.youtube.com/watch?v=ebw_l8vN79U,5
0x8f757d2a8a1c08e5:0xb2f8a494fb368393,"Liberia, Guanacaste Province, Costa Rica",CITY,2026-03-11T14:04:21.854637+00:00,19,G:wXYjW6Bx3dw,Regalo De Dios,Julión Álvarez y su Norteño Banda,9447,https://www.youtube.com/watch?v=wGzDYDzEF78,13
0x8f757d2a8a1c08e5:0xe1081082012af945,"Guanacaste Province, Costa Rica",SUBCOUNTRY,2026-03-11T15:23:36.673158+00:00,18,G:wXYjW6Bx3dw,Regalo De Dios,Julión Álvarez y su Norteño Banda,31473,https://www.youtube.com/watch?v=wGzDYDzEF78,13
0x8f7ab80df92c2f17:0xf0323c6cff3656b,"La Union, La Unión Department, El Salvador",CITY,2026-03-11T14:05:19.104463+00:00,19,G:HDQENrIpVfk,Aguántame,"Banda MS de Sergio Lizárraga, Xavi",3060,https://www.youtube.com/watch?v=Qkerty3_X08,2
0x8f7b2a70bc830dab:0x76ac9c406eec5592,"San Miguel, San Miguel Department, El Salvador",CITY,2026-03-11T14:05:16.043937+00:00,10,G:K5wuCZJjtsE,Video Clip,Los Hermanos Rosario,28275,https://www.youtube.com/watch?v=OcTbIRUyL_0,15
0x8f7b3314e2c229e7:0xe11dceb8abbd1432,"Usulután Department, El Salvador",SUBCOUNTRY,2026-03-11T14:05:16.267642+00:00,11,G:K5wuCZJjtsE,Video Clip,Los Hermanos Rosario,20201,https://www.youtube.com/watch?v=OcTbIRUyL_0,15
0x8f7b39d091f470ef:0xd85004d8eec91f20,"Usulutan, Usulután Department, El Salvador",CITY,2026-03-11T15:23:43.348886+00:00,9,G:K5wuCZJjtsE,Video Clip,Los Hermanos Rosario,6008,https://www.youtube.com/watch?v=OcTbIRUyL_0,15
0x8f92e56221acc925:0x6254f72535819a2b,Costa Rica,COUNTRY,2026-03-11T14:04:20.039235+00:00,20,G:8znRJ5mzBoE,DÓNDE,"Kapo, Ryan Castro",558592,https://www.youtube.com/watch?v=Wq7KlT33mGw,10
0x8f9f8433cc0b11d7:0xbe2c4fe0c4ed4bc7,"Puntarenas Province, Costa Rica",SUBCOUNTRY,2026-03-11T14:04:44.296257+00:00,19,G:8znRJ5mzBoE,DÓNDE,"Kapo, Ryan Castro",28223,https://www.youtube.com/watch?v=Wq7KlT33mGw,10
0x8fa005962eb724a5:0x6ab1f98902ac12e4,"Alajuela Province, Costa Rica",SUBCOUNTRY,2026-03-11T15:23:29.068003+00:00,19,G:8znRJ5mzBoE,DÓNDE,"Kapo, Ryan Castro",92036,https://www.youtube.com/watch?v=Wq7KlT33mGw,10
0x8fa00c890660e999:0x69e3a87bd2572ce6,"La Fortuna, Alajuela Province, Costa Rica",CITY,2026-03-11T14:24:50.220805+00:00,13,G:8znRJ5mzBoE,DÓNDE,"Kapo, Ryan Castro",2170,https://www.youtube.com/watch?v=Wq7KlT33mGw,10
0x8fa044e377d3afdb:0x25fec024d645683a,"San Ramon, Alajuela Province, Costa Rica",CITY,2026-03-11T14:24:47.071980+00:00,18,G:8znRJ5mzBoE,DÓNDE,"Kapo, Ryan Castro",3521,https://www.youtube.com/watch?v=Wq7KlT33mGw,10
0x8fa065f26425a581:0xe36bb83779dd2b95,"Ciudad Quesada, Alajuela Province, Costa Rica",CITY,2026-03-11T14:04:41.536892+00:00,14,G:8znRJ5mzBoE,DÓNDE,"Kapo, Ryan Castro",14409,https://www.youtube.com/watch?v=Wq7KlT33mGw,10
0x8fa097f481ffc08f:0x841312e0b6ea6294,"Heredia Province, Costa Rica",SUBCOUNTRY,2026-03-11T15:23:34.553719+00:00,20,G:8znRJ5mzBoE,DÓNDE,"Kapo, Ryan Castro",27353,https://www.youtube.com/watch?v=Wq7KlT33mGw,10
0x8fa0b8100cd0926d:0xaba36611d67da863,"Guapiles, Limón Province, Costa Rica",CITY,2026-03-11T14:21:01.668206+00:00,20,G:40QFX5rRVA8,Qué Onda Perdida,"Grupo Firme, Gerardo Coronel",3815,https://www.youtube.com/watch?v=1WPWhghNipM,18
0x8fa0d69b084d750d:0x115b1ac11b9a1990,"Cartago Province, Costa Rica",SUBCOUNTRY,2026-03-11T15:23:29.063664+00:00,17,G:R_ZxYRZbCgs,Partido En Dos,Chuy Lizárraga,43046,https://www.youtube.com/watch?v=78xiDDpZQO0,1
0x8fa0df1021af2921:0xb5e5548558a39c52,"Cartago, Cartago Province, Costa Rica",CITY,2026-03-11T15:23:31.743070+00:00,17,G:40QFX5rRVA8,Qué Onda Perdida,"Grupo Firme, Gerardo Coronel",35180,https://www.youtube.com/watch?v=1WPWhghNipM,18
0x8fa0e342c50d15c5:0xe6746a6a9f11b882,"San José, San José Province, Costa Rica",CITY,2026-03-11T15:23:29.941655+00:00,19,G:8znRJ5mzBoE,DÓNDE,"Kapo, Ryan Castro",246775,https://www.youtube.com/watch?v=Wq7KlT33mGw,10
0x8fa0e342c50d15c5:0xff8eac296443e836,"San José Province, Costa Rica",SUBCOUNTRY,2026-03-11T15:23:30.889652+00:00,19,G:40QFX5rRVA8,Qué Onda Perdida,"Grupo Firme, Gerardo Coronel",324566,https://www.youtube.com/watch?v=1WPWhghNipM,18
0x8fa0f9c871fbddb3:0xb1f90fbc26bf36cb,"Alajuela, Alajuela Province, Costa Rica",CITY,2026-03-11T14:05:01.389827+00:00,17,G:8znRJ5mzBoE,DÓNDE,"Kapo, Ryan Castro",19004,https://www.youtube.com/watch?v=Wq7KlT33mGw,10
0x8fa14e8cd3c88ae7:0xbcc6640ee670d259,"San Isidro de El General, San José Province, Costa Rica",CITY,2026-03-11T14:04:42.509727+00:00,16,G:8znRJ5mzBoE,DÓNDE,"Kapo, Ryan Castro",12011,https://www.youtube.com/watch?v=Wq7KlT33mGw,10
0x8fa5098873daff19:0x89cdd65056b29fe9,"Chiriquí Province, Panama",SUBCOUNTRY,2026-03-11T14:09:35.427198+00:00,19,G:7lgFRhMAATM,Rodando En La City (feat. EL DERK),"333xplicit, Bonuchi, El Yeyo PP",33343,https://www.youtube.com/watch?v=4-dN5yZQFcw,6
0x8fa59d9ff655a4c9:0xed61fb3a96949112,"David, Chiriquí Province, Panama",CITY,2026-03-11T14:09:36.356372+00:00,20,G:7lgFRhMAATM,Rodando En La City (feat. EL DERK),"333xplicit, Bonuchi, El Yeyo PP",17598,https://www.youtube.com/watch?v=4-dN5yZQFcw,6
0x8fa61583c8be2be3:0x79eee04d1fa59bcf,Panama,COUNTRY,2026-03-11T14:09:35.410054+00:00,20,G:4lwTXJvBAkU,Pasao De Famarcia,Lil Naay,411136,https://www.youtube.com/watch?v=MwcuSTBHIbE,1
0x8fa705367150d903:0x24d864fd050c815f,"Limon, Limón Province, Costa Rica",CITY,2026-03-11T14:21:03.013809+00:00,20,G:fYHDNrYpTNE,Coleccionando Heridas,"KAROL G, Marco Antonio Solís",6497,https://www.youtube.com/watch?v=5UlLN3bXdqk,1
0x8fa71808603dc769:0x5a58748f67d92dde,"Limón Province, Costa Rica",SUBCOUNTRY,2026-03-11T14:21:05.730623+00:00,19,G:40QFX5rRVA8,Qué Onda Perdida,"Grupo Firme, Gerardo Coronel",25978,https://www.youtube.com/watch?v=1WPWhghNipM,18
0x8faca8f1dbe80363:0xaba25df1f042c10e,"Panama City, Panamá Province, Panama",CITY,2026-03-11T14:09:30.551165+00:00,19,G:ihEGGn4y89I,Pa Que Me Baile (Remix),"BARBEL, Don Pablo Mures, Knikol, El Yeyo PP",285103,https://www.youtube.com/watch?v=B4W3aC1SVNc,2
0x8fad94ee30697867:0xdf4a0139ec044dd3,"Herrera Province, Panama",SUBCOUNTRY,2026-03-11T14:09:34.881494+00:00,19,G:BHMCvEP38L4,NO CRY,Kapo,2046,https://www.youtube.com/watch?v=rcW-QwI7nAc,3
0x8fae170daec5093b:0xc558fcd4c89d62fd,"Veraguas Province, Panama",SUBCOUNTRY,2026-03-11T14:09:29.403958+00:00,14,G:BHMCvEP38L4,NO CRY,Kapo,6273,https://www.youtube.com/watch?v=rcW-QwI7nAc,3
0x8fae720dc6b9642d:0xf9d9887c1b087f04,"Santiago, Veraguas Province, Panama",CITY,2026-03-11T14:09:35.321678+00:00,14,G:BHMCvEP38L4,NO CRY,Kapo,4531,https://www.youtube.com/watch?v=rcW-QwI7nAc,3
0x8fd4beb08afdae79:0x58e2517154076f6,"Esmeraldas, Esmeraldas, Ecuador",CITY,2026-03-11T14:23:51.149121+00:00,12,G:Ge2QZssi-sk,Son Bow,El General,15906,https://www.youtube.com/watch?v=TZkDJqRduw8,1
0x902387dda89a4bd5:0x9d76af04119c3702,Ecuador,COUNTRY,2026-03-11T14:05:11.763825+00:00,17,G:cYVLGZWNQbs,FANÁTICO,"Blessd, J Alvarez",2045067,https://www.youtube.com/watch?v=Z7w_STB9AFk,7
0x902b4e07de33a1ff:0x3ad078d90c4540a1,"Quevedo, Los Rios, Ecuador",CITY,2026-03-11T15:24:10.866554+00:00,14,G:I_pJviPNRag,Fabricando Fantasías (Salsa Version),Tito Nieves,27712,https://www.youtube.com/watch?v=s3fcKFQukbY,9
0x902b4e73e884a797:0xb3bb7910dd319fbc,"Los Rios, Ecuador",SUBCOUNTRY,2026-03-11T14:05:13.641523+00:00,15,G:cUrE-tOmoRQ,Mi Venganza,"Alzate, Yeison Jimenez",93360,https://www.youtube.com/watch?v=qZJzHnSHJg4,9
0x902ba64f32fc4253:0xb327e62b5b571811,"Manabí, Ecuador",SUBCOUNTRY,2026-03-11T15:23:43.086513+00:00,19,G:jO5zMT_4cT4,"El Aventurero En El Cielo (feat. Jhon Alex Castaño, Pipe Bueno, Jessi Uribe, Luis Alfonso, Francy ""La Voz Popular de América"", Jhonny Rivera, Alzate, Paola Jara, Arelys Henao, El Charrito Negro, Alexis Escobar & Alan Ramirez)",Yeison Jimenez,170038,https://www.youtube.com/watch?v=10QBu2FKHhA,2
0x902be6a9e440988b:0x9403b825a96f98ba,"Manta, Manabí, Ecuador",CITY,2026-03-11T14:05:14.679392+00:00,19,G:LRU4uIV2oRk,Como Judas,Dany Cardona,41016,https://www.youtube.com/watch?v=ZDc_6qPHjME,12
0x902bf2b3349167a5:0xb5eb80e513eb7eee,"Portoviejo, Manabí, Ecuador",CITY,2026-03-11T14:24:55.054050+00:00,20,G:uDW0mL4m4eA,Ya no mi amor,Yeison Jimenez,38233,https://www.youtube.com/watch?v=kn86rBCwiKA,1
0x902cd7dbb21aef3b:0xa2799b7958dee76,"Babahoyo, Los Rios, Ecuador",CITY,2026-03-11T15:24:11.504123+00:00,20,G:a3JGIdDfHjg,Porqué la envidia,Yeison Jimenez,16133,https://www.youtube.com/watch?v=0p4aTiui2LU,3
0x902d09077527c929:0x7df25358a4f25d07,"Guayas, Ecuador",SUBCOUNTRY,2026-03-11T14:05:11.659425+00:00,18,G:lwYhwWXHskA,Nuestro Sueño,Grupo Niche,566991,https://www.youtube.com/watch?v=-g-3ptRfFP4,4
0x902d13cbe855805f:0x8015a492f4fca473,"Guayaquil, Guayas, Ecuador",CITY,2026-03-11T14:05:12.373134+00:00,14,G:IVfiARiJIZQ,Posi Simón,"Retrayo K99, DJ Lalo, Lil New",442006,https://www.youtube.com/watch?v=_QUA2mRDSeI,3
0x902d47b1ac773e79:0xca6e788c9cf5a035,"Milagro, Guayas, Ecuador",CITY,2026-03-11T14:20:18.518790+00:00,18,G:I_pJviPNRag,Fabricando Fantasías,Tito Nieves,19518,https://www.youtube.com/watch?v=s3fcKFQukbY,9
0x90330e252f104ed1:0xea4e189f2b2da97e,"Machala, El Oro, Ecuador",CITY,2026-03-11T14:15:22.217624+00:00,17,G:lwYhwWXHskA,Nuestro Sueño,Grupo Niche,29343,https://www.youtube.com/watch?v=-g-3ptRfFP4,4
0x90330e5d3940b1e3:0xe901e305cf6b52f4,"El Oro, Ecuador",SUBCOUNTRY,2026-03-11T14:05:13.254853+00:00,15,G:dX0GXgtmpQo,Arrepentida,Beder Musicologo,82353,https://www.youtube.com/watch?v=PFzQF6kdAKA,13
0x903314f5cc25b7fb:0xf5dde5fd53ac850d,"Pasaje, El Oro, Ecuador",CITY,2026-03-11T14:15:30.956192+00:00,16,G:I_pJviPNRag,Fabricando Fantasías,Tito Nieves,12057,https://www.youtube.com/watch?v=s3fcKFQukbY,9
0x90335f647f9a626f:0xc17395634b04989f,"Pinas, El Oro, Ecuador",CITY,2026-03-11T14:15:24.447626+00:00,20,G:tzMwlahqjm4,VALLE DE $OMBRA$,"Junior H, Gael Valenzuela",1936,https://www.youtube.com/watch?v=XZYSbl5j2iw,19
0x90337182375299d1:0x61925fc8f0682977,"Santa Rosa, El Oro, Ecuador",CITY,2026-03-11T14:15:23.795007+00:00,20,G:lwYhwWXHskA,Nuestro Sueño,Grupo Niche,7714,https://www.youtube.com/watch?v=-g-3ptRfFP4,4
0x90339bb1c72e8bd5:0xe5cddac1d5ed359e,"Huaquillas, El Oro, Ecuador",CITY,2026-03-11T14:15:24.824971+00:00,16,G:F3G7KD230Dc,PARTIDO EN DOS,La Única Tropical,7806,https://www.youtube.com/watch?v=Y2Vnjmb2gFs,4
0x9034c3f966ea4d55:0xf739a11d07d404e8,"Loja, Ecuador",SUBCOUNTRY,2026-03-11T14:23:06.688137+00:00,19,G:qoWBCMlAsUE,Que Pensaras,JAIR,43165,https://www.youtube.com/watch?v=n2Bf_mATl8s,5
0x9036805ee717897d:0xbc4dd90e0dc6c8be,"Piura, Peru",SUBCOUNTRY,2026-03-11T14:09:46.435616+00:00,20,G:u7bWM-Watmc,Parranda Que Chucha Quieres (En vivo),Luna Azul Internacional D' Evelyn Palomino,122834,https://www.youtube.com/watch?v=5iqvdbf6Qas,1
0x904a107c793c39b7:0x1de8948d1c01fe28,"Piura, Piura, Peru",CITY,2026-03-11T14:09:49.361878+00:00,19,G:FL0vKMs6B7k,Mix Lisandro Meza,"Grupo 5, Chane Meza",81501,https://www.youtube.com/watch?v=4IqPMox2J4Y,4
0x904b65aa1132bf57:0x84d064674627cfb4,"Lambayeque, Peru",SUBCOUNTRY,2026-03-11T14:09:46.512520+00:00,20,G:7gPCMirFFUw,Mix Mallanep: Donde Está El Amor / Una Aventura Más / Me Río De Ti (En Vivo),Son del Duke,109625,https://www.youtube.com/watch?v=0Qh4qH4bkwI,2
0x904cef232963dfff:0xa703e3454a7814bb,"Chiclayo, Lambayeque, Peru",CITY,2026-03-11T14:09:54.324214+00:00,19,G:45E8_UERO9o,Mix Acábame: Acábame / Traicionero (En Vivo),Son del Duke,66405,https://www.youtube.com/watch?v=HlZG-oa-3Os,1
0x9052ae5dd3eabfb5:0x4e5f1251886f0dc7,"La Libertad, Peru",SUBCOUNTRY,2026-03-11T14:09:37.969423+00:00,18,G:VnEAiJIhu5s,El Telefono (En Vivo),Grupo 5,410060,https://www.youtube.com/watch?v=rxL1mwr5xhE,2
0x9105c850c05914f5:0xf29e011279210648,Peru,COUNTRY,2026-03-11T14:09:45.774014+00:00,6,G:SOanr5H_4Lc,Cuando se Ama,Masiel Malaga Y Su Salsa Red,5099307,https://www.youtube.com/watch?v=niKDHQdTne0,13
0x910944db1cc7effb:0xc0db19d2b6d097db,"Junin, Peru",SUBCOUNTRY,2026-03-11T14:22:53.076403+00:00,20,G:Rki0y28oe94,Bye Bye,Vilma Palma e Vampiros,61529,https://www.youtube.com/watch?v=1r-XsNYFhiU,2
0x910e964104fb82f1:0xf8e45b61c55982fa,"Huancayo, Junin, Peru",CITY,2026-03-11T14:22:50.859312+00:00,16,G:Rki0y28oe94,Bye Bye,Vilma Palma e Vampiros,35802,https://www.youtube.com/watch?v=1r-XsNYFhiU,2
0x91101686897e15b7:0x1aa3c4e2e9c5184d,"Ica, Peru",SUBCOUNTRY,2026-03-11T14:09:46.280056+00:00,19,G:8jXIMbuQlMQ,MIX LIZ GARAY 1,Liz Garay y Orquesta,132402,https://www.youtube.com/watch?v=GTRRxubt01M,11
0x9110e2c3cec74f3d:0x5ce1a2b590e67ecd,"Ica, Ica, Peru",CITY,2026-03-11T14:09:58.360586+00:00,17,G:8jXIMbuQlMQ,MIX LIZ GARAY 1,Liz Garay y Orquesta,61710,https://www.youtube.com/watch?v=GTRRxubt01M,11
0x91127d88f5b2bee9:0x8357b5b1df30f7c9,"Ayacucho, Peru",SUBCOUNTRY,2026-03-11T14:19:51.408672+00:00,1,G:gFqLuukufaM,Confundido,Ayacucho Carnavalero,79523,https://www.youtube.com/watch?v=lu3Bp3u8va0,2
0x91127d88f5b2bee9:0xe9b3cb843a70a16e,"Ayacucho, Ayacucho, Peru",CITY,2026-03-11T14:19:50.523012+00:00,1,G:gFqLuukufaM,Confundido,Ayacucho Carnavalero,68975,https://www.youtube.com/watch?v=lu3Bp3u8va0,2
0x914025bcb5515c77:0x73a23bae8290548b,"Arequipa, Peru",SUBCOUNTRY,2026-03-11T14:09:45.713959+00:00,16,G:UaUCjAIOLY4,Tu Ausencia,Son del Duke,231510,https://www.youtube.com/watch?v=hdxJD57YxV4,22
0x91424a487785b9b3:0xa3c4a612b9942036,"Arequipa, Arequipa, Peru",CITY,2026-03-11T14:09:47.295103+00:00,20,G:F3G7KD230Dc,PARTIDO EN DOS,La Única Tropical,88366,https://www.youtube.com/watch?v=Y2Vnjmb2gFs,4
0x915165475beeeb15:0x33feb2b2ce6d8fc,"Tarapacá, Chile",SUBCOUNTRY,2026-03-11T15:24:23.525507+00:00,15,G:JPezPN9KDu8,POR EL CONTRARIO (feat. Leonardo Aguilar & Ángela Aguilar),Becky G,28356,https://www.youtube.com/watch?v=8c7KOGxeY3w,6
0x9152f363f8369935:0x2a57aaaea9c94930,"Iquique, Tarapacá, Chile",CITY,2026-03-11T15:24:23.865108+00:00,13,G:JPezPN9KDu8,POR EL CONTRARIO (feat. Leonardo Aguilar & Ángela Aguilar),Becky G,15634,https://www.youtube.com/watch?v=8c7KOGxeY3w,6
0x9157c139a2c50579:0xe3913a8364495b43,"Oruro Department, Bolivia",SUBCOUNTRY,2026-03-11T14:03:08.657316+00:00,20,G:lOTvgyFM89g,Amor Añejo,Sangre Cumbiera,49024,https://www.youtube.com/watch?v=pHygevxRD_4,2
0x915a7e0ceeac0511:0x7e4efeaf6214fd1f,"Arica y Parinacota, Chile",SUBCOUNTRY,2026-03-11T14:22:56.633136+00:00,19,G:JPezPN9KDu8,POR EL CONTRARIO (feat. Leonardo Aguilar & Ángela Aguilar),Becky G,15962,https://www.youtube.com/watch?v=8c7KOGxeY3w,6
0x915aa98ad932c235:0x27f5886c04d8d71d,"Arica, Arica y Parinacota, Chile",CITY,2026-03-11T14:22:54.320719+00:00,19,G:JPezPN9KDu8,POR EL CONTRARIO (feat. Leonardo Aguilar & Ángela Aguilar),Becky G,15962,https://www.youtube.com/watch?v=8c7KOGxeY3w,6
0x915aafc36dac4a17:0x7307eff24599450a,"Tacna, Peru",SUBCOUNTRY,2026-03-11T15:24:21.559744+00:00,13,G:R7fFaWLHefE,SI NO ES CONTIGO,Cris Mj,29127,https://www.youtube.com/watch?v=vX1fgqKXSsk,2
0x915acf5e5e369a43:0x11f0aad4a80a8517,"Tacna, Tacna, Peru",CITY,2026-03-11T15:24:20.580003+00:00,12,G:R7fFaWLHefE,SI NO ES CONTIGO,Cris Mj,28943,https://www.youtube.com/watch?v=vX1fgqKXSsk,2
0x915cc50c7ad1a787:0x772bc030ccdd9916,"Puno, Peru",SUBCOUNTRY,2026-03-11T15:24:05.097703+00:00,19,G:2QLU7EQ_e7o,Hasta la Raíz,Natalia Lafourcade,34843,https://www.youtube.com/watch?v=IKmPci5VXz0,2
0x915edf0a04f5a40f:0x57dbfc76b4458ab3,"La Paz, La Paz Department, Bolivia",CITY,2026-03-11T14:02:53.857423+00:00,17,G:eqYatjRJLbI,No Voy a Llorar / Encantos De Mujer / Si Te Vas,El Cartel Q'mbiero,294742,https://www.youtube.com/watch?v=LdxGwFHSPuU,2
0x915edf8977bba295:0x1c9ec2bb0115edbf,Bolivia,COUNTRY,2026-03-11T14:04:04.755171+00:00,10,G:6bA35nWGOpU,Insuperable,Luis Vega,1554417,https://www.youtube.com/watch?v=B0ktT_n7oUg,3
0x915edf8977bba295:0x2499c9339f52b828,"La Paz Department, Bolivia",SUBCOUNTRY,2026-03-11T14:03:00.714060+00:00,17,G:eqYatjRJLbI,No Voy a Llorar / Encantos De Mujer / Si Te Vas,El Cartel Q'mbiero,504906,https://www.youtube.com/watch?v=LdxGwFHSPuU,2
0x9167f3e5361625b9:0x2a1629113760cbfc,"Juliaca, Puno, Peru",CITY,2026-03-11T15:24:06.189522+00:00,15,G:2QLU7EQ_e7o,Hasta la Raíz,Natalia Lafourcade,22416,https://www.youtube.com/watch?v=IKmPci5VXz0,2
0x916c52f4fed09ecd:0x623b0247474a0643,"Cusco, Peru",SUBCOUNTRY,2026-03-11T14:09:45.391392+00:00,20,G:F3G7KD230Dc,PARTIDO EN DOS,La Única Tropical,68782,https://www.youtube.com/watch?v=Y2Vnjmb2gFs,4
0x916dd5d826598431:0x2aa996cc2318315d,"Cusco, Cusco, Peru",CITY,2026-03-11T14:09:55.745449+00:00,20,G:F3G7KD230Dc,PARTIDO EN DOS,La Única Tropical,62884,https://www.youtube.com/watch?v=Y2Vnjmb2gFs,4
0x919f7aff513e1433:0x1e802c725fba4891,"Ucayali, Peru",SUBCOUNTRY,2026-03-11T14:18:55.708132+00:00,20,G:hfIoLM4qvu8,No Eres Único,Corazón Serrano,27912,https://www.youtube.com/watch?v=LVce-8YhEGs,4
0x91a3bcf3f2eb4461:0x49006298b594df43,"Pucallpa, Ucayali, Peru",CITY,2026-03-11T14:18:51.793174+00:00,20,G:hfIoLM4qvu8,No Eres Único,Corazón Serrano,25511,https://www.youtube.com/watch?v=LVce-8YhEGs,4
0x91a648c10080ef9d:0xd1ac9b9944d37262,"Huanuco, Peru",SUBCOUNTRY,2026-03-11T14:24:44.074119+00:00,12,G:qIxZ2my7X2Y,Lloraras Igual Que Yo,El Lobo y La Sociedad Privada,41318,https://www.youtube.com/watch?v=5a7zxoO0qfw,2
0x91a7c30abab7fe87:0xabd0c681ad7e5da0,"Huánuco, Huanuco, Peru",CITY,2026-03-11T14:24:45.141437+00:00,12,G:qIxZ2my7X2Y,Lloraras Igual Que Yo,El Lobo y La Sociedad Privada,18824,https://www.youtube.com/watch?v=5a7zxoO0qfw,2
0x91a968e71c2b62cf:0x9df6bbc58a7f9fae,"Ancash, Peru",SUBCOUNTRY,2026-03-11T14:15:37.699955+00:00,16,G:Th5_oEqfEEw,Ya Será Tarde / Te Extraño Tanto,Las Estrellas de la Cumbia,80005,https://www.youtube.com/watch?v=9RVW7g0ctS0,12
0x91ab8112708821bf:0x899a55147bf9f18d,"Chimbote, Ancash, Peru",CITY,2026-03-11T14:15:41.122670+00:00,17,G:8jXIMbuQlMQ,MIX LIZ GARAY 1,Liz Garay y Orquesta,22562,https://www.youtube.com/watch?v=GTRRxubt01M,11
0x91ad3d7fe3fae92d:0xd3bc7d125d4e8508,"Trujillo, La Libertad, Peru",CITY,2026-03-11T14:09:44.137828+00:00,16,G:VnEAiJIhu5s,El Telefono (En Vivo),Grupo 5,360957,https://www.youtube.com/watch?v=rxL1mwr5xhE,2
0x91af8123a4e50da3:0xc0af0e0d9beff07,"San Martin, Peru",SUBCOUNTRY,2026-03-11T15:25:43.751869+00:00,3,G:7fPEkpgjXic,Mix Ananau (Ritmo Bopachi / Ananau / Sin Ti),Explosión De Iquitos,78732,https://www.youtube.com/watch?v=uBZkubeYJNM,8
0x91b0a08d45de2063:0xdc027cb4043f446c,"Tarapoto, San Martin, Peru",CITY,2026-03-11T14:41:13.556633+00:00,2,G:7fPEkpgjXic,Mix Ananau (Ritmo Bopachi / Ananau / Sin Ti),Explosión De Iquitos,47209,https://www.youtube.com/watch?v=uBZkubeYJNM,8
0x91b25afd3fc7d087:0x12e59dbe562840d0,"Cajamarca, Peru",SUBCOUNTRY,2026-03-11T14:16:03.566057+00:00,7,G:JLrzxmn8lrY,Mix Jalqueñita (Tu Borracho Yo Borracha/Jalqueñita Decepcionada/Hija de Cunas Pobres/El Pacae),Ondazul,81811,https://www.youtube.com/watch?v=5yIjKGAiNtw,2
0x91b25afd3fc7d087:0xea80a2b94d876b2b,"Cajamarca, Cajamarca, Peru",CITY,2026-03-11T14:15:44.702375+00:00,3,G:JLrzxmn8lrY,Mix Jalqueñita (Tu Borracho Yo Borracha/Jalqueñita Decepcionada/Hija de Cunas Pobres/El Pacae),Ondazul,66484,https://www.youtube.com/watch?v=5yIjKGAiNtw,2
0x91c048c3e2ba524f:0x8b6a0d1dce7d9ad2,"Loreto, Peru",SUBCOUNTRY,2026-03-11T14:27:04.574764+00:00,11,G:LqTFKQlmV7c,DNA do Mato (Ao Vivo),"Zé Vaqueiro, Wesley Safadão, Nattan",57128,https://www.youtube.com/watch?v=EYKvaR7o6xM,2
0x91cb195f74212fe5:0xe7a649f8d1beb5dc,"Zamora Chinchipe, Ecuador",SUBCOUNTRY,2026-03-11T15:26:21.660965+00:00,10,G:H_HdZTdGXbg,No Me Digas Que No,Pipe Bueno,18968,https://www.youtube.com/watch?v=ounCk95-ctU,1
0x91cb480661b91d2d:0x8e12137cdc1eee09,"Loja, Loja, Ecuador",CITY,2026-03-11T14:22:58.527617+00:00,20,G:7SidFnUEcNY,Eres Mi Sueño,Fonseca,25282,https://www.youtube.com/watch?v=00QVU7voMq8,10
0x91cb4a95036349ad:0x6324776a69637d88,"Catamayo, Loja, Ecuador",CITY,2026-03-11T14:23:03.217021+00:00,13,G:qoWBCMlAsUE,Que Pensaras,JAIR,4224,https://www.youtube.com/watch?v=n2Bf_mATl8s,5
0x91ccded0cbfd12d5:0x153cd1a7d07447bd,"Azuay, Ecuador",SUBCOUNTRY,2026-03-11T14:05:13.476761+00:00,15,G:8qCxGuCUxE8,El Pajaro Carnavalero,Angel Guaraca,79775,https://www.youtube.com/watch?v=o4l2yZIjD0Y,4
0x91cd18095fc7e881:0xafd08fd090de6ff7,"Cuenca, Azuay, Ecuador",CITY,2026-03-11T14:05:14.262885+00:00,20,G:8qCxGuCUxE8,El Pajaro Carnavalero,Angel Guaraca,52815,https://www.youtube.com/watch?v=o4l2yZIjD0Y,4
0x91cde43e26ca8b87:0x8bbf03d44c722617,"Morona-Santiago, Ecuador",SUBCOUNTRY,2026-03-11T14:42:44.578368+00:00,20,G:d5bMel3cMsU,La Carretera,Prince Royce,14066,https://www.youtube.com/watch?v=OdaIbTUGmHM,1
0x91d2f198cb2f847f:0xadd62fa25ea950a3,"Chimborazo, Ecuador",SUBCOUNTRY,2026-03-11T14:14:25.494022+00:00,14,G:CAixLRycYTU,Enamorado Carnaval,Karina Caiza,49401,https://www.youtube.com/watch?v=dgc_jUoF-Jc,1
0x91d381a37fef551f:0x7a2dbc24d832161b,"Ambato, Tungurahua, Ecuador",CITY,2026-03-11T15:23:43.589381+00:00,19,G:-ox3zsPV5Sg,Una y Otra Vez,Manuel Medrano,36872,https://www.youtube.com/watch?v=QsRhHEIn0Nw,1
0x91d381a37fef551f:0x97d7199d468c4a07,"Tungurahua, Ecuador",SUBCOUNTRY,2026-03-11T14:15:29.310933+00:00,8,G:XqSywtHAXs4,Bajo El Agua,Manuel Medrano,79246,https://www.youtube.com/watch?v=zLX_GcXt2pI,2
0x91d3a8255b072981:0xcb8509cd0a3fdf99,"Riobamba, Chimborazo, Ecuador",CITY,2026-03-11T14:14:25.558727+00:00,1,G:ztqPuAdNfOg,Fresquito Carnaval,Angel Guaraca,67580,https://www.youtube.com/watch?v=255ngYG9F1c,2
0x91d546535730a17d:0xcef17541041b9f63,"Santo Domingo, Santo Domingo de los Tsachilas, Ecuador",CITY,2026-03-11T15:23:42.623926+00:00,19,G:cUrE-tOmoRQ,Mi Venganza,"Alzate, Yeison Jimenez",52810,https://www.youtube.com/watch?v=qZJzHnSHJg4,9
0x91d548f5313d0c21:0x9299edec397be292,"Santo Domingo de los Tsachilas, Ecuador",SUBCOUNTRY,2026-03-11T14:17:48.472537+00:00,19,G:cUrE-tOmoRQ,Mi Venganza,"Alzate, Yeison Jimenez",55446,https://www.youtube.com/watch?v=qZJzHnSHJg4,9
0x91d5708325efe437:0x94cead1b5e2aa19e,"Pichincha, Ecuador",SUBCOUNTRY,2026-03-11T14:05:12.321417+00:00,17,G:PYKeOoB_KMs,No Le Conviene,Kenny Die,464517,https://www.youtube.com/watch?v=D63B0-MelM4,2
0x91d59a4002427c9f:0x44b991e158ef5572,"Quito, Pichincha, Ecuador",CITY,2026-03-11T15:23:42.914922+00:00,16,G:PYKeOoB_KMs,No Le Conviene,Kenny Die,439020,https://www.youtube.com/watch?v=D63B0-MelM4,2
0x91d7bf8957499ded:0x5f81ed3f0e89154c,"Orellana, Ecuador",SUBCOUNTRY,2026-03-11T14:45:04.080459+00:00,17,G:cUrE-tOmoRQ,Mi Venganza,"Alzate, Yeison Jimenez",13915,https://www.youtube.com/watch?v=qZJzHnSHJg4,9
0x91ea10b0e440c1cb:0x9210b8d7040a6692,"Iquitos, Loreto, Peru",CITY,2026-03-11T14:27:06.623300+00:00,20,G:iL-j35leFU4,Mix Pandilla 2008 (D.R.) - Grupo Musical Explosión,Explosión De Iquitos,37479,https://www.youtube.com/watch?v=NhYEQKPrqhY,1
0x92183f5c8b1d6ed1:0x176d6af66b3c2efa,"State of Amazonas, Brazil",SUBCOUNTRY,2026-03-11T14:30:23.732667+00:00,18,G:tiHJ5fLRB70,Meu Jeito de Amar,Theuzinho,354755,https://www.youtube.com/watch?v=24Ca5PoINOE,3
0x92325b665998520b:0x75d0f25ad2c5198b,"Porto Velho, State of Rondônia, Brazil",CITY,2026-03-11T14:26:12.948889+00:00,14,G:2pzXdkCRylE,Noiadance,Noiadance Records,54370,https://www.youtube.com/watch?v=SqCl02SWtu4,1
0x92325cd96f516b57:0x733763d5340621dd,"State of Rondônia, Brazil",SUBCOUNTRY,2026-03-11T14:26:10.650106+00:00,20,G:g3vbTfj1S8I,Não Mexe nas Minhas Gavetas (Ao Vivo),Danilo e Davi,116546,https://www.youtube.com/watch?v=sp1ubzi3Yiw,4
0x926c1bc8b37647b7:0x2b485c9ff765a9cc,"Manaus, State of Amazonas, Brazil",CITY,2026-03-11T14:30:23.763982+00:00,15,G:tiHJ5fLRB70,Meu Jeito de Amar,Theuzinho,266468,https://www.youtube.com/watch?v=24Ca5PoINOE,3
0x9288f999ac2c0997:0x315ec83ee755f30a,"State of Pará, Brazil",SUBCOUNTRY,2026-03-11T15:23:54.257427+00:00,18,G:HsUqviQCqYY,Brega Funk dos Rosa (feat. Katlen & Leozinn),"Void, Robson Abreu, Emilly Vick",468591,https://www.youtube.com/watch?v=qgz-ydhRs4s,7
0x92a45fe447932a59:0xf3812b35573454d3,"Ananindeua, State of Pará, Brazil",CITY,2026-03-11T14:32:06.734651+00:00,20,G:DVK2jGzs44Y,Santo Pra Sempre (Ao Vivo),Fernandinho,25532,https://www.youtube.com/watch?v=u2FOGNSJfX8,1
0x92a461af84756ce1:0x570d540215864c35,"Belém, State of Pará, Brazil",CITY,2026-03-11T15:23:52.414916+00:00,17,G:gbCzZRzAjc8,Se Eu Não Te Ouvir (Ao Vivo),Sarah Farias,104099,https://www.youtube.com/watch?v=KXJpP0jd9Lk,3
0x92c55fa57838978f:0x9b2552d5a3c79685,"Imperatriz, State of Maranhão, Brazil",CITY,2026-03-11T15:23:54.733931+00:00,12,G:XHgOzgAVkNc,Seja Ex (Ao Vivo),Henrique & Juliano,50076,https://www.youtube.com/watch?v=-ovQ3j_LG_c,4
0x92d90dde5d8c4ffb:0x4a30e815e64dc4fc,"Araguaína, State of Tocantins, Brazil",CITY,2026-03-11T14:14:28.797098+00:00,20,G:zPykGBLVc5g,Dona Do Garimpo,"Marcello Neto, Evoney Fernandes",23015,https://www.youtube.com/watch?v=-J0MMM0pu9M,2
0x9323501f52b13997:0xe3d4866245cc396c,"State of Tocantins, Brazil",SUBCOUNTRY,2026-03-11T14:14:24.260865+00:00,20,G:J3urMP85sUA,Última Saudade (Ao Vivo),Henrique & Juliano,118298,https://www.youtube.com/watch?v=9Vt4XguN2-A,1
0x933b3439911f1257:0x93b8070d05c818f,"Palmas, State of Tocantins, Brazil",CITY,2026-03-11T14:14:27.994240+00:00,10,G:zPykGBLVc5g,Dona Do Garimpo,"Marcello Neto, Evoney Fernandes",72287,https://www.youtube.com/watch?v=-J0MMM0pu9M,2
0x93590b624a7f157:0xa0ac02f5c7b3c4f2,"Praia, Cabo Verde",SUBCOUNTRY,2026-03-11T15:25:44.578230+00:00,5,G:lNCRM8Z824o,Maior Presente,Sixmtwo,61393,https://www.youtube.com/watch?v=7GHc7TQHK5Y,2
0x9359823fe2633e47:0x6705012ead5650af,"Novo Gama, State of Goiás, Brazil",CITY,2026-03-11T14:18:45.429530+00:00,18,G:jn0b_6GKVbc,Peraí (Ao Vivo),"João Bosco e Gabriel, Rafael Quadros, CDB",31648,https://www.youtube.com/watch?v=Cn96n9T0UGQ,10
0x93598fd1c73f0bb:0x76009dcdcb829a2,"Praia, Praia, Cabo Verde",CITY,2026-03-11T14:47:53.900934+00:00,5,G:lNCRM8Z824o,Maior Presente,Sixmtwo,61265,https://www.youtube.com/watch?v=7GHc7TQHK5Y,2
0x935a3af2108804d7:0x3eba2390c9145056,"Federal District, Brazil",SUBCOUNTRY,2026-03-11T14:54:58.529315+00:00,12,G:AN-_NXLoXW4,Nem Pagando,"Henrique Casttro, Grupo Menos É Mais",422173,https://www.youtube.com/watch?v=LH-cp_ssmXQ,28
0x935a3d18df9ae275:0x738470e469754a24,"Brasília, Federal District, Brazil",CITY,2026-03-11T14:03:32.167404+00:00,12,G:AN-_NXLoXW4,Nem Pagando,"Henrique Casttro, Grupo Menos É Mais",338634,https://www.youtube.com/watch?v=LH-cp_ssmXQ,28
0x935cc2276d782619:0xff8315381fb2a495,"Goianésia, State of Goiás, Brazil",CITY,2026-03-11T14:36:55.543413+00:00,11,G:u_VAWi6QWv8,Refrão Chiclete,"Banda Tome Ai, Kamisa 10",10424,https://www.youtube.com/watch?v=tSX70MHrrso,1
0x935db96386b920f5:0x8c6d8f8cd8cf0d3,"State of Goiás, Brazil",SUBCOUNTRY,2026-03-11T14:18:48.288777+00:00,1,G:jn0b_6GKVbc,Peraí (Ao Vivo),"João Bosco e Gabriel, Rafael Quadros, CDB",2197315,https://www.youtube.com/watch?v=Cn96n9T0UGQ,10
0x935ea462bcef4687:0xcffa52b54537af5a,"Anápolis, State of Goiás, Brazil",CITY,2026-03-11T14:18:51.733789+00:00,18,G:rDwqwcNbLIA,7 Gramas,BISON E COMASSETTO,47362,https://www.youtube.com/watch?v=1lgcUfye6DQ,7
0x935ef6bd58d80867:0xef692bad20d2678e,"Goiânia, State of Goiás, Brazil",CITY,2026-03-11T14:18:46.132371+00:00,10,G:xJI5DMRTLMA,90/10 (Ao Vivo em São Paulo),Maiara & Maraisa,396035,https://www.youtube.com/watch?v=g5qvb2zxAFQ,1
0x9361db7d2c321dc1:0xe7ac78da77d5dc69,"Rio Verde, State of Goiás, Brazil",CITY,2026-03-11T14:18:47.201655+00:00,5,G:M1Qpd41pvY8,Te Perdi Pros Paredão (Ao Vivo),"Mayke, Kaique e Felipe",46029,https://www.youtube.com/watch?v=ZwTeaAa3XWo,4
0x9379c8415a99e261:0x68c26f5b554d755c,"Rondonópolis, State of Mato Grosso, Brazil",CITY,2026-03-11T14:30:57.915155+00:00,18,G:jnOMedSKM3c,Se Zé Rico Estivesse Vivo,BISON E COMASSETTO,31624,https://www.youtube.com/watch?v=drrfJ-VYsr4,4
0x9392b824e167b801:0xc86349363f40ef2c,"Santa Cruz Department, Bolivia",SUBCOUNTRY,2026-03-11T14:02:59.830093+00:00,4,G:KCnZy3g-Ups,Caprichito (En Vivo),"Nico Hernández, Luis Vega",1051653,https://www.youtube.com/watch?v=daZokZ8JAnQ,3
0x939da56670d84fc5:0x4e504e08900e510e,"Cuiabá, State of Mato Grosso, Brazil",CITY,2026-03-11T14:30:59.353023+00:00,20,G:C4fSCbIO7dw,Baqueado (Ao Vivo),"Panda, Ícaro e Gilmar",100001,https://www.youtube.com/watch?v=imPS7DMbx0Q,10
0x939dadb18cb64935:0xfbb74bb1fac6cf4c,"Várzea Grande, State of Mato Grosso, Brazil",CITY,2026-03-11T14:31:00.660022+00:00,14,G:jnOMedSKM3c,Se Zé Rico Estivesse Vivo,BISON E COMASSETTO,37590,https://www.youtube.com/watch?v=drrfJ-VYsr4,4
0x939db1e748370319:0xc66268e27d2181fb,"State of Mato Grosso, Brazil",SUBCOUNTRY,2026-03-11T14:30:59.301459+00:00,14,G:jnOMedSKM3c,Se Zé Rico Estivesse Vivo,BISON E COMASSETTO,458618,https://www.youtube.com/watch?v=drrfJ-VYsr4,4
0x93a77fe80bc27573:0x1207800617733e83,"Sinop, State of Mato Grosso, Brazil",CITY,2026-03-11T14:31:05.141341+00:00,20,G:dSjWhhczazY,Tá Doendo Tá,Israel Novaes,26076,https://www.youtube.com/watch?v=2gpQCu20A00,1
0x93b96a3d95d57afb:0xe7e64066c42d0702,"Vilhena, State of Rondônia, Brazil",CITY,2026-03-11T14:26:11.174754+00:00,19,G:3Iu3oRut6vk,Saudade Estranha (Ao Vivo),Murilo Huff,7047,https://www.youtube.com/watch?v=5m1ysywXMgE,1
0x93e2b0a1fdff86f5:0xfe586e79566dead5,"Oruro, Oruro Department, Bolivia",CITY,2026-03-11T14:03:09.498827+00:00,20,G:lOTvgyFM89g,Amor Añejo,Sangre Cumbiera,45551,https://www.youtube.com/watch?v=pHygevxRD_4,2
0x93e373e0d9e4ab27:0xa2719ae9532c3e65,"Cochabamba, Cochabamba Department, Bolivia",CITY,2026-03-11T14:02:58.218909+00:00,2,G:NFoi9uHAX5M,Solo estoy mejor,Chencho Corleone,560755,https://www.youtube.com/watch?v=261Orq8rpJ8,8
0x93e37473223c3a0f:0x3c9e2eaf38f2c366,"Cochabamba Department, Bolivia",SUBCOUNTRY,2026-03-11T14:03:05.570593+00:00,2,G:NFoi9uHAX5M,Solo estoy mejor,Chencho Corleone,677991,https://www.youtube.com/watch?v=261Orq8rpJ8,8
0x93f1e81ca7c01a63:0x5c8b0a53a467611b,"Santa Cruz de la Sierra, Santa Cruz Department, Bolivia",CITY,2026-03-11T14:02:48.779609+00:00,4,G:KCnZy3g-Ups,Caprichito (En Vivo),"Nico Hernández, Luis Vega",954165,https://www.youtube.com/watch?v=daZokZ8JAnQ,3
0x93f94e0e72e5d423:0xaae8f4290ef1f4e8,"Potosi, Potosi Department, Bolivia",CITY,2026-03-11T14:03:13.619456+00:00,13,G:9d9nFM98vSQ,Volver A Empezar,Simón León,36306,https://www.youtube.com/watch?v=u78LCOHgdpk,3
0x93f94e741a2496fd:0x2371e5cb2ed1e74c,"Potosi Department, Bolivia",SUBCOUNTRY,2026-03-11T14:02:59.666777+00:00,15,G:9d9nFM98vSQ,Volver A Empezar,Simón León,57783,https://www.youtube.com/watch?v=u78LCOHgdpk,3
0x9404a1f6e75c0087:0x815e91b230ce4e79,"Jujuy Province, Argentina",SUBCOUNTRY,2026-03-11T14:29:36.960018+00:00,13,G:pLTZLkxbJ_I,Jujuy Estrellado,Cazzu,72236,https://www.youtube.com/watch?v=qskc0BCkFwU,2
0x9406380bee269fbf:0xf8c9771ffb09d1c3,"Tarija, Tarija Department, Bolivia",CITY,2026-03-11T14:03:10.573698+00:00,7,G:LhydKglTMbg,Corazón De Miel,Santiago Cueto,45371,https://www.youtube.com/watch?v=JNjb579wR9Q,2
0x94064809cb16f57f:0x4b4d6deac203d84f,"Tarija Department, Bolivia",SUBCOUNTRY,2026-03-11T14:03:01.659518+00:00,6,G:LhydKglTMbg,Corazón De Miel,Santiago Cueto,62455,https://www.youtube.com/watch?v=JNjb579wR9Q,2
0x941b0d2938ead0c7:0x8b4a1bd1f6c37998,"Salta Province, Argentina",SUBCOUNTRY,2026-03-11T15:24:22.845337+00:00,17,G:cjVY1R3E1tA,Rocha (Remix),"Gonzalo Nawel, Dvann",119084,https://www.youtube.com/watch?v=fADJLmidraw,20
0x941b0f4e8bd7a62f:0x315150e057f6e499,"San Salvador de Jujuy, Jujuy Province, Argentina",CITY,2026-03-11T14:25:57.056918+00:00,18,G:zZJ3i0tQYkM,El Divorcio,Goat urban session,36139,https://www.youtube.com/watch?v=ugsP3w75EtY,1
0x941bc3a35151b7f9:0xa5cd992cd587f206,"Salta, Salta Province, Argentina",CITY,2026-03-11T14:01:06.960804+00:00,16,G:cjVY1R3E1tA,Rocha (Remix),"Gonzalo Nawel, Dvann",77852,https://www.youtube.com/watch?v=fADJLmidraw,20
0x94205dc5020ad4bd:0x3257c3237d6cc2dc,"Catamarca Province, Argentina",SUBCOUNTRY,2026-03-11T14:28:54.604676+00:00,19,G:ynAjaIhiykk,Me voy / Ya me enteré (En Vivo),Los Herrera,50188,https://www.youtube.com/watch?v=65WuVh7cga0,5
0x94223792d6c56903:0xf88d5b92b5c56527,"San Miguel de Tucumán, Tucumán Province, Argentina",CITY,2026-03-11T14:00:59.423174+00:00,9,G:ucvPi3NDGCg,Señor Amante - Que Mal Elegiste (En Vivo) (feat. Angela Leiva & La banda de Carlitos),Eugenia Quevedo,119546,https://www.youtube.com/watch?v=xfq4xgjIhEo,11
0x942245e9a8094c59:0xe9c2852a1c5d0cfd,"Tucumán Province, Argentina",SUBCOUNTRY,2026-03-11T15:23:23.683873+00:00,9,G:ucvPi3NDGCg,Señor Amante - Que Mal Elegiste (En Vivo) (feat. Angela Leiva & La banda de Carlitos),Eugenia Quevedo,214208,https://www.youtube.com/watch?v=xfq4xgjIhEo,11
0x942428bf1d0f9fcd:0x7e1edd4b1609861a,"Catamarca, Catamarca Province, Argentina",CITY,2026-03-11T15:24:12.439273+00:00,16,G:ynAjaIhiykk,Me voy / Ya me enteré (En Vivo),Los Herrera,33149,https://www.youtube.com/watch?v=65WuVh7cga0,5
0x9425a84f49ae19cf:0xe23b1c64d3a49ba5,"Santiago del Estero Province, Argentina",SUBCOUNTRY,2026-03-11T14:16:46.648571+00:00,19,G:LSR5yyzEfsI,Te Juro Que Te Amo,Alejandro Veliz,66797,https://www.youtube.com/watch?v=M8v1RYFTOFI,1
0x9427d9873396f7e5:0x3e1c9c348972c7ca,"La Rioja, La Rioja Province, Argentina",CITY,2026-03-11T14:18:45.557408+00:00,14,G:ynAjaIhiykk,Me voy / Ya me enteré (En Vivo),Los Herrera,39584,https://www.youtube.com/watch?v=65WuVh7cga0,5
0x942805ffc2fdfc9b:0xb7c177a5045d7360,"La Rioja Province, Argentina",SUBCOUNTRY,2026-03-11T15:24:26.149628+00:00,15,G:ynAjaIhiykk,Me voy / Ya me enteré (En Vivo),Los Herrera,64277,https://www.youtube.com/watch?v=65WuVh7cga0,5
0x942cd4a109dac635:0xe72d300f810e899e,"Córdoba Province, Argentina",SUBCOUNTRY,2026-03-11T15:23:22.828142+00:00,20,G:K47sumceYao,Lamentablemente (En Vivo),"Ulises Bueno, DesaKTa2",542332,https://www.youtube.com/watch?v=KczLLSIB7i0,7
0x942d6640d6777c71:0x75c24ab6cb121bed,"Villa Carlos Paz, Córdoba Province, Argentina",CITY,2026-03-11T14:24:50.380921+00:00,17,G:CuMFGPMxhto,Monaco,DesaKTa2,14372,https://www.youtube.com/watch?v=OofkFIcvrGU,15
0x9432985f478f5b69:0xb0a24f9a5366b092,"Córdoba, Córdoba Province, Argentina",CITY,2026-03-11T14:00:58.663418+00:00,18,G:K47sumceYao,Lamentablemente (En Vivo),"Ulises Bueno, DesaKTa2",242763,https://www.youtube.com/watch?v=KczLLSIB7i0,7
0x943b526adf33f96b:0x9a9d18ed7764c8d6,"Santiago del Estero, Santiago del Estero Province, Argentina",CITY,2026-03-11T14:16:42.299848+00:00,11,G:d_IJG67B50I,Nunca Lo Olvides,Airbag,37923,https://www.youtube.com/watch?v=ue0RP3C1Brg,11
0x9440effae3c87247:0x4eaf96c0979eec95,"Chaco Province, Argentina",SUBCOUNTRY,2026-03-11T14:30:55.474509+00:00,16,G:J4iD3iG6TJI,Enemigos,"Marama, The La Planta, Valen",128558,https://www.youtube.com/watch?v=NzIVXFdz2Mk,41
0x94450c62a6f5f70b:0xf03ac86511c2cd6d,"Resistencia, Chaco Province, Argentina",CITY,2026-03-11T14:30:55.429786+00:00,17,G:x8x-86G7AHc,Cuidado Que Te Supero,Sharon y los Camperos del Chamamé,49833,https://www.youtube.com/watch?v=WU86UDjV_qI,42
0x94456b79d5bed36b:0xfa999f1ef3b40646,"Corrientes, Corrientes Province, Argentina",CITY,2026-03-11T14:29:39.234668+00:00,19,G:J4iD3iG6TJI,Enemigos,"Marama, The La Planta, Valen",51995,https://www.youtube.com/watch?v=NzIVXFdz2Mk,41
0x944ac01eb26c186f:0x8e3e4e20675a3bbc,"Santa Fe Province, Argentina",SUBCOUNTRY,2026-03-11T14:01:56.876256+00:00,16,G:OAfRlyJ871A,No Se Ve / Chingon,DesaKTa2,375059,https://www.youtube.com/watch?v=isTEKg4S_WE,37
0x944c8bac9250a9b3:0x8b73833857e37d0d,"Corrientes Province, Argentina",SUBCOUNTRY,2026-03-11T14:29:39.619518+00:00,13,G:J4iD3iG6TJI,Enemigos,"Marama, The La Planta, Valen",121303,https://www.youtube.com/watch?v=NzIVXFdz2Mk,41
0x94535b163a1e867f:0x57e5d470593d67f4,"Uruguaiana, State of Rio Grande do Sul, Brazil",CITY,2026-03-11T14:51:40.800517+00:00,10,G:dd9LY6_a7sk,Vagabundo,"Gusttavo Lima, Luis Fonsi",12993,https://www.youtube.com/watch?v=aaLYhwadeE0,6
0x9457be7f080496c3:0xccbff374623e7b9a,"Posadas, Misiones Province, Argentina",CITY,2026-03-11T14:25:56.155161+00:00,14,G:ZtI9-DppfsE,Até Quebrar a Cama 2.0,"cjnobeat, Mc Morena, MC GW",42489,https://www.youtube.com/watch?v=sRc1Fh0y3ZI,38
0x945c083490f13d63:0xb3faff611d582ef3,Paraguay,COUNTRY,2026-03-11T14:09:49.212393+00:00,7,G:xLP3NCCVsXM,1000 SHORTIES,Jossef,981265,https://www.youtube.com/watch?v=2FjZkxwwfDQ,3
0x945ca5e488cf4f05:0xbcaebe65a1bae72,"Formosa, Formosa Province, Argentina",CITY,2026-03-11T14:12:41.732026+00:00,7,G:x8x-86G7AHc,Cuidado Que Te Supero,Sharon y los Camperos del Chamamé,44219,https://www.youtube.com/watch?v=WU86UDjV_qI,42
0x945da7d2124889bf:0xb8074d4603517366,"Asunción, Paraguay",SUBCOUNTRY,2026-03-11T14:09:39.637293+00:00,18,G:YJ_pTEJPS9I,Recordaras Que Te Amo(Live),La Revancha,123124,https://www.youtube.com/watch?v=IHx4COcn2CA,1
0x945da8076e69dbf5:0xaceb7a46bf1936c9,"Asunción, Paraguay",CITY,2026-03-11T14:09:35.532979+00:00,9,G:z6qaTMnQmMU,El Moñito Azul,La Sonora Dinamita,235696,https://www.youtube.com/watch?v=WCuWcuRjElk,2
0x94669d6536f5c1ad:0xa9fca55bcc451dec,"Concepcion, PY",SUBCOUNTRY,2026-03-11T14:56:44.317189+00:00,19,G:80o5isUakZE,"Chora, Me Liga",João Bosco & Vinícius,6561,https://www.youtube.com/watch?v=PMJlGNNlItM,1
0x946a2cbe5ef40ca7:0xa0b446aec55c5d44,"Formosa Province, Argentina",SUBCOUNTRY,2026-03-11T14:12:45.633848+00:00,20,G:ZtI9-DppfsE,Até Quebrar a Cama 2.0,"cjnobeat, Mc Morena, MC GW",46767,https://www.youtube.com/watch?v=sRc1Fh0y3ZI,38
0x947e91dbe29f7383:0x351cd8e9695410ac,"State of Mato Grosso do Sul, Brazil",SUBCOUNTRY,2026-03-11T14:19:30.857594+00:00,17,G:GyfbBvGsZwE,Amor Selvagem / Ela É Demais (Ao Vivo),"Borges & Dedeu, MJ Records, Ícaro e Gilmar",305578,https://www.youtube.com/watch?v=bNDHaspwfIg,11
0x9486e6726b2b9f27:0xf5a8469ebc84d2c1,"Campo Grande, State of Mato Grosso do Sul, Brazil",CITY,2026-03-11T14:19:28.869000+00:00,5,G:J_xV27mOTj0,Por Causa De Você (Ao Vivo),João Neto & Frederico,221304,https://www.youtube.com/watch?v=tgz_vaPTxFY,25
0x9489a825ba544f99:0xd96ef82be62edddc,"Dourados, State of Mato Grosso do Sul, Brazil",CITY,2026-03-11T14:19:30.307587+00:00,19,G:rDwqwcNbLIA,7 Gramas,BISON E COMASSETTO,27689,https://www.youtube.com/watch?v=1lgcUfye6DQ,7
0x94909866a1f06f3d:0xeb11fc7873829cf9,"Três Lagoas, State of Mato Grosso do Sul, Brazil",CITY,2026-03-11T14:19:32.647726+00:00,18,G:rDwqwcNbLIA,7 Gramas,BISON E COMASSETTO,16444,https://www.youtube.com/watch?v=1lgcUfye6DQ,7
0x9495399f08410cd5:0x3f91030bb8aa3d37,"Assis, State of São Paulo, Brazil",CITY,2026-03-11T14:32:17.542225+00:00,18,G:I598W87NSc8,Semi Nua (feat. MC Ryan SP & Mc Negão Original),"MC GP, MC MENO K, Aaron Modesto, MC RN do Capão, DU'L, MC Rick, DJ Guh Mix, Marquinho No Beat",9158,https://www.youtube.com/watch?v=cthaSw4VK3A,59
0x9496015d7b570b85:0x3182424a357ac901,"Penápolis, State of São Paulo, Brazil",CITY,2026-03-11T14:45:37.725751+00:00,20,G:O3dZFb8B5C4,Ignora (Ao Vivo),Felipe & Rodrigo,6101,https://www.youtube.com/watch?v=y15gPbntaLE,18
0x949614dbc17ff293:0x17db7a678a4bf9ad,"Birigui, State of São Paulo, Brazil",CITY,2026-03-11T14:33:13.826622+00:00,20,G:PXdeZR4JaAc,Tudo É Perda (Ao Vivo),Felipe Rodrigues,11690,https://www.youtube.com/watch?v=qxzQR5uwWsk,19
0x949644777aaaf101:0xe8b1a2cfce0a1d27,"Araçatuba, State of São Paulo, Brazil",CITY,2026-03-11T14:32:11.730454+00:00,10,G:tS9sjaeX_5s,Rainha do Rodeio (Ao Vivo),Tom e Leo,20230,https://www.youtube.com/watch?v=UPGLyIVZ_nU,2
0x94a4450c10bbbaef:0xae370c93616d5c9c,"Uberlândia, State of Minas Gerais, Brazil",CITY,2026-03-11T14:20:28.772229+00:00,17,G:M1Qpd41pvY8,Te Perdi Pros Paredão (Ao Vivo),"Mayke, Kaique e Felipe",111229,https://www.youtube.com/watch?v=ZwTeaAa3XWo,4
0x94a6666de91c2deb:0xe4ac11d6f01e3f68,"Catalão, State of Goiás, Brazil",CITY,2026-03-11T14:18:47.502080+00:00,18,G:rDwqwcNbLIA,7 Gramas,BISON E COMASSETTO,14719,https://www.youtube.com/watch?v=1lgcUfye6DQ,7
0x94a736c10eb85f6b:0xb12b7b2d6ed28e1,"Caldas Novas, State of Goiás, Brazil",CITY,2026-03-11T14:18:48.240142+00:00,1,G:jn0b_6GKVbc,Peraí (Ao Vivo),"João Bosco e Gabriel, Rafael Quadros, CDB",32377,https://www.youtube.com/watch?v=Cn96n9T0UGQ,10
0x94b0a9b35dc60831:0x68b8558a69681462,"Franca, State of São Paulo, Brazil",CITY,2026-03-11T14:36:24.178829+00:00,18,G:C4fSCbIO7dw,Baqueado (Ao Vivo),"Panda, Ícaro e Gilmar",35696,https://www.youtube.com/watch?v=imPS7DMbx0Q,10
0x94b5f433c6140beb:0xbc2ca390b524e1,"Alfenas, State of Minas Gerais, Brazil",CITY,2026-03-11T14:32:01.726314+00:00,17,G:tYnO3l45adw,Escravos da Vaidade (Ao Vivo),Humberto & Ronaldo,9751,https://www.youtube.com/watch?v=tgLvNRhjaKs,54
0x94b6c3b51bc0dabf:0x8e4ec776339fd64d,"Passos, State of Minas Gerais, Brazil",CITY,2026-03-11T14:45:35.880578+00:00,19,G:UK1MxkNA3_g,Porcelanato (Ao Vivo),"Panda, MJ Records",11393,https://www.youtube.com/watch?v=Ne0hGXnaIY0,52
0x94b8e02a0425d84f:0xb2366b3c66156680,"Matão, State of São Paulo, Brazil",CITY,2026-03-11T14:41:14.392341+00:00,19,G:I598W87NSc8,Semi Nua (feat. MC Ryan SP & Mc Negão Original),"MC GP, MC MENO K, Aaron Modesto, MC RN do Capão, DU'L, MC Rick, DJ Guh Mix, Marquinho No Beat",5095,https://www.youtube.com/watch?v=cthaSw4VK3A,59
0x94b8f15fecb7508b:0xbdaebe35da49b086,"Araraquara, State of São Paulo, Brazil",CITY,2026-03-11T14:32:12.492042+00:00,14,G:I598W87NSc8,Semi Nua (feat. MC Ryan SP & Mc Negão Original),"MC GP, MC MENO K, Aaron Modesto, MC RN do Capão, DU'L, MC Rick, DJ Guh Mix, Marquinho No Beat",23997,https://www.youtube.com/watch?v=cthaSw4VK3A,59
0x94b9bf1d68acc21d:0x37b8ee0abedeea39,"Ribeirao Preto, State of São Paulo, Brazil",CITY,2026-03-11T14:24:27.886393+00:00,16,G:XmOqCVd2APQ,Maloqueira E Patricinha (Ao Vivo),João Gustavo e Murilo,92300,https://www.youtube.com/watch?v=Qpw_KrqsZts,1
0x94bad03162627637:0x8e83d9edb0f8e15c,"Uberaba, State of Minas Gerais, Brazil",CITY,2026-03-11T14:51:34.623830+00:00,9,G:M1Qpd41pvY8,Te Perdi Pros Paredão (Ao Vivo),"Mayke, Kaique e Felipe",55253,https://www.youtube.com/watch?v=ZwTeaAa3XWo,4
0x94bc1e6b7f228597:0x2af440e5dd0adb6e,"Catanduva, State of São Paulo, Brazil",CITY,2026-03-11T14:35:18.146099+00:00,19,G:UK1MxkNA3_g,Porcelanato (Ao Vivo),"Panda, MJ Records",13977,https://www.youtube.com/watch?v=Ne0hGXnaIY0,52
0x94bdad614c2df789:0x8f2fb0f070642c09,"São José do Rio Preto, State of São Paulo, Brazil",CITY,2026-03-11T14:24:26.908405+00:00,17,G:ZbzJ8YAzpz4,Congela,Pedro Henrique e João Victor,77659,https://www.youtube.com/watch?v=A6YtJsPsGNo,1
0x94bf689c0ddaa221:0x251c368f6fa134a0,"Bauru, State of São Paulo, Brazil",CITY,2026-03-11T14:32:55.268045+00:00,18,G:tS9sjaeX_5s,Rainha do Rodeio (Ao Vivo),Tom e Leo,40861,https://www.youtube.com/watch?v=UPGLyIVZ_nU,2
0x94c126856d15e979:0xfc2fd0b3d0b3f78,"Avaré, State of São Paulo, Brazil",CITY,2026-03-11T14:32:36.933443+00:00,3,G:t-WbDvruQ9I,Bilionário,Christian & Cristiano,29818,https://www.youtube.com/watch?v=FclgdNwffQY,7
0x94c5d85d684d6c69:0x9b69b0dd15b43d0a,"Tatuí, State of São Paulo, Brazil",CITY,2026-03-11T15:26:07.218806+00:00,18,G:ZSvyKP7_mwk,"Sofrimento Equilibrado (Conexão, Ao Vivo)",Maurício e Eduardo,10899,https://www.youtube.com/watch?v=Nh5IxzGE9WY,24
0x94c5f54bcad87989:0x4a9099fb9d10cb8e,"Sorocaba, State of São Paulo, Brazil",CITY,2026-03-11T14:24:27.870715+00:00,3,G:t-WbDvruQ9I,Bilionário,Christian & Cristiano,156740,https://www.youtube.com/watch?v=FclgdNwffQY,7
0x94c631c14f4c9d3b:0x270ec30013dc341c,"Piracicaba, State of São Paulo, Brazil",CITY,2026-03-11T14:46:23.927719+00:00,20,G:ts6T5O--h7M,Coração Partido (Corazón Partío) (Ao Vivo),Grupo Menos É Mais,24069,https://www.youtube.com/watch?v=n5wxZ_OBUXk,26
0x94c7260edd4e582b:0x798fe74168f8d19b,"Botucatu, State of São Paulo, Brazil",CITY,2026-03-11T14:33:53.337656+00:00,16,G:ZmaQ8M-w3Y0,ME POSTOU NO DAILY - FESTA DO BIG G,"MC GP, MC Lele JP, DJ DAVI DOGDOG, DJ ANDRABEAT",14244,https://www.youtube.com/watch?v=hQskOv9b_kg,59
0x94c7580297897717:0x2014cdea99a6a82e,"Jaú, State of São Paulo, Brazil",CITY,2026-03-11T14:39:10.893619+00:00,16,G:I598W87NSc8,Semi Nua (feat. MC Ryan SP & Mc Negão Original),"MC GP, MC MENO K, Aaron Modesto, MC RN do Capão, DU'L, MC Rick, DJ Guh Mix, Marquinho No Beat",10054,https://www.youtube.com/watch?v=cthaSw4VK3A,59
0x94c7dba833b7ed7d:0xeff01d8a3c639a61,"Rio Claro, State of São Paulo, Brazil",CITY,2026-03-11T15:25:52.674797+00:00,1,G:qmC-C3Fvnz0,Zezé No Fone,Douglas Junior,84980,https://www.youtube.com/watch?v=G3CksEYz3WA,2
0x94c80b7713b22f0f:0x41b5d305ee09d98c,"Leme, State of São Paulo, Brazil",CITY,2026-03-11T14:40:06.693249+00:00,17,G:I598W87NSc8,Semi Nua (feat. MC Ryan SP & Mc Negão Original),"MC GP, MC MENO K, Aaron Modesto, MC RN do Capão, DU'L, MC Rick, DJ Guh Mix, Marquinho No Beat",7784,https://www.youtube.com/watch?v=cthaSw4VK3A,59
0x94c870cc12a095e9:0x888552ad0cb59b45,"Araras, State of São Paulo, Brazil",CITY,2026-03-11T14:32:12.826685+00:00,16,G:I598W87NSc8,Semi Nua (feat. MC Ryan SP & Mc Negão Original),"MC GP, MC MENO K, Aaron Modesto, MC RN do Capão, DU'L, MC Rick, DJ Guh Mix, Marquinho No Beat",10119,https://www.youtube.com/watch?v=cthaSw4VK3A,59
0x94c89d97dedd345f:0xfa0858713f645375,"Santa Bárbara d'Oeste, State of São Paulo, Brazil",CITY,2026-03-11T14:48:58.295398+00:00,16,G:I598W87NSc8,Semi Nua (feat. MC Ryan SP & Mc Negão Original),"MC GP, MC MENO K, Aaron Modesto, MC RN do Capão, DU'L, MC Rick, DJ Guh Mix, Marquinho No Beat",11875,https://www.youtube.com/watch?v=cthaSw4VK3A,59
0x94c8b95bfb508f39:0x1ce857c1058169b4,"Hortolândia, State of São Paulo, Brazil",CITY,2026-03-11T14:38:11.186423+00:00,12,G:I598W87NSc8,Semi Nua (feat. MC Ryan SP & Mc Negão Original),"MC GP, MC MENO K, Aaron Modesto, MC RN do Capão, DU'L, MC Rick, DJ Guh Mix, Marquinho No Beat",29598,https://www.youtube.com/watch?v=cthaSw4VK3A,59
0x94c8bcfd64c3182d:0x8e575af90f766b31,"Sumaré, State of São Paulo, Brazil",CITY,2026-03-11T14:50:24.319561+00:00,5,G:rWLO1ZHy0SQ,Quarto 67 - Ao Vivo,"Guilherme & Benuto, Luan Santana",76700,https://www.youtube.com/watch?v=CqNuHIxUoFo,11
0x94c8c61de74b6325:0x17e53a6a2178c22a,"Campinas, State of São Paulo, Brazil",CITY,2026-03-11T14:24:21.460511+00:00,15,G:PHLRh6_HLJ8,Amo Minha Favela,"DJ Japa NK, MC MENO K",284187,https://www.youtube.com/watch?v=xVxFGVNJvdY,14
0x94cadce0fb6a859b:0x47c64fc358af46a5,"Três Corações, State of Minas Gerais, Brazil",CITY,2026-03-11T15:26:15.658105+00:00,20,G:tYnO3l45adw,Escravos da Vaidade (Ao Vivo),Humberto & Ronaldo,5491,https://www.youtube.com/watch?v=tgLvNRhjaKs,54
0x94cb638240ee9d05:0x9c782630346ca79d,"Itajubá, State of Minas Gerais, Brazil",CITY,2026-03-11T14:38:59.004293+00:00,20,G:AxvImpnBo5w,"Munhoz e Mariano, Panda - Bebum / Respeita as Moda (Ao Vivo)",Munhoz & Mariano,7977,https://www.youtube.com/watch?v=kzErEPdHdiQ,10
0x94cc4bb3858cc2e7:0xba25a33168f8c1,"São José dos Campos, State of São Paulo, Brazil",CITY,2026-03-11T14:49:16.278286+00:00,20,G:ts6T5O--h7M,Coração Partido (Corazón Partío) (Ao Vivo),Grupo Menos É Mais,40984,https://www.youtube.com/watch?v=n5wxZ_OBUXk,26
0x94cc516de4e6e1a3:0x6544283198cf070f,"Caçapava, State of São Paulo, Brazil",CITY,2026-03-11T14:34:52.289146+00:00,19,G:ts6T5O--h7M,Coração Partido (Corazón Partío) (Ao Vivo),Grupo Menos É Mais,5170,https://www.youtube.com/watch?v=n5wxZ_OBUXk,26
0x94ccc9201d468adf:0xc9ce9c4b4546c622,"Lorena, State of São Paulo, Brazil",CITY,2026-03-11T14:40:18.836405+00:00,19,G:PHLRh6_HLJ8,Amo Minha Favela,"DJ Japa NK, MC MENO K",6871,https://www.youtube.com/watch?v=xVxFGVNJvdY,14
0x94ccf8ea3cf365e7:0xe826950860bd7f50,"Taubaté, State of São Paulo, Brazil",CITY,2026-03-11T15:26:07.110516+00:00,20,G:ts6T5O--h7M,Coração Partido (Corazón Partío) (Ao Vivo),Grupo Menos É Mais,18876,https://www.youtube.com/watch?v=n5wxZ_OBUXk,26
0x94cdcccd1a1b762b:0xd7feb2aaeb4805b2,"Jacareí, State of São Paulo, Brazil",CITY,2026-03-11T14:39:06.858401+00:00,20,G:ts6T5O--h7M,Coração Partido (Corazón Partío) (Ao Vivo),Grupo Menos É Mais,15143,https://www.youtube.com/watch?v=n5wxZ_OBUXk,26
0x94ce03423c3b1c3b:0x584dceedfc63644f,"Santos, State of São Paulo, Brazil",CITY,2026-03-11T14:49:01.754278+00:00,20,G:D__i_OIyrLE,Talvez você precise de mim,"Veigh, Supernova Ent",27722,https://www.youtube.com/watch?v=V2M1Xx50arE,1
0x94ce10f2c21f7651:0xaa349e6a7195a8cc,"Cubatão, State of São Paulo, Brazil",CITY,2026-03-11T15:25:17.012182+00:00,15,G:Rw21kZp1s4U,Um Centímetro (feat. Juninho Moraes),Toque Dez,11008,https://www.youtube.com/watch?v=UHY_Znbz6zc,21
0x94ce1f9dd9bf50e5:0x83b44c5ff623bb51,"Praia Grande, State of São Paulo, Brazil",CITY,2026-03-11T14:47:54.208416+00:00,18,G:rnNhKvBScxI,Sonho de Amor (Ao Vivo),Natanzinho Lima,37576,https://www.youtube.com/watch?v=VnPB-H7Zo7Y,13
0x94ce3fc6927dd0c3:0xcdcd0d550f9656cf,"São Bernardo do Campo, State of São Paulo, Brazil",CITY,2026-03-11T14:33:06.757207+00:00,11,G:I598W87NSc8,Semi Nua (feat. MC Ryan SP & Mc Negão Original),"MC GP, MC MENO K, Aaron Modesto, MC RN do Capão, DU'L, MC Rick, DJ Guh Mix, Marquinho No Beat",65315,https://www.youtube.com/watch?v=cthaSw4VK3A,59
0x94ce4278871d7eef:0x9eaaca862adb4ede,"Santo André, State of São Paulo, Brazil",CITY,2026-03-11T14:49:01.061359+00:00,16,G:AsyrT7EwUEc,Um Novo Dia,"Get Worship, Melk Villar, Vinicius Cruz, Get Global",47279,https://www.youtube.com/watch?v=6NvkZY-va0E,24
0x94ce445de3962263:0x9ca2ba904b9421db,"Diadema, State of São Paulo, Brazil",CITY,2026-03-11T15:25:24.900488+00:00,17,G:Rw21kZp1s4U,Um Centímetro (feat. Juninho Moraes),Toque Dez,27976,https://www.youtube.com/watch?v=UHY_Znbz6zc,21
0x94ce448183a461d1:0x9ba94b08ff335bae,"São Paulo, State of São Paulo, Brazil",CITY,2026-03-11T14:03:17.577569+00:00,20,G:rnNhKvBScxI,Sonho de Amor (Ao Vivo),Natanzinho Lima,1258396,https://www.youtube.com/watch?v=VnPB-H7Zo7Y,13
0x94ce597d462f58ad:0x1e5241e2e17b7c17,"State of São Paulo, Brazil",SUBCOUNTRY,2026-03-11T14:03:14.888660+00:00,13,G:I598W87NSc8,Semi Nua (feat. MC Ryan SP & Mc Negão Original),"MC GP, MC MENO K, Aaron Modesto, MC RN do Capão, DU'L, MC Rick, DJ Guh Mix, Marquinho No Beat",5011828,https://www.youtube.com/watch?v=cthaSw4VK3A,59
0x94ce5c58617ee83b:0xc53b6605800244b2,"São Caetano do Sul, State of São Paulo, Brazil",CITY,2026-03-11T14:49:15.044460+00:00,17,G:AsyrT7EwUEc,Um Novo Dia,"Get Worship, Melk Villar, Vinicius Cruz, Get Global",4656,https://www.youtube.com/watch?v=6NvkZY-va0E,24
0x94ce69549e48e43f:0xe210627a68fc88df,"Mauá, State of São Paulo, Brazil",CITY,2026-03-11T14:41:18.112240+00:00,17,G:AsyrT7EwUEc,Um Novo Dia,"Get Worship, Melk Villar, Vinicius Cruz, Get Global",30515,https://www.youtube.com/watch?v=6NvkZY-va0E,24
0x94ce7c8d172d5a85:0x453b3d4d5bc111d7,"Itaquaquecetuba, State of São Paulo, Brazil",CITY,2026-03-11T14:39:05.326112+00:00,19,G:Rw21kZp1s4U,Um Centímetro (feat. Juninho Moraes),Toque Dez,38075,https://www.youtube.com/watch?v=UHY_Znbz6zc,21
0x94cec11f46f1007d:0xc885a2d1bf078e37,"Atibaia, State of São Paulo, Brazil",CITY,2026-03-11T14:32:20.355419+00:00,20,G:ts6T5O--h7M,Coração Partido (Corazón Partío) (Ao Vivo),Grupo Menos É Mais,9653,https://www.youtube.com/watch?v=n5wxZ_OBUXk,26
0x94cecbb720773b17:0x670295f5c3baa2d4,"Bragança Paulista, State of São Paulo, Brazil",CITY,2026-03-11T14:33:53.461418+00:00,19,G:ZSvyKP7_mwk,"Sofrimento Equilibrado (Conexão, Ao Vivo)",Maurício e Eduardo,14933,https://www.youtube.com/watch?v=Nh5IxzGE9WY,24
0x94ceff085b9ef207:0xf21e27d4c824c4e,"Osasco, State of São Paulo, Brazil",CITY,2026-03-11T14:24:29.063307+00:00,18,G:Rw21kZp1s4U,Um Centímetro (feat. Juninho Moraes),Toque Dez,55153,https://www.youtube.com/watch?v=UHY_Znbz6zc,21
0x94cf004a6c29542f:0x89d7d06ffc024cbf,"Carapicuiba, State of São Paulo, Brazil",CITY,2026-03-11T14:35:06.020833+00:00,16,G:Rw21kZp1s4U,Um Centímetro (feat. Juninho Moraes),Toque Dez,34391,https://www.youtube.com/watch?v=UHY_Znbz6zc,21
0x94cf03dd6a1db995:0x70548836d6e4a9a2,"Barueri, State of São Paulo, Brazil",CITY,2026-03-11T14:32:50.337347+00:00,16,G:AsyrT7EwUEc,Um Novo Dia,"Get Worship, Melk Villar, Vinicius Cruz, Get Global",27627,https://www.youtube.com/watch?v=6NvkZY-va0E,24
0x94cf24293cc00531:0xf686a1c1163c6bbb,"Jundiaí, State of São Paulo, Brazil",CITY,2026-03-11T14:39:14.526146+00:00,16,G:I598W87NSc8,Semi Nua (feat. MC Ryan SP & Mc Negão Original),"MC GP, MC MENO K, Aaron Modesto, MC RN do Capão, DU'L, MC Rick, DJ Guh Mix, Marquinho No Beat",29964,https://www.youtube.com/watch?v=cthaSw4VK3A,59
0x94cf2a851d59a719:0x1993f2010972ec6d,"Itatiba, State of São Paulo, Brazil",CITY,2026-03-11T14:39:06.168474+00:00,16,G:I598W87NSc8,Semi Nua (feat. MC Ryan SP & Mc Negão Original),"MC GP, MC MENO K, Aaron Modesto, MC RN do Capão, DU'L, MC Rick, DJ Guh Mix, Marquinho No Beat",8606,https://www.youtube.com/watch?v=cthaSw4VK3A,59
0x94cf5b325a970985:0xee86064475a064,"Itu, State of São Paulo, Brazil",CITY,2026-03-11T14:39:06.195811+00:00,15,G:I598W87NSc8,Semi Nua (feat. MC Ryan SP & Mc Negão Original),"MC GP, MC MENO K, Aaron Modesto, MC RN do Capão, DU'L, MC Rick, DJ Guh Mix, Marquinho No Beat",15894,https://www.youtube.com/watch?v=cthaSw4VK3A,59
0x94cfa8da1b269d77:0xb03b39035ef04ea5,"Cotia, State of São Paulo, Brazil",CITY,2026-03-11T15:25:14.229901+00:00,11,G:I598W87NSc8,Semi Nua (feat. MC Ryan SP & Mc Negão Original),"MC GP, MC MENO K, Aaron Modesto, MC RN do Capão, DU'L, MC Rick, DJ Guh Mix, Marquinho No Beat",35882,https://www.youtube.com/watch?v=cthaSw4VK3A,59
0x94d8b65cc2e52aad:0x2dc004f5e6adebc4,"Balneário Camboriú, State of Santa Catarina, Brazil",CITY,2026-03-11T14:32:38.694719+00:00,1,G:teFRSfGXHRQ,Quem Não Conhece Que Te Compra (Ao Vivo),"Thaeme e Thiago, DJ Ari SL",35942,https://www.youtube.com/watch?v=Mko_26obdzo,6
0x94d8cc949bf3cf61:0xef02eadd26842207,"Itajaí, State of Santa Catarina, Brazil",CITY,2026-03-11T14:30:38.697820+00:00,1,G:teFRSfGXHRQ,Quem Não Conhece Que Te Compra (Ao Vivo),"Thaeme e Thiago, DJ Ari SL",86516,https://www.youtube.com/watch?v=Mko_26obdzo,6
0x94d94d25c052fff9:0x2b277580ed7fab2b,"State of Santa Catarina, Brazil",SUBCOUNTRY,2026-03-11T14:30:33.825154+00:00,20,G:teFRSfGXHRQ,Quem Não Conhece Que Te Compra (Ao Vivo),"Thaeme e Thiago, DJ Ari SL",619444,https://www.youtube.com/watch?v=Mko_26obdzo,6
0x94db0b9430b8629d:0xe893fd5063cef061,"State of Paraná, Brazil",SUBCOUNTRY,2026-03-11T14:03:27.541652+00:00,3,G:SRqhxXZ9YYI,Camionete Vai Pular,"Jennifer e stephany, Pedro Paulo & Alex",2493936,https://www.youtube.com/watch?v=EHNGesF7bUs,15
0x94db9a9f47a5c1d3:0xcb6eebd1d18fb8e1,"Paranaguá, State of Paraná, Brazil",CITY,2026-03-11T14:45:20.068767+00:00,1,G:SRqhxXZ9YYI,Camionete Vai Pular,"Jennifer e stephany, Pedro Paulo & Alex",31050,https://www.youtube.com/watch?v=EHNGesF7bUs,15
0x94dce35351cdb3dd:0x6d2f6ba5bacbe809,"Curitiba, State of Paraná, Brazil",CITY,2026-03-11T15:23:52.221551+00:00,19,G:PHLRh6_HLJ8,Amo Minha Favela,"DJ Japa NK, MC MENO K",253910,https://www.youtube.com/watch?v=xVxFGVNJvdY,14
0x94dcf649d28f7973:0xf51762bd3bc2d656,"São José dos Pinhais, State of Paraná, Brazil",CITY,2026-03-11T14:49:02.070007+00:00,15,G:wh8A1cqldSM,"Melhor Lugar (Conexão, Ao Vivo)",Maurício e Eduardo,34281,https://www.youtube.com/watch?v=tPJPllIPGOk,9
0x94de94ec45c735ad:0xd528660baaf1e754,"Jaraguá do Sul, State of Santa Catarina, Brazil",CITY,2026-03-11T14:39:10.475780+00:00,4,G:teFRSfGXHRQ,Quem Não Conhece Que Te Compra (Ao Vivo),"Thaeme e Thiago, DJ Ari SL",26380,https://www.youtube.com/watch?v=Mko_26obdzo,6
0x94deafdc40afbc4b:0x4b39d148cac10ae7,"Joinville, State of Santa Catarina, Brazil",CITY,2026-03-11T14:30:33.798182+00:00,2,G:teFRSfGXHRQ,Quem Não Conhece Que Te Compra (Ao Vivo),"Thaeme e Thiago, DJ Ari SL",177748,https://www.youtube.com/watch?v=Mko_26obdzo,6
0x94df1e408b5c3095:0xacfb8520bc1a7644,"Blumenau, State of Santa Catarina, Brazil",CITY,2026-03-11T14:30:33.338865+00:00,1,G:t-WbDvruQ9I,Bilionário,Christian & Cristiano,86449,https://www.youtube.com/watch?v=FclgdNwffQY,7
0x94df47e7c38fa4b3:0xf5e4cbe02813448,"Brusque, State of Santa Catarina, Brazil",CITY,2026-03-11T14:34:30.924483+00:00,1,G:teFRSfGXHRQ,Quem Não Conhece Que Te Compra (Ao Vivo),"Thaeme e Thiago, DJ Ari SL",36235,https://www.youtube.com/watch?v=Mko_26obdzo,6
0x94e2bf7ecbc632df:0x8370fe5f60075c2b,"Passo Fundo, State of Rio Grande do Sul, Brazil",CITY,2026-03-11T14:12:34.547088+00:00,14,G:C4fSCbIO7dw,Baqueado (Ao Vivo),"Panda, Ícaro e Gilmar",27949,https://www.youtube.com/watch?v=imPS7DMbx0Q,10
0x94e381c302a05df7:0x7b6ae0431784abb7,"Concórdia, State of Santa Catarina, Brazil",CITY,2026-03-11T15:25:10.777856+00:00,8,G:c9ppitjlH_g,Atual da Minha Ex,JJSV Julian e Juliano,19509,https://www.youtube.com/watch?v=bou86yyswxI,10
0x94e4b5c94098efa5:0x6b810ae0d4ebfb6a,"Chapecó, State of Santa Catarina, Brazil",CITY,2026-03-11T14:30:36.335891+00:00,4,G:mzMo9ExBtZA,Conveniência,Grupo Sorriso lindo,53201,https://www.youtube.com/watch?v=QcvEUk6itiM,9
0x94e5533f62e22c55:0x74c614e61d62d7ce,"Pato Branco, State of Paraná, Brazil",CITY,2026-03-11T14:45:36.737745+00:00,11,G:mzMo9ExBtZA,Conveniência,Grupo Sorriso lindo,15592,https://www.youtube.com/watch?v=QcvEUk6itiM,9
0x94e6ca11c623d649:0x3757b69b3b8ed6f5,"Caçador, State of Santa Catarina, Brazil",CITY,2026-03-11T14:34:48.205493+00:00,13,G:vvZDrKvZzSo,Cheiro De Culpado (Ao Vivo),Júnior e Cézar,7999,https://www.youtube.com/watch?v=gWYIo3l1oQ4,1
0x94eb435a57af586d:0x23ac11a5c614f971,"Londrina, State of Paraná, Brazil",CITY,2026-03-11T15:24:01.691801+00:00,7,G:gSCQr-B9xxE,10 SEGUNDOS,"Luan Pereira, Panda",101463,https://www.youtube.com/watch?v=B9bD8Ts0C7A,2
0x94ec9eb8eabb7b4b:0x16ffa0dc81365103,"Apucarana, State of Paraná, Brazil",CITY,2026-03-11T14:32:10.792420+00:00,10,G:wh8A1cqldSM,"Melhor Lugar (Conexão, Ao Vivo)",Maurício e Eduardo,16663,https://www.youtube.com/watch?v=tPJPllIPGOk,9
0x94eca3dd2dd8bb33:0x54d018e2265e65f,"Arapongas, State of Paraná, Brazil",CITY,2026-03-11T14:32:11.939219+00:00,10,G:wh8A1cqldSM,"Melhor Lugar (Conexão, Ao Vivo)",Maurício e Eduardo,13342,https://www.youtube.com/watch?v=tPJPllIPGOk,9
0x94ecd6ee42618c1f:0xc356592828e03925,"Maringá, State of Paraná, Brazil",CITY,2026-03-11T15:24:01.925778+00:00,19,G:qmC-C3Fvnz0,Zezé No Fone,Douglas Junior,46477,https://www.youtube.com/watch?v=G3CksEYz3WA,2
0x94ed751052cee71d:0x72e478adcc937cc6,"Campo Mourão, State of Paraná, Brazil",CITY,2026-03-11T14:35:03.455556+00:00,13,G:wh8A1cqldSM,"Melhor Lugar (Conexão, Ao Vivo)",Maurício e Eduardo,12550,https://www.youtube.com/watch?v=tPJPllIPGOk,9
0x94ef37c6596e4225:0xcb25a417a2355cc8,"Guarapuava, State of Paraná, Brazil",CITY,2026-03-11T14:37:10.193049+00:00,20,G:C4fSCbIO7dw,Baqueado (Ao Vivo),"Panda, Ícaro e Gilmar",17252,https://www.youtube.com/watch?v=imPS7DMbx0Q,10
0x94f072c9d1cb5c35:0x7d44d2235317b32,"Francisco Beltrão, State of Paraná, Brazil",CITY,2026-03-11T14:36:26.873734+00:00,9,G:mzMo9ExBtZA,Conveniência,Grupo Sorriso lindo,13331,https://www.youtube.com/watch?v=QcvEUk6itiM,9
0x94f2d6aad88f12b7:0x62e741a44bc7bfc7,"Umuarama, State of Paraná, Brazil",CITY,2026-03-11T14:51:36.884011+00:00,18,G:wh8A1cqldSM,"Melhor Lugar (Conexão, Ao Vivo)",Maurício e Eduardo,13345,https://www.youtube.com/watch?v=tPJPllIPGOk,9
0x94f39625c9aa06b9:0xaa4c447b0af0271b,"Toledo, State of Paraná, Brazil",CITY,2026-03-11T15:26:11.462969+00:00,14,G:wh8A1cqldSM,"Melhor Lugar (Conexão, Ao Vivo)",Maurício e Eduardo,15753,https://www.youtube.com/watch?v=tPJPllIPGOk,9
0x94f3d41ec7f74d61:0xebac32ece05a5fbc,"Cascavel, State of Paraná, Brazil",CITY,2026-03-11T14:35:16.537171+00:00,13,G:wh8A1cqldSM,"Melhor Lugar (Conexão, Ao Vivo)",Maurício e Eduardo,38667,https://www.youtube.com/watch?v=tPJPllIPGOk,9
0x94f5d77b26ce94f3:0x400f0fe5a20905c3,"Alto Paraná Department, Paraguay",SUBCOUNTRY,2026-03-11T14:09:37.663876+00:00,2,G:es8oOEq298Q,Cuidado,Musical San Francisco,307537,https://www.youtube.com/watch?v=dVRBaxiIPbA,2
0x94f68499feb6b1d1:0xce33cb9eeb700b1e,"Ciudad del Este, Alto Paraná Department, Paraguay",CITY,2026-03-11T14:09:43.615544+00:00,11,G:85OPEReBs-k,Bem Na Minha Vez (Ao Vivo),Maurício e Eduardo,88255,https://www.youtube.com/watch?v=BI8RR-jQCrA,1
0x94f811245d4ce333:0xfb5d357febb15a1d,"Misiones Province, Argentina",SUBCOUNTRY,2026-03-11T14:26:04.152101+00:00,14,G:5-A_SCjaHXU,Melzinho,"Talita Mel, Xand Avião",138542,https://www.youtube.com/watch?v=tvPSPkugS7A,1
0x94f935a34ec1d7c9:0xe7e3f8652b5d62bf,"Santa Rosa, State of Rio Grande do Sul, Brazil",CITY,2026-03-11T14:49:02.367850+00:00,20,G:iSuay7qwB0Y,Caos De Alguém (Ao Vivo),Felipe & Rodrigo,9608,https://www.youtube.com/watch?v=cdrEO7pIQXk,2
0x9503ca434a8b9533:0x635dcc96e4d7a4d9,"Santa Maria, State of Rio Grande do Sul, Brazil",CITY,2026-03-11T14:12:27.311299+00:00,18,G:YBYBXqpmnFM,Saudade Proibida (Ao Vivo),Simone Mendes,25282,https://www.youtube.com/watch?v=uEtGTq92Cmk,6
0x9504720c40b45803:0xad9fb3dbaf9f73de,"State of Rio Grande do Sul, Brazil",SUBCOUNTRY,2026-03-11T14:12:30.002785+00:00,19,G:PHLRh6_HLJ8,Amo Minha Favela,"DJ Japa NK, MC MENO K",892748,https://www.youtube.com/watch?v=xVxFGVNJvdY,14
0x95104991ad796447:0x99bab4aec1bd644f,"Pelotas, State of Rio Grande do Sul, Brazil",CITY,2026-03-11T14:12:44.917578+00:00,17,G:AxvImpnBo5w,"Munhoz e Mariano, Panda - Bebum / Respeita as Moda (Ao Vivo)",Munhoz & Mariano,33296,https://www.youtube.com/watch?v=kzErEPdHdiQ,10
0x9519424ad6403661:0x5d959f79a24a61c8,"Novo Hamburgo, State of Rio Grande do Sul, Brazil",CITY,2026-03-11T14:26:45.579138+00:00,18,G:XiSLd-FtHIo,Peraí,RUAN VICTOR,18398,https://www.youtube.com/watch?v=9jbE5XVRCoM,3
0x951968315942f59b:0x1b4734205177f47c,"São Leopoldo, State of Rio Grande do Sul, Brazil",CITY,2026-03-11T14:49:15.239038+00:00,18,G:XiSLd-FtHIo,Peraí,RUAN VICTOR,18683,https://www.youtube.com/watch?v=9jbE5XVRCoM,3
0x95197aa8021e5571:0xd0de460f7518f586,"Canoas, State of Rio Grande do Sul, Brazil",CITY,2026-03-11T14:12:41.661533+00:00,14,G:ts6T5O--h7M,Coração Partido (Corazón Partío) (Ao Vivo),Grupo Menos É Mais,29627,https://www.youtube.com/watch?v=n5wxZ_OBUXk,26
0x95199cd2566acb1d:0x603111a89f87e91f,"Porto Alegre, State of Rio Grande do Sul, Brazil",CITY,2026-03-11T14:12:28.841854+00:00,16,G:JRqPOJ1tFUg,Lembrei de Tu,"MC MENO K, Oruam, Fepache",230353,https://www.youtube.com/watch?v=StGgzGjZ67Y,3
0x951c3b525635c503:0x903e94cea10ccfe6,"Bento Gonçalves, State of Rio Grande do Sul, Brazil",CITY,2026-03-11T14:33:07.518727+00:00,19,G:XiSLd-FtHIo,Peraí,RUAN VICTOR,7807,https://www.youtube.com/watch?v=9jbE5XVRCoM,3
0x951c61b96db00e9b:0xd2a1f815c9a57f8,"Lajeado, State of Rio Grande do Sul, Brazil",CITY,2026-03-11T14:39:54.137146+00:00,13,G:c9ppitjlH_g,Atual da Minha Ex,JJSV Julian e Juliano,11440,https://www.youtube.com/watch?v=bou86yyswxI,10
0x951ca36e260866f5:0x84f108595f044705,"Santa Cruz do Sul, State of Rio Grande do Sul, Brazil",CITY,2026-03-11T14:23:28.939272+00:00,16,G:c9ppitjlH_g,Atual da Minha Ex,JJSV Julian e Juliano,16965,https://www.youtube.com/watch?v=bou86yyswxI,10
0x951ebcd16435f073:0xf514f707b5773bf4,"Caxias do Sul, State of Rio Grande do Sul, Brazil",CITY,2026-03-11T14:12:30.626677+00:00,19,G:c9ppitjlH_g,Atual da Minha Ex,JJSV Julian e Juliano,43186,https://www.youtube.com/watch?v=bou86yyswxI,10
0x952181e2d391d045:0x5333d655f0ed7675,"Criciúma, State of Santa Catarina, Brazil",CITY,2026-03-11T15:25:16.287383+00:00,17,G:AxvImpnBo5w,"Munhoz e Mariano, Panda - Bebum / Respeita as Moda (Ao Vivo)",Munhoz & Mariano,22437,https://www.youtube.com/watch?v=kzErEPdHdiQ,10
0x95222f063034e383:0x29c0b18c70b3efce,"Araranguá, State of Santa Catarina, Brazil",CITY,2026-03-11T14:32:14.690085+00:00,3,G:mzMo9ExBtZA,Conveniência,Grupo Sorriso lindo,16169,https://www.youtube.com/watch?v=QcvEUk6itiM,9
0x9527394eb2c632d7:0x81bc550b6a04c746,"Florianópolis, State of Santa Catarina, Brazil",CITY,2026-03-11T14:30:31.023224+00:00,19,G:JRqPOJ1tFUg,Lembrei de Tu,"MC MENO K, Oruam, Fepache",81754,https://www.youtube.com/watch?v=StGgzGjZ67Y,3
0x95274a45dbfb5d61:0x100bf170797fe362,"São José, State of Santa Catarina, Brazil",CITY,2026-03-11T14:30:36.790209+00:00,7,G:mzMo9ExBtZA,Conveniência,Grupo Sorriso lindo,34172,https://www.youtube.com/watch?v=QcvEUk6itiM,9
0x9575073afb5fde09:0x4a5596616016524a,Uruguay,COUNTRY,2026-03-11T14:12:19.507663+00:00,20,G:c4r6azjuUo0,Prisionero,La Misma Cuadra,429213,https://www.youtube.com/watch?v=Cq3nrDVEA5Y,1
0x9584d94d19d34209:0xdd9670804bfed126,"Mar del Plata, Buenos Aires Province, Argentina",CITY,2026-03-11T14:26:37.281015+00:00,19,G:87h5jomwtpo,Gata Fina,"Benji Bendi, Villano 13",72301,https://www.youtube.com/watch?v=WXmVCOdO8mc,13
0x958fbd434330e9e9:0x7f7c099276fb322,"Necochea, Buenos Aires Province, Argentina",CITY,2026-03-11T14:43:28.976152+00:00,20,G:QfNYzB7I8fI,Inocente (En Vivo En El Luna Park),"La Delio Valdez, Karina",11279,https://www.youtube.com/watch?v=QGt3WRZKntc,4
0x95911f9b2733946f:0xceef2c76899c202d,"Tandil, Buenos Aires Province, Argentina",CITY,2026-03-11T15:26:04.944787+00:00,17,G:d_IJG67B50I,Nunca Lo Olvides,Airbag,14883,https://www.youtube.com/watch?v=ue0RP3C1Brg,11
0x95926dac16830a99:0x580d8b216f434c9e,"Tres Arroyos, Buenos Aires Province, Argentina",CITY,2026-03-11T15:26:15.177143+00:00,18,G:SvE0me2UAyk,Morena,La Kuppé,6903,https://www.youtube.com/watch?v=M-MqQtWSIVA,1
0x959445daae9e90a3:0xd11aadb313dbf072,"Olavarría, Buenos Aires Province, Argentina",CITY,2026-03-11T14:44:48.726466+00:00,17,G:WcOhDAkTMOo,Mix Cumbia 3,"The La Planta, Pushi",12920,https://www.youtube.com/watch?v=mxm9BUf07nk,12
0x959f80ffc63bf7d3:0x686fbde87255a664,"Montevideo Department, Uruguay",SUBCOUNTRY,2026-03-11T14:12:09.930682+00:00,18,G:TQ2TlCXoAM8,Se Me Olvida / Empelotica,La Nueva Escuela,324983,https://www.youtube.com/watch?v=n97_vje5CpE,2
0x959f80ffc63bf7d3:0x6b321b2e355bec99,"Montevideo, Montevideo Department, Uruguay",CITY,2026-03-11T14:12:09.538514+00:00,18,G:TQ2TlCXoAM8,Se Me Olvida / Empelotica,La Nueva Escuela,325442,https://www.youtube.com/watch?v=n97_vje5CpE,2
0x95a2e421a4fd5d13:0x2266b92d9daf5838,"Ensenada, Buenos Aires Province, Argentina",CITY,2026-03-11T15:25:35.588473+00:00,17,G:l33mxjyJ6Ic,Atrevido,El Sobrino,8053,https://www.youtube.com/watch?v=IQp4z1RqfTA,3
0x95a2e62b1f0085a1:0xbcfc44f0547312e3,"La Plata, Buenos Aires Province, Argentina",CITY,2026-03-11T14:39:54.832972+00:00,13,G:etuzTNiJ1cQ,Vampi (En Vivo),Babasónicos,29776,https://www.youtube.com/watch?v=7u_vvJiYB2g,1
0x95a3292a5b71f3ad:0xc01239ffd0314fd8,"Berazategui Oeste, Buenos Aires Province, Argentina",CITY,2026-03-11T14:33:02.559460+00:00,19,G:aSvcTNFenII,JINETE RKT,"Martin Vegas, Callejero Fino",9162,https://www.youtube.com/watch?v=9HEaibEJCRE,1
0x95a329628f552cad:0x813d55ba09834999,"Florencio Varela, Buenos Aires Province, Argentina",CITY,2026-03-11T14:26:46.151599+00:00,18,G:87h5jomwtpo,Gata Fina,"Benji Bendi, Villano 13",31794,https://www.youtube.com/watch?v=WXmVCOdO8mc,13
0x95a32e38e45f5777:0x6a86dac21334524f,"Quilmes, Buenos Aires Province, Argentina",CITY,2026-03-11T15:25:46.656266+00:00,18,G:d_IJG67B50I,Nunca Lo Olvides,Airbag,15911,https://www.youtube.com/watch?v=ue0RP3C1Brg,11
0x95a32f348c2fbdbf:0x80217bd276933f07,"Berazategui, Buenos Aires Province, Argentina",CITY,2026-03-11T14:33:02.352624+00:00,17,G:TWbBueG8oso,Internacional,El Sobrino,18889,https://www.youtube.com/watch?v=x0GohiTC-Z4,15
0x95a551ddba482fbf:0x69284bf0dcd46382,"Entre Ríos Province, Argentina",SUBCOUNTRY,2026-03-11T14:15:35.351794+00:00,19,G:WcOhDAkTMOo,Mix Cumbia 3,"The La Planta, Pushi",133744,https://www.youtube.com/watch?v=mxm9BUf07nk,12
0x95b44df2b9835231:0x554ebde0aa5cfa9a,"Paraná, Entre Ríos Province, Argentina",CITY,2026-03-11T14:15:40.414613+00:00,20,G:d_IJG67B50I,Nunca Lo Olvides,Airbag,28076,https://www.youtube.com/watch?v=ue0RP3C1Brg,11
0x95b5a9adc40888e1:0xdcf7761e8d02804a,"Santa Fe, Santa Fe Province, Argentina",CITY,2026-03-11T15:24:13.468062+00:00,12,G:h-IpwoGDafs,Esa mujer / Mala / Tu tiempo pasó / Como tu enemigo,"Marcos Castelló, Chanchi",66165,https://www.youtube.com/watch?v=7WrhAwuDDQ8,2
0x95b6539335d7d75b:0xec4086e90258a557,"Rosario, Santa Fe Province, Argentina",CITY,2026-03-11T14:00:58.649366+00:00,16,G:h-IpwoGDafs,Esa mujer / Mala / Tu tiempo pasó / Como tu enemigo,"Marcos Castelló, Chanchi",113472,https://www.youtube.com/watch?v=7WrhAwuDDQ8,2
0x95b76793f9b400f7:0x622348daf45e89b1,"San Nicolás de los Arroyos, Buenos Aires Province, Argentina",CITY,2026-03-11T14:48:57.632866+00:00,19,G:l33mxjyJ6Ic,Atrevido,El Sobrino,16769,https://www.youtube.com/watch?v=IQp4z1RqfTA,3
0x95b84aad3ef60a31:0x481ac3277962e9c5,"Pergamino, Buenos Aires Province, Argentina",CITY,2026-03-11T14:45:57.812158+00:00,20,G:WcOhDAkTMOo,Mix Cumbia 3,"The La Planta, Pushi",10927,https://www.youtube.com/watch?v=mxm9BUf07nk,12
0x95b8eb33ebbd8565:0xfb52affe4ccf13e7,"Junín, Buenos Aires Province, Argentina",CITY,2026-03-11T15:24:02.878305+00:00,17,G:c1m4yeUXvQg,Mix Cumbia 2,"The La Planta, Flor Alvarez, Pushi",17048,https://www.youtube.com/watch?v=6jfskCZ5xaA,14
0x95baa828f3333543:0xa95f93d6a79497c1,"Gualeguaychú, Entre Ríos Province, Argentina",CITY,2026-03-11T14:15:35.614239+00:00,11,G:cu604WQH8j4,Tatuado En Mi Piel,Toque de Samba,15710,https://www.youtube.com/watch?v=H9S6wW_P-Xo,1
0x95bb0b6a92357b4d:0x5f7d9ac7c145085d,"Zarate, Buenos Aires Province, Argentina",CITY,2026-03-11T15:26:21.538438+00:00,20,G:z9BMf1Vce6E,Vos sabes de mi,"Gonzalo Nawel, Simon la Letra",13320,https://www.youtube.com/watch?v=087Mik3G-bE,3
0x95bb723060430bad:0xaa31c9f685c849bf,"Campana, Buenos Aires Province, Argentina",CITY,2026-03-11T14:34:59.731673+00:00,18,G:87h5jomwtpo,Gata Fina,"Benji Bendi, Villano 13",11439,https://www.youtube.com/watch?v=WXmVCOdO8mc,13
0x95bc7313caa5e45b:0xc86f63a77809bb3a,"Mercedes, Buenos Aires Province, Argentina",CITY,2026-03-11T14:41:31.627225+00:00,17,G:WcOhDAkTMOo,Mix Cumbia 3,"The La Planta, Pushi",10036,https://www.youtube.com/watch?v=mxm9BUf07nk,12
0x95bc7d87a664c641:0x55098796c55322ae,"Luján, Buenos Aires Province, Argentina",CITY,2026-03-11T14:40:24.424703+00:00,18,G:87h5jomwtpo,Gata Fina,"Benji Bendi, Villano 13",13066,https://www.youtube.com/watch?v=WXmVCOdO8mc,13
0x95bc981b3f6c41cf:0x39d81df507812ac2,"José C. Paz, Buenos Aires Province, Argentina",CITY,2026-03-11T14:26:36.314253+00:00,14,G:JnB57YZw3uw,Ni una Sola Palabra,Tropitango,44937,https://www.youtube.com/watch?v=gLNxLv0nDo4,1
0x95bcbd7f8ed7ed6f:0xa141f13ddb761d51,"San Miguel, Buenos Aires Province, Argentina",CITY,2026-03-11T14:13:43.808107+00:00,17,G:87h5jomwtpo,Gata Fina,"Benji Bendi, Villano 13",28193,https://www.youtube.com/watch?v=WXmVCOdO8mc,13
0x95bcbf7809861d5d:0x6bc97859fd9d3d86,"Ituzaingó, Buenos Aires Province, Argentina",CITY,2026-03-11T14:39:06.336750+00:00,16,G:QfNYzB7I8fI,Inocente (En Vivo En El Luna Park),"La Delio Valdez, Karina",14410,https://www.youtube.com/watch?v=QGt3WRZKntc,4
0x95bcc76f57e3be01:0xa488fcdcec5b600f,"Morón, Buenos Aires Province, Argentina",CITY,2026-03-11T14:42:00.457566+00:00,16,G:QfNYzB7I8fI,Inocente (En Vivo En El Luna Park),"La Delio Valdez, Karina",11161,https://www.youtube.com/watch?v=QGt3WRZKntc,4
0x95bcca3b4ef90cbd:0xa0b3812e88e88e87,"Buenos Aires, Argentina",CITY,2026-03-11T14:00:48.503409+00:00,19,G:OAfRlyJ871A,No Se Ve / Chingon,DesaKTa2,772955,https://www.youtube.com/watch?v=isTEKg4S_WE,37
0x95bcca3d05457fbb:0xe160f4fce7f7c017,"Buenos Aires, Argentina",SUBCOUNTRY,2026-03-11T15:23:21.778020+00:00,18,G:BIu5vcgLptI,Ojitos Lindos,"Bad Bunny, Bomba Estéreo",254507,https://www.youtube.com/watch?v=wAjHQXrIj9o,2
0x95bccaf5f5fdc667:0x3d2f77992af00fa8,Argentina,COUNTRY,2026-03-11T15:23:41.958228+00:00,14,G:OAfRlyJ871A,No Se Ve / Chingon,DesaKTa2,5442580,https://www.youtube.com/watch?v=isTEKg4S_WE,37
0x95bcce76604543e7:0x6d080d87c13cc6eb,"Ingeniero Budge, Buenos Aires Province, Argentina",CITY,2026-03-11T14:26:36.017985+00:00,15,G:y6Kz2I0McBQ,Fui a Jamaica,Romeo Santos,35465,https://www.youtube.com/watch?v=r__q4ExMzRk,1
0x95bcd261abf8fb75:0xd3b4119f62723032,"Lomas de Zamora, Buenos Aires Province, Argentina",CITY,2026-03-11T15:26:21.095501+00:00,11,G:QfNYzB7I8fI,Inocente (En Vivo En El Luna Park),"La Delio Valdez, Karina",13706,https://www.youtube.com/watch?v=QGt3WRZKntc,4
0x95bea530dce5dd93:0x5ae63a20a06f4b77,"Chivilcoy, Buenos Aires Province, Argentina",CITY,2026-03-11T15:25:06.970092+00:00,18,G:mXGWPjR-jrM,Necesito Encontrarte,Kino El Cantante,8388,https://www.youtube.com/watch?v=c1BCAdbyilA,1
0x95c2cd07f7558a33:0x7bda8c2a7b70fd81,"Santa Rosa, La Pampa Province, Argentina",CITY,2026-03-11T15:24:16.639886+00:00,20,G:ynAjaIhiykk,Me voy / Ya me enteré (En Vivo),Los Herrera,18925,https://www.youtube.com/watch?v=65WuVh7cga0,5
0x95c37d4f9847b43f:0x6b4fc7aecf7b9d89,"General Pico, La Pampa Province, Argentina",CITY,2026-03-11T15:24:16.512013+00:00,18,G:icyeBpmvja8,Cuarteto Sessions #5 (En Vivo),Q' Lokura,11169,https://www.youtube.com/watch?v=W1UsN1ELpr8,11
0x95c7435f115dc765:0xad5272df47c03950,"Lincoln, Buenos Aires Province, Argentina",CITY,2026-03-11T14:40:10.634417+00:00,6,G:ELSKi-JTb64,Típica Argentina,"Nico Valdi, Chofer, El Lobo",7681,https://www.youtube.com/watch?v=cLE6Y83pvX8,1
0x95c864b3247a525d:0x98c17493f380fdd2,"Venado Tuerto, Santa Fe Province, Argentina",CITY,2026-03-11T15:24:13.382629+00:00,19,G:F9rieo8AEWg,Copia Prohibida (En Vivo),DesaKTa2,11102,https://www.youtube.com/watch?v=bXaL5regHcc,19
0x95caae460db27c0f:0x8be1b926d473c17b,"Rafaela, Santa Fe Province, Argentina",CITY,2026-03-11T14:28:51.592970+00:00,20,G:CuMFGPMxhto,Monaco,DesaKTa2,13249,https://www.youtube.com/watch?v=OofkFIcvrGU,15
0x95cb28228bc1d067:0x8f04abfe8c3700f4,"San Francisco, Córdoba Province, Argentina",CITY,2026-03-11T15:26:02.748361+00:00,13,G:K47sumceYao,Lamentablemente (En Vivo),"Ulises Bueno, DesaKTa2",11554,https://www.youtube.com/watch?v=KczLLSIB7i0,7
0x95cc42fb51306dc1:0xbfb3fffbd425c6b1,"Villa María, Córdoba Province, Argentina",CITY,2026-03-11T14:24:49.727646+00:00,20,G:ucvPi3NDGCg,Señor Amante - Que Mal Elegiste (En Vivo) (feat. Angela Leiva & La banda de Carlitos),Eugenia Quevedo,28566,https://www.youtube.com/watch?v=xfq4xgjIhEo,11
0x95cd6f24cc9b6e75:0xf31e908957e0133,"Río Tercero, Córdoba Province, Argentina",CITY,2026-03-11T15:25:52.654856+00:00,19,G:icyeBpmvja8,Cuarteto Sessions #5 (En Vivo),Q' Lokura,7756,https://www.youtube.com/watch?v=W1UsN1ELpr8,11
0x95d16a8988796ca7:0x178c644094662e35,"Villa Mercedes, San Luis Province, Argentina",CITY,2026-03-11T14:29:18.252132+00:00,20,G:ucvPi3NDGCg,Señor Amante - Que Mal Elegiste (En Vivo) (feat. Angela Leiva & La banda de Carlitos),Eugenia Quevedo,19898,https://www.youtube.com/watch?v=xfq4xgjIhEo,11
0x95d2000fbdd02247:0xc58d0a705d7cc0e3,"Río Cuarto, Córdoba Province, Argentina",CITY,2026-03-11T14:24:50.694580+00:00,20,G:Z7jX9ICgxeA,Carita Triste,"Q' Lokura, Los Herrera",32220,https://www.youtube.com/watch?v=lIhHf7yQJMA,1
0x95d43954196ca6cd:0x7fc2e3b4d49ecc83,"San Luis, San Luis Province, Argentina",CITY,2026-03-11T14:29:20.247805+00:00,20,G:icyeBpmvja8,Cuarteto Sessions #5 (En Vivo),Q' Lokura,42841,https://www.youtube.com/watch?v=W1UsN1ELpr8,11
0x95d43be4529ad73d:0x5dee1e83bd8abc46,"San Luis Province, Argentina",SUBCOUNTRY,2026-03-11T14:29:18.107887+00:00,19,G:icyeBpmvja8,Cuarteto Sessions #5 (En Vivo),Q' Lokura,76126,https://www.youtube.com/watch?v=W1UsN1ELpr8,11
0x95dc6d0da46936e9:0xac1677be5ff258c8,"La Pampa Province, Argentina",SUBCOUNTRY,2026-03-11T15:24:16.095378+00:00,20,G:F9rieo8AEWg,Copia Prohibida (En Vivo),DesaKTa2,49734,https://www.youtube.com/watch?v=bXaL5regHcc,19
0x95e282c4b0a6530b:0xc2dfc6ff33b0aedb,"Río Negro Province, Argentina",SUBCOUNTRY,2026-03-11T14:15:34.199486+00:00,19,G:2ng2xTu1808,Quédate / Soy Favela / Lo que hay x aqui (En Vivo),Q´Lokura,101170,https://www.youtube.com/watch?v=Xf8YBQorg6g,37
0x95edbcabdc1302bd:0x76d1d88d241e7a11,"Bahía Blanca, Buenos Aires Province, Argentina",CITY,2026-03-11T14:26:36.921514+00:00,20,G:WcOhDAkTMOo,Mix Cumbia 3,"The La Planta, Pushi",35828,https://www.youtube.com/watch?v=mxm9BUf07nk,12
0x95edbcb7595281d9:0x4ad309fcdcf0a144,"Buenos Aires Province, Argentina",SUBCOUNTRY,2026-03-11T15:23:21.989724+00:00,16,G:87h5jomwtpo,Gata Fina,"Benji Bendi, Villano 13",2302238,https://www.youtube.com/watch?v=WXmVCOdO8mc,13
0x960a30ee145c2355:0x488e3620b435393c,"Cipolletti, Río Negro Province, Argentina",CITY,2026-03-11T14:15:32.834212+00:00,18,G:J4iD3iG6TJI,Enemigos,"Marama, The La Planta, Valen",11305,https://www.youtube.com/watch?v=NzIVXFdz2Mk,41
0x960a33ba35eb8e35:0x6220acb810e3e2f5,"Neuquen, Neuquén Province, Argentina",CITY,2026-03-11T14:01:00.798890+00:00,13,G:x8x-86G7AHc,Cuidado Que Te Supero,Sharon y los Camperos del Chamamé,91393,https://www.youtube.com/watch?v=WU86UDjV_qI,42
0x960c68f0b9170715:0xfca3e35dc577d5e4,"Cutral Có, Neuquén Province, Argentina",CITY,2026-03-11T14:18:33.701173+00:00,17,G:cjVY1R3E1tA,Rocha (Remix),"Gonzalo Nawel, Dvann",4983,https://www.youtube.com/watch?v=fADJLmidraw,20
0x960d6bad5ae41889:0x8c3031d1bbb3d22f,"Neuquén Province, Argentina",SUBCOUNTRY,2026-03-11T14:18:33.451729+00:00,20,G:J4iD3iG6TJI,Enemigos,"Marama, The La Planta, Valen",111355,https://www.youtube.com/watch?v=NzIVXFdz2Mk,41
0x96110e743605d0c7:0x71c43ffb1c66bc3a,"San Martín de los Andes, Neuquén Province, Argentina",CITY,2026-03-11T14:18:34.188536+00:00,18,G:J4iD3iG6TJI,Enemigos,"Marama, The La Planta, Valen",5231,https://www.youtube.com/watch?v=NzIVXFdz2Mk,41
0x9614b2c8d0e8c75d:0x31dd188520a10606,"Araucania, Chile",SUBCOUNTRY,2026-03-11T14:04:04.153904+00:00,17,G:I74Pe37SGqc,ESCÁPATE CONMIGO,"Toly Fu, Los pincheira del sur oficial",70512,https://www.youtube.com/watch?v=gHzQJ3z1wgI,7
0x9614d3cec21a2223:0xc2fa8887ff008408,"Temuco, Araucania, Chile",CITY,2026-03-11T14:04:13.568479+00:00,16,G:I74Pe37SGqc,ESCÁPATE CONMIGO,"Toly Fu, Los pincheira del sur oficial",45956,https://www.youtube.com/watch?v=gHzQJ3z1wgI,7
0x9615ee891aab33e5:0x35c9b4ab79b2d79b,"Valdivia, Los Ríos, Chile",CITY,2026-03-11T15:24:11.766713+00:00,20,G:5ljbLxtbfDs,Corazón de piedra,Grupo disparo,8752,https://www.youtube.com/watch?v=MTUez0Rl9NY,14
0x9616367d12e3d8d5:0xa1eeda2f4774e6f4,"Osorno, Los Lagos, Chile",CITY,2026-03-11T14:19:10.723703+00:00,13,G:5ljbLxtbfDs,Corazón de piedra,Grupo disparo,11434,https://www.youtube.com/watch?v=MTUez0Rl9NY,14
0x961681c9a5d1bf59:0x61b54b8fec2ecc8e,"Los Ríos, Chile",SUBCOUNTRY,2026-03-11T15:24:10.856267+00:00,15,G:5ljbLxtbfDs,Corazón de piedra,Grupo disparo,18655,https://www.youtube.com/watch?v=MTUez0Rl9NY,14
0x96177bf346124dcf:0xfbcae76c2ff2cba6,"Puerto Varas, Los Lagos, Chile",CITY,2026-03-11T14:19:11.626859+00:00,16,G:d14hUhWo5AQ,Usted Se Parece,"Alanys Lagos, Grupo disparo",3193,https://www.youtube.com/watch?v=8LGnl2UeanE,6
0x96183a4d6920f407:0x86a3f15a79a5c9df,"Puerto Montt, Los Lagos, Chile",CITY,2026-03-11T14:04:13.599279+00:00,16,G:I74Pe37SGqc,ESCÁPATE CONMIGO,"Toly Fu, Los pincheira del sur oficial",40132,https://www.youtube.com/watch?v=gHzQJ3z1wgI,7
0x96183bae0865f2e9:0x6f9f31f813b3f88b,"Los Lagos, Chile",SUBCOUNTRY,2026-03-11T14:04:05.931730+00:00,20,G:d14hUhWo5AQ,Usted Se Parece,"Alanys Lagos, Grupo disparo",66604,https://www.youtube.com/watch?v=8LGnl2UeanE,6
0x961a7b1520c860e5:0x8210ae97cb7b9a65,"San Carlos de Bariloche, Río Negro Province, Argentina",CITY,2026-03-11T14:15:32.707605+00:00,11,G:x8x-86G7AHc,Cuidado Que Te Supero,Sharon y los Camperos del Chamamé,19942,https://www.youtube.com/watch?v=WU86UDjV_qI,42
0x96223cfcf1a3a9c5:0xabd8bf191d3a5cff,"Castro, Los Lagos, Chile",CITY,2026-03-11T15:24:10.251306+00:00,19,G:m0_kZ2R__pM,Que Te Vaya Bien,"Santaferia, Grupo Zúmbale Primo",2985,https://www.youtube.com/watch?v=a2NFUb5cCN8,1
0x966238514576f2af:0x153105bba7242aa2,"San Antonio, Valparaíso, Chile",CITY,2026-03-11T14:17:06.874723+00:00,16,G:CKEF1M5fvKo,MAL PORTA,"Martinwhite, Loyaltty, Nemj",8628,https://www.youtube.com/watch?v=xZ1noH4ATP4,16
0x96626f6a7df81e51:0x60cdc26d444b83da,"Santiago Metropolitan Region, Chile",SUBCOUNTRY,2026-03-11T14:04:03.696680+00:00,17,G:WN_df486U2w,Qué Será,"Lucky Brown, Big Cvyu",1173694,https://www.youtube.com/watch?v=1RRFbKZHTgQ,9
0x96627ef5a2b5a5a7:0x50d9a53f7f329f92,"Quilpué, Valparaíso, Chile",CITY,2026-03-11T14:16:57.814083+00:00,15,G:sVuSz8gczL8,SENDA BELLAKONA,S1Naka,8587,https://www.youtube.com/watch?v=OcsC3GcCqG0,26
0x9662c5410425af2f:0x505e1131102b91d,Chile,COUNTRY,2026-03-11T14:04:08.477583+00:00,15,G:H_PE8ZeGlSc,Viral,"Bayron Fire, loyaltty",1956830,https://www.youtube.com/watch?v=iMfHPMd3jTU,18
0x9662c5410425af2f:0x8475d53c400f0931,"Santiago, Santiago Metropolitan Region, Chile",CITY,2026-03-11T14:03:58.126228+00:00,17,G:WN_df486U2w,Qué Será,"Lucky Brown, Big Cvyu",1111043,https://www.youtube.com/watch?v=1RRFbKZHTgQ,9
0x9663435d63019d29:0x17dd0c185ae17ea9,"O'Higgins, Chile",SUBCOUNTRY,2026-03-11T14:55:43.477643+00:00,20,G:d14hUhWo5AQ,Usted Se Parece,"Alanys Lagos, Grupo disparo",48535,https://www.youtube.com/watch?v=8LGnl2UeanE,6
0x96634367bdef13d3:0xd973fc8366ad54f7,"Rancagua, O'Higgins, Chile",CITY,2026-03-11T15:25:47.633772+00:00,18,G:CKEF1M5fvKo,MAL PORTA,"Martinwhite, Loyaltty, Nemj",18279,https://www.youtube.com/watch?v=xZ1noH4ATP4,16
0x966454a2af3b12a1:0xe46a957801599b80,"Maule, Chile",SUBCOUNTRY,2026-03-11T14:29:07.621105+00:00,13,G:OKcg77GV3kE,Que Lindos Ojos,Alanys Lagos,65197,https://www.youtube.com/watch?v=MAVFHyVlLDI,10
0x966519c706a5d7d3:0xd0866d47d2259f4,"Curico, Maule, Chile",CITY,2026-03-11T14:28:59.872504+00:00,17,G:OKcg77GV3kE,Que Lindos Ojos,Alanys Lagos,12225,https://www.youtube.com/watch?v=MAVFHyVlLDI,10
0x9665c6a2ac07d07d:0x265657feafdac8b8,"Talca, Maule, Chile",CITY,2026-03-11T14:28:58.847327+00:00,20,G:OKcg77GV3kE,Que Lindos Ojos,Alanys Lagos,13981,https://www.youtube.com/watch?v=MAVFHyVlLDI,10
0x9668484b3b386227:0xc8e553de0ce0c351,"Bio Bio, Chile",SUBCOUNTRY,2026-03-11T14:04:03.186618+00:00,20,G:WN_df486U2w,Qué Será,"Lucky Brown, Big Cvyu",176567,https://www.youtube.com/watch?v=1RRFbKZHTgQ,9
0x9668d7c2b6f00259:0x14fe84c4f1092ea8,"Chillán, Ñuble, Chile",CITY,2026-03-11T15:25:04.668755+00:00,18,G:CKEF1M5fvKo,MAL PORTA,"Martinwhite, Loyaltty, Nemj",12840,https://www.youtube.com/watch?v=xZ1noH4ATP4,16
0x9669b5cdd2bbc63b:0x44cb37b752212698,"Concepción, Bio Bio, Chile",CITY,2026-03-11T14:04:06.574097+00:00,19,G:I74Pe37SGqc,ESCÁPATE CONMIGO,"Toly Fu, Los pincheira del sur oficial",106432,https://www.youtube.com/watch?v=gHzQJ3z1wgI,7
0x9669c0d5a6937c65:0xcbe5e166e3959dd1,"Coronel, Bio Bio, Chile",CITY,2026-03-11T15:25:13.854055+00:00,20,G:CKEF1M5fvKo,MAL PORTA,"Martinwhite, Loyaltty, Nemj",11699,https://www.youtube.com/watch?v=xZ1noH4ATP4,16
0x9669eae9e4fe5fd5:0x7f045f0b4283de55,"Lota, Bio Bio, Chile",CITY,2026-03-11T14:40:19.754058+00:00,18,G:BHYR1_s0mSw,Amor Escondido,"Lucky Brown, Jere Klein, Fran C",5544,https://www.youtube.com/watch?v=bgfTz8t7a6c,2
0x966bdd4669523657:0x8318f6229d680877,"Los Ángeles, Bio Bio, Chile",CITY,2026-03-11T14:40:19.429240+00:00,16,G:OKcg77GV3kE,Que Lindos Ojos,Alanys Lagos,11604,https://www.youtube.com/watch?v=MAVFHyVlLDI,10
0x966f6516aa560e4f:0x4937059779581ce8,"Linares, Maule, Chile",CITY,2026-03-11T14:28:59.953269+00:00,15,G:d14hUhWo5AQ,Usted Se Parece,"Alanys Lagos, Grupo disparo",5128,https://www.youtube.com/watch?v=8LGnl2UeanE,6
0x967907fdb13d06a7:0xe0fb2796d473309d,"San Rafael, Mendoza Province, Argentina",CITY,2026-03-11T14:30:40.804958+00:00,18,G:YZXVA1MPGlg,Para Repetir | CROSSOVER #11,"Big One, Eugenia Quevedo, ROZE OFICIAL",25164,https://www.youtube.com/watch?v=phiB4EsGcnM,2
0x9679745b5dd5fffd:0x902586f1d047824,"Mendoza Province, Argentina",SUBCOUNTRY,2026-03-11T15:23:22.197330+00:00,18,G:tmt6UrRcMWg,Amor De Mierda (En Vivo) (feat. Angela Leiva),Q' Lokura,255985,https://www.youtube.com/watch?v=8rsWF7VIwys,21
0x967e093ec45179bf:0x205a78f6d20efa3a,"Mendoza, Mendoza Province, Argentina",CITY,2026-03-11T14:30:36.877014+00:00,18,G:CuMFGPMxhto,Monaco,DesaKTa2,35757,https://www.youtube.com/watch?v=OofkFIcvrGU,15
0x96814029a33cd497:0x3552ffe367e3b1df,"San Juan Province, Argentina",SUBCOUNTRY,2026-03-11T14:15:30.350964+00:00,18,G:CuMFGPMxhto,Monaco,DesaKTa2,139084,https://www.youtube.com/watch?v=OofkFIcvrGU,15
0x96814029a33cd497:0xbff3a3a0233cfcb3,"San Juan, San Juan Province, Argentina",CITY,2026-03-11T14:15:26.743517+00:00,19,G:CuMFGPMxhto,Monaco,DesaKTa2,24864,https://www.youtube.com/watch?v=OofkFIcvrGU,15
0x96881132e52f0481:0x1158df996728c85e,"Valparaíso, Chile",SUBCOUNTRY,2026-03-11T14:04:13.808572+00:00,20,G:CKEF1M5fvKo,MAL PORTA,"Martinwhite, Loyaltty, Nemj",115516,https://www.youtube.com/watch?v=xZ1noH4ATP4,16
0x968816835ff4b833:0xc26fa3627501a2a0,"San Felipe, Valparaíso, Chile",CITY,2026-03-11T15:26:02.238077+00:00,16,G:OKcg77GV3kE,Que Lindos Ojos,Alanys Lagos,5292,https://www.youtube.com/watch?v=MAVFHyVlLDI,10
0x96893835f8510297:0x85982eeec5cf03a1,"Coquimbo, Chile",SUBCOUNTRY,2026-03-11T14:21:44.403998+00:00,14,G:81K_VnarjmQ,Daytona,Cris Mj,48768,https://www.youtube.com/watch?v=Ql88PQ4oYbo,8
0x9689cd8fecd724c7:0xefe20583632b9e90,"Quillota, Valparaíso, Chile",CITY,2026-03-11T14:17:04.523338+00:00,15,G:CKEF1M5fvKo,MAL PORTA,"Martinwhite, Loyaltty, Nemj",6817,https://www.youtube.com/watch?v=xZ1noH4ATP4,16
0x9689d62dfe960167:0x667ee927703950e9,"Villa Alemana, Valparaíso, Chile",CITY,2026-03-11T14:17:04.618219+00:00,12,G:sVuSz8gczL8,SENDA BELLAKONA,S1Naka,7496,https://www.youtube.com/watch?v=OcsC3GcCqG0,26
0x9689dde3de20cec7:0xeb0a3a8cbfe19b76,"Valparaíso, Valparaíso, Chile",CITY,2026-03-11T14:17:02.174669+00:00,19,G:H_PE8ZeGlSc,Viral,"Bayron Fire, loyaltty",13353,https://www.youtube.com/watch?v=iMfHPMd3jTU,18
0x9689de84ead41255:0x8e5fde76df3d413f,"Viña del Mar, Valparaíso, Chile",CITY,2026-03-11T14:04:15.560897+00:00,20,G:81K_VnarjmQ,Daytona,Cris Mj,34121,https://www.youtube.com/watch?v=Ql88PQ4oYbo,8
0x9691379197ae255f:0x1e541d1af2f13834,"Atacama, Chile",SUBCOUNTRY,2026-03-11T14:21:30.155381+00:00,19,G:81K_VnarjmQ,Daytona,Cris Mj,16321,https://www.youtube.com/watch?v=Ql88PQ4oYbo,8
0x9691ca649389f3c9:0x8a1787b3d1d84ccb,"La Serena, Coquimbo, Chile",CITY,2026-03-11T14:21:46.253848+00:00,20,G:TXORc4jP-Jc,Zona,"Lucky Brown, Tobal Mj, Nacho G Flow",17440,https://www.youtube.com/watch?v=VZ3Iylxifj4,2
0x9691d9cdb365d25d:0xe7fc112731895cc0,"Coquimbo, Coquimbo, Chile",CITY,2026-03-11T14:21:43.060523+00:00,14,G:81K_VnarjmQ,Daytona,Cris Mj,16682,https://www.youtube.com/watch?v=Ql88PQ4oYbo,8
0x9698040b2d316d71:0xf80596c0f1a40f7a,"Copiapó, Atacama, Chile",CITY,2026-03-11T14:21:28.743359+00:00,18,G:81K_VnarjmQ,Daytona,Cris Mj,10188,https://www.youtube.com/watch?v=Ql88PQ4oYbo,8
0x96a589a2968e3673:0xed42de5534576c2d,"Antofagasta, Chile",SUBCOUNTRY,2026-03-11T14:04:17.242285+00:00,17,G:JPezPN9KDu8,POR EL CONTRARIO (feat. Leonardo Aguilar & Ángela Aguilar),Becky G,79125,https://www.youtube.com/watch?v=8c7KOGxeY3w,6
0x96a58a1999656469:0x9fbe15f44d1e6f96,"Antofagasta, Antofagasta, Chile",CITY,2026-03-11T15:23:30.493614+00:00,17,G:TXORc4jP-Jc,Zona,"Lucky Brown, Tobal Mj, Nacho G Flow",62587,https://www.youtube.com/watch?v=VZ3Iylxifj4,2
0x96ab978f95a58b0d:0xfe7a093627c72306,"Calama, Antofagasta, Chile",CITY,2026-03-11T15:24:01.692296+00:00,11,G:JPezPN9KDu8,POR EL CONTRARIO (feat. Leonardo Aguilar & Ángela Aguilar),Becky G,15507,https://www.youtube.com/watch?v=8c7KOGxeY3w,6
0x976960700fa6fb:0xdecb667ffd84cc3c,"Araruama, State of Rio de Janeiro, Brazil",CITY,2026-03-11T14:32:13.056312+00:00,19,G:QqoIQidDEW4,Uma Carta Viva (Ao Vivo),"Get Worship, Vinicius Cruz, Paulo Neto, Get Global",8018,https://www.youtube.com/watch?v=wf6kBVElGNg,1
0x978a936f151283:0xff2b16c0bfb117c4,"Nova Friburgo, State of Rio de Janeiro, Brazil",CITY,2026-03-11T14:44:19.261186+00:00,4,G:PxGAJat46r4,Difícil Resposta (Ao Vivo),Tentasamba,24620,https://www.youtube.com/watch?v=x9vgCZ_2X0Q,12
0x981894cae28ac3:0x349c31ac10583d0,"State of Rio de Janeiro, Brazil",SUBCOUNTRY,2026-03-11T14:03:32.670290+00:00,15,G:wpcrjwMhDJA,Instinto (Ao Vivo),Gamadinho,1355343,https://www.youtube.com/watch?v=pjb6N9cWN3c,10
0x989c43e1f85da1:0x6236b026b3a0a468,"Juiz de Fora, State of Minas Gerais, Brazil",CITY,2026-03-11T14:20:31.269852+00:00,19,G:AxvImpnBo5w,"Munhoz e Mariano, Panda - Bebum / Respeita as Moda (Ao Vivo)",Munhoz & Mariano,36256,https://www.youtube.com/watch?v=kzErEPdHdiQ,10
0x995bc00409097f:0x9428aac8dc6e3a3e,"Queimados, State of Rio de Janeiro, Brazil",CITY,2026-03-11T15:25:47.071000+00:00,20,G:t1aNpDJF0pc,O Vovô Não Ta Casado,"Biurifol, Dj Emige, B7 City",9082,https://www.youtube.com/watch?v=0iQ5jNnLySo,1
0x995d694889f955:0x23ff502568217834,"Nova Iguaçu, State of Rio de Janeiro, Brazil",CITY,2026-03-11T14:27:45.199981+00:00,20,G:XfnvO7EW37c,Tu és + Águas Purificadoras (Ao Vivo),"Fhop Music, Hamilton Rabelo",61916,https://www.youtube.com/watch?v=YXnQ02HYB1w,2
0x996f6e2b493369:0xbb7fb4c04edcc270,"Belford Roxo, State of Rio de Janeiro, Brazil",CITY,2026-03-11T14:27:46.975911+00:00,19,G:VLL6f89GO4I,Poesia Acústica #11: Nada Mudou,"Azzy, MC Ryan SP, Chris MC, Xamã, Lourena, L7NNON, Cynthia Luz, Mc Poze do Rodo, Salve Malak",37103,https://www.youtube.com/watch?v=FMWiJwLG0j4,1
0x9972edfbe838f5:0x672bb060c280a52a,"Duque de Caxias, State of Rio de Janeiro, Brazil",CITY,2026-03-11T14:27:44.833971+00:00,17,G:wpcrjwMhDJA,Instinto (Ao Vivo),Gamadinho,77056,https://www.youtube.com/watch?v=pjb6N9cWN3c,10
0x9985c034c8b985:0x262ee793dfcc1775,"Niterói, State of Rio de Janeiro, Brazil",CITY,2026-03-11T14:43:50.816629+00:00,17,G:XfnvO7EW37c,Tu és + Águas Purificadoras (Ao Vivo),"Fhop Music, Hamilton Rabelo",23244,https://www.youtube.com/watch?v=YXnQ02HYB1w,2
0x998d9fc58eb9a7:0x853ea58d8bafb4f6,"Maricá, State of Rio de Janeiro, Brazil",CITY,2026-03-11T15:25:43.174122+00:00,15,G:wpcrjwMhDJA,Instinto (Ao Vivo),Gamadinho,17285,https://www.youtube.com/watch?v=pjb6N9cWN3c,10
0x9990f48a8830e1:0x96e11303c14c3674,"São Gonçalo, State of Rio de Janeiro, Brazil",CITY,2026-03-11T14:27:46.759052+00:00,17,G:wpcrjwMhDJA,Instinto (Ao Vivo),Gamadinho,53504,https://www.youtube.com/watch?v=pjb6N9cWN3c,10
0x99bff5afbc21c3:0x81cefcbdcd8acf65,"Itaboraí, State of Rio de Janeiro, Brazil",CITY,2026-03-11T14:38:58.894680+00:00,19,G:wpcrjwMhDJA,Instinto (Ao Vivo),Gamadinho,15693,https://www.youtube.com/watch?v=pjb6N9cWN3c,10
0x9bde559108a05b:0x50dc426c672fd24e,"Rio de Janeiro, State of Rio de Janeiro, Brazil",CITY,2026-03-11T14:03:27.096583+00:00,19,G:LIxxeN2cjgA,Rolê de Sempre,WIU,572725,https://www.youtube.com/watch?v=frfd45-rEHE,1
0x9c59c7ebcc28cf:0x295a1506f2293e63,Brazil,COUNTRY,2026-03-11T14:03:15.499632+00:00,18,G:ZmaQ8M-w3Y0,ME POSTOU NO DAILY - FESTA DO BIG G,"MC GP, MC Lele JP, DJ DAVI DOGDOG, DJ ANDRABEAT",14826977,https://www.youtube.com/watch?v=hQskOv9b_kg,59
0x9e9bf8d9cfa62b:0x56dbc34364c7ad23,"Barra Mansa, State of Rio de Janeiro, Brazil",CITY,2026-03-11T14:32:52.183169+00:00,11,G:PxGAJat46r4,Difícil Resposta (Ao Vivo),Tentasamba,10505,https://www.youtube.com/watch?v=x9vgCZ_2X0Q,12
0xa0a5bc241bce2f:0xf7e939bd5077b17d,"Divinópolis, State of Minas Gerais, Brazil",CITY,2026-03-11T15:25:24.959674+00:00,2,G:f5Avs5g0Oew,"Bebe, Beija e Trai (Ao Vivo)","Mayke, Panda",48482,https://www.youtube.com/watch?v=tqxhLXHmWf0,9
0xa1f575a56f36c7:0x352b824be8a084e2,"Barbacena, State of Minas Gerais, Brazil",CITY,2026-03-11T14:32:43.077582+00:00,20,G:zrn99i4k5ws,Búfalo do Marajó,O Muriel,9993,https://www.youtube.com/watch?v=1dXgB4-JmKo,15
0xa2d6c25268cdc3:0x5051d99f77674403,"Cataguases, State of Minas Gerais, Brazil",CITY,2026-03-11T14:35:14.476029+00:00,18,G:7GxP1LCyRwU,Última Coca Cola (Ao Vivo),Gustavo Moura & Rafael,4483,https://www.youtube.com/watch?v=ki94CeVUUcU,16
0xa3dfe8a2b7c767:0xc6792e00ae5e1d48,"Conselheiro Lafaiete, State of Minas Gerais, Brazil",CITY,2026-03-11T15:25:12.119596+00:00,19,G:egOuHjCFe0A,Eu Vou Cuspir,"DJ YAN MARIOTO, Mc Marlon Ph, BIG MC",8517,https://www.youtube.com/watch?v=7YYd6g-ESlk,5
0xa5a113d676be4b:0xa1b1df8c51582d7,"Itabira, State of Minas Gerais, Brazil",CITY,2026-03-11T14:38:59.658939+00:00,12,G:zrn99i4k5ws,Búfalo do Marajó,O Muriel,10399,https://www.youtube.com/watch?v=1dXgB4-JmKo,15
0xa65aa48d5ab029:0x3158b7984cbbf15f,"Sete Lagoas, State of Minas Gerais, Brazil",CITY,2026-03-11T14:49:33.887613+00:00,17,G:egOuHjCFe0A,Eu Vou Cuspir,"DJ YAN MARIOTO, Mc Marlon Ph, BIG MC",22502,https://www.youtube.com/watch?v=7YYd6g-ESlk,5
0xa690a165324289:0x112170c9379de7b3,"State of Minas Gerais, Brazil",SUBCOUNTRY,2026-03-11T14:03:22.784209+00:00,17,G:zrn99i4k5ws,Búfalo do Marajó,O Muriel,1529474,https://www.youtube.com/watch?v=1dXgB4-JmKo,15
0xa690cacacf2c33:0x5b35795e3ad23997,"Belo Horizonte, State of Minas Gerais, Brazil",CITY,2026-03-11T14:03:36.873763+00:00,18,G:egOuHjCFe0A,Eu Vou Cuspir,"DJ YAN MARIOTO, Mc Marlon Ph, BIG MC",373638,https://www.youtube.com/watch?v=7YYd6g-ESlk,5
0xa694c47adf61e9:0x5132472e55aea70c,"Contagem, State of Minas Gerais, Brazil",CITY,2026-03-11T14:20:30.751156+00:00,19,G:egOuHjCFe0A,Eu Vou Cuspir,"DJ YAN MARIOTO, Mc Marlon Ph, BIG MC",37981,https://www.youtube.com/watch?v=7YYd6g-ESlk,5
0xa6c24a5fb01f9b:0xdae51d9facff118f,"Betim, State of Minas Gerais, Brazil",CITY,2026-03-11T14:20:38.500758+00:00,19,G:egOuHjCFe0A,Eu Vou Cuspir,"DJ YAN MARIOTO, Mc Marlon Ph, BIG MC",33749,https://www.youtube.com/watch?v=7YYd6g-ESlk,5
0xa82b10750e63ed15:0x6042a57e4192feb7,"Otago Region, New Zealand",SUBCOUNTRY,2026-03-11T14:24:09.500845+00:00,9,G:w8IaKSIgkXQ,We Made It,SIX60,4624,https://www.youtube.com/watch?v=70NoK22ItUg,19
0xa82be4e00f5f513d:0x500ef8684799941,"Dunedin, Otago Region, New Zealand",CITY,2026-03-11T14:24:07.807301+00:00,9,G:w8IaKSIgkXQ,We Made It,SIX60,2685,https://www.youtube.com/watch?v=70NoK22ItUg,19
0xaa7aed277e34facf:0x2a8fa5dd29404064,"Tasmania, Australia",SUBCOUNTRY,2026-03-11T15:23:22.057864+00:00,20,G:kw-4UAJJ3Tg,Counting Stars,OneRepublic,6858,https://www.youtube.com/watch?v=hT_nvWreIhg,9
0xab54b430dce6f5:0x231bf948b0041bbb,"Montes Claros, State of Minas Gerais, Brazil",CITY,2026-03-11T14:20:30.303974+00:00,19,G:zrn99i4k5ws,Búfalo do Marajó,O Muriel,40381,https://www.youtube.com/watch?v=1dXgB4-JmKo,15
0xb1a7947c2e06c7:0x76454399f628aa6f,"Governador Valadares, State of Minas Gerais, Brazil",CITY,2026-03-11T14:37:01.995861+00:00,6,G:zrn99i4k5ws,Búfalo do Marajó,O Muriel,31670,https://www.youtube.com/watch?v=1dXgB4-JmKo,15
0xb32242dbf4226d5:0x2ab84b091c4ef041,Portugal,COUNTRY,2026-03-11T14:10:09.244297+00:00,20,G:ZdPfQit9p1s,Resenha Na Laje,"Kew, DJGILCASTRO",501514,https://www.youtube.com/watch?v=O7buVI-wk9I,21
0xb624fa1ad6fe2b:0x51fd1d6a62e6fde0,"Linhares, State of Espírito Santo, Brazil",CITY,2026-03-11T14:20:01.028006+00:00,2,G:PFeFScofq7Y,Volte Amor (Ao Vivo em Linhares),"Zé Elias, Gusttavo Lima",87870,https://www.youtube.com/watch?v=GOidvYhx_s0,1
0xb7069579646359:0x4e1bd5243c50f799,"State of Espírito Santo, Brazil",SUBCOUNTRY,2026-03-11T14:20:00.565494+00:00,18,G:GyfbBvGsZwE,Amor Selvagem / Ela É Demais (Ao Vivo),"Borges & Dedeu, MJ Records, Ícaro e Gilmar",336439,https://www.youtube.com/watch?v=bNDHaspwfIg,11
0xb7aa0db8040e57:0x49c8de63da9f311e,"Colatina, State of Espírito Santo, Brazil",CITY,2026-03-11T15:25:08.998497+00:00,14,G:GyfbBvGsZwE,Amor Selvagem / Ela É Demais (Ao Vivo),"Borges & Dedeu, MJ Records, Ícaro e Gilmar",16251,https://www.youtube.com/watch?v=bNDHaspwfIg,11
0xb817b2995d6bf1:0xf69aa51e4ff904b1,"Vila Velha, State of Espírito Santo, Brazil",CITY,2026-03-11T14:19:57.205840+00:00,19,G:AsyrT7EwUEc,Um Novo Dia,"Get Worship, Melk Villar, Vinicius Cruz, Get Global",77034,https://www.youtube.com/watch?v=6NvkZY-va0E,24
0xb81fa3965b36af:0x521cd91111dd2e08,"Serra, State of Espírito Santo, Brazil",CITY,2026-03-11T14:19:57.186793+00:00,20,G:Rw21kZp1s4U,Um Centímetro (feat. Juninho Moraes),Toque Dez,49014,https://www.youtube.com/watch?v=UHY_Znbz6zc,21
0xb83d5d85374ee9:0x97595e7ea70ed809,"Vitoria, State of Espírito Santo, Brazil",CITY,2026-03-11T14:19:59.847599+00:00,5,G:0EsgoPQc9SY,Textão (Ao Vivo),Yan,79841,https://www.youtube.com/watch?v=YSh_diTLEWU,11
0xb95d3d7ef7ecb9:0xa68aadb2a822a95,"Cachoeiro de Itapemirim, State of Espírito Santo, Brazil",CITY,2026-03-11T14:19:59.209858+00:00,15,G:GyfbBvGsZwE,Amor Selvagem / Ela É Demais (Ao Vivo),"Borges & Dedeu, MJ Records, Ícaro e Gilmar",20845,https://www.youtube.com/watch?v=bNDHaspwfIg,11
0xbc4b1644a97ec1cb:0x48273f4501527328,"Rio Grande, Tierra del Fuego Province, Argentina",CITY,2026-03-11T14:13:34.579315+00:00,18,G:My81OLgMM-c,Un Montón de Estrellas / El Doctorado / Siguiendo la Luna (En Vivo),"Q' Lokura, LA T Y LA M",10132,https://www.youtube.com/watch?v=vFCkw3NiKQc,34
0xbc4c22b5bad109bf:0x5498473dba43ebfc,"Ushuaia, Tierra del Fuego Province, Argentina",CITY,2026-03-11T14:13:33.704506+00:00,17,G:My81OLgMM-c,Un Montón de Estrellas / El Doctorado / Siguiendo la Luna (En Vivo),"Q' Lokura, LA T Y LA M",8703,https://www.youtube.com/watch?v=vFCkw3NiKQc,34
0xbc4c22cfd9432921:0x80ee54358cf0d88d,"Tierra del Fuego Province, Argentina",SUBCOUNTRY,2026-03-11T14:13:39.088973+00:00,17,G:My81OLgMM-c,Un Montón de Estrellas / El Doctorado / Siguiendo la Luna (En Vivo),"Q' Lokura, LA T Y LA M",19573,https://www.youtube.com/watch?v=vFCkw3NiKQc,34
0xbc523f9bc436b34d:0x738d4d42239dca76,"Magallanes and Chilean Antarctica, Chile",SUBCOUNTRY,2026-03-11T15:24:55.959884+00:00,14,G:Z-Kj-bE_gf8,Pobre Corazón (En Vivo) (feat. Onda Sabanera),Ke Personajes,15014,https://www.youtube.com/watch?v=Dcow-Jp3Ak4,2
0xbc52ca58b309cc21:0xfa616a8b65456916,"Punta Arenas, Magallanes and Chilean Antarctica, Chile",CITY,2026-03-11T15:24:55.658041+00:00,15,G:Z-Kj-bE_gf8,Pobre Corazón (En Vivo) (feat. Onda Sabanera),Ke Personajes,12134,https://www.youtube.com/watch?v=Dcow-Jp3Ak4,2
0xbd8aa4fdb9176d11:0xcbfcbd94bac1fef3,"Aysén, Chile",SUBCOUNTRY,2026-03-11T14:54:50.985130+00:00,16,G:d14hUhWo5AQ,Usted Se Parece,"Alanys Lagos, Grupo disparo",5078,https://www.youtube.com/watch?v=8LGnl2UeanE,6
0xbdb6f952b21c66e5:0xab7c41f247647102,"Rio Gallegos, Santa Cruz Province, Argentina",CITY,2026-03-11T14:23:24.761381+00:00,14,G:My81OLgMM-c,Un Montón de Estrellas / El Doctorado / Siguiendo la Luna (En Vivo),"Q' Lokura, LA T Y LA M",23193,https://www.youtube.com/watch?v=vFCkw3NiKQc,34
0xbdb6fbfdc37f535f:0xe4b90d77fdc8237c,"Santa Cruz Province, Argentina",SUBCOUNTRY,2026-03-11T14:23:25.571140+00:00,12,G:My81OLgMM-c,Un Montón de Estrellas / El Doctorado / Siguiendo la Luna (En Vivo),"Q' Lokura, LA T Y LA M",51474,https://www.youtube.com/watch?v=vFCkw3NiKQc,34
0xbdbb0cc0138f62cb:0x30d4035d88e4dc69,"El Calafate, Santa Cruz Province, Argentina",CITY,2026-03-11T14:23:34.398603+00:00,14,G:l3yOlXtK604,Mamichula,"Trueno, Nicki Nicole, Bizarrap",3595,https://www.youtube.com/watch?v=NUteQQCMa_k,1
0xbdd5d1be81b545:0xee97b136e7168ee1,"Campos dos Goytacazes, State of Rio de Janeiro, Brazil",CITY,2026-03-11T14:27:46.696440+00:00,20,G:0EsgoPQc9SY,Textão (Ao Vivo),Yan,34511,https://www.youtube.com/watch?v=YSh_diTLEWU,11
0xbde2a3c6a2577047:0xdad4458e4b26a228,"Chubut Province, Argentina",SUBCOUNTRY,2026-03-11T15:24:19.154291+00:00,14,G:My81OLgMM-c,Un Montón de Estrellas / El Doctorado / Siguiendo la Luna (En Vivo),"Q' Lokura, LA T Y LA M",75715,https://www.youtube.com/watch?v=vFCkw3NiKQc,34
0xbde4544de04824f5:0x5d9f7f8e3bb8ee4b,"Comodoro Rivadavia, Chubut Province, Argentina",CITY,2026-03-11T15:24:19.333792+00:00,16,G:My81OLgMM-c,Un Montón de Estrellas / El Doctorado / Siguiendo la Luna (En Vivo),"Q' Lokura, LA T Y LA M",26208,https://www.youtube.com/watch?v=vFCkw3NiKQc,34
0xbde5dfb668c9d5b9:0xf84b6fc84390d390,"Caleta Olivia, Santa Cruz Province, Argentina",CITY,2026-03-11T14:23:27.562047+00:00,20,G:cjVY1R3E1tA,Rocha (Remix),"Gonzalo Nawel, Dvann",7762,https://www.youtube.com/watch?v=fADJLmidraw,20
0xbdf2d9707a606cb7:0x4585918d052fa581,"Coyhaique, Aysén, Chile",CITY,2026-03-11T15:25:15.955136+00:00,13,G:5ljbLxtbfDs,Corazón de piedra,Grupo disparo,3153,https://www.youtube.com/watch?v=MTUez0Rl9NY,14
0xbe0144b6cf6769bb:0x9cbd6c76af132e0d,"Trelew, Chubut Province, Argentina",CITY,2026-03-11T15:24:19.322799+00:00,18,G:CuMFGPMxhto,Monaco,DesaKTa2,15058,https://www.youtube.com/watch?v=OofkFIcvrGU,15
0xbe02355e87a2ead1:0x1e890d2810b44382,"Puerto Madryn, Chubut Province, Argentina",CITY,2026-03-11T15:24:19.559693+00:00,15,G:My81OLgMM-c,Un Montón de Estrellas / El Doctorado / Siguiendo la Luna (En Vivo),"Q' Lokura, LA T Y LA M",13034,https://www.youtube.com/watch?v=vFCkw3NiKQc,34
0xc40950e91c097d1:0xab36b5ac5338ba65,"Las Palmas de Gran Canaria, Canary Islands, Spain",CITY,2026-03-11T14:39:58.176662+00:00,15,G:bujfUvIvOuY,Por un pendejo no se llora (Salud mi Reina),Manuel Turizo,78503,https://www.youtube.com/watch?v=DTugpIRhuZw,2
0xc41aa86ef755363:0x10340f3be4bc8c0,"Canary Islands, Spain",SUBCOUNTRY,2026-03-11T14:10:58.675412+00:00,18,G:bujfUvIvOuY,Por un pendejo no se llora (Salud mi Reina),Manuel Turizo,132014,https://www.youtube.com/watch?v=DTugpIRhuZw,2
0xc41cceccc254171:0x43111473d277e52e,"Santa Cruz de Tenerife, Canary Islands, Spain",CITY,2026-03-11T14:23:28.844941+00:00,18,G:rt_S1eBrl5Q,Noche de copas,Nueva Línea,13444,https://www.youtube.com/watch?v=JVQ55daKkUM,1
0xc41cdeccdcfeaf5:0x54a9fe4642667870,"San Cristóbal de La Laguna, Canary Islands, Spain",CITY,2026-03-11T14:39:53.056858+00:00,8,G:XD4CoBnDFM0,Como en el Idilio,"Marc Anthony, Nathy Peluso",9320,https://www.youtube.com/watch?v=OYtHvS7n7ic,4
0xc42e3783261bc8b:0xa6ec2c940768a3ec,Spain,COUNTRY,2026-03-11T14:10:54.323191+00:00,18,G:XgcNa83-6fs,LOQUITA,"JC Reyes, Slayter",2060476,https://www.youtube.com/watch?v=pqx9Ew0Ror0,42
0xc46276fc5b3ba57:0x93c5d5f6589a2ec4,"Arrecife, Canary Islands, Spain",CITY,2026-03-11T14:32:15.329624+00:00,17,G:cC46Sc0vjas,Un beso,Nueva Línea,4076,https://www.youtube.com/watch?v=gsfue31UTAQ,10
0xc5fe9a0f8f92eef:0xc77e56774ba5e6f,"Madeira, Portugal",SUBCOUNTRY,2026-03-11T14:55:22.989668+00:00,17,G:TsQBnxhlGFA,Sua Boca Mente (You're Still The One),"Zé Felipe, Ana Castela",9508,https://www.youtube.com/watch?v=FCMyTR1SJM8,2
0xc605fc3501f8bab:0xffd84d2c15cda139,"Funchal, Madeira, Portugal",CITY,2026-03-11T14:36:40.818164+00:00,18,G:TsQBnxhlGFA,Sua Boca Mente (You're Still The One),"Zé Felipe, Ana Castela",5241,https://www.youtube.com/watch?v=FCMyTR1SJM8,2
0xca0df27a5749f5:0xd8297d72c50d1b82,"São Mateus, State of Espírito Santo, Brazil",CITY,2026-03-11T14:20:04.240071+00:00,12,G:nK8mn5-fYA4,Biometria,Netto Brito,19543,https://www.youtube.com/watch?v=bS9r47RA_To,6
0xd0552e72290faa7:0x8d73c2d4494aff5a,"Faro, Faro District, Portugal",CITY,2026-03-11T15:25:40.180682+00:00,13,G:6J-P6QX1k18,E Se Eu Contasse,Francisca Borges,3016,https://www.youtube.com/watch?v=aRZHPypfrNQ,24
0xd0554ee55d1cfef:0x80e2652e12910e45,"Faro District, Portugal",SUBCOUNTRY,2026-03-11T14:10:07.273694+00:00,15,G:H-A4_I6P8c0,Mussulo (feat. Dody),"DJ Malvado, DJ Aka-m",21389,https://www.youtube.com/watch?v=lAsV_WlWv-4,22
0xd0b425de2c14849:0x43258dbd024e7abc,"Tetouan, Tangier-Tétouan-Al Hoceima, Morocco",CITY,2026-03-11T15:26:05.245912+00:00,12,G:XIk-q0MAHME,Chankla,Probador,20296,https://www.youtube.com/watch?v=6l0Apm74dTw,1
0xd0b875cf04c132d:0x76bfc571bfb4e17a,"Tangier, Tangier-Tétouan-Al Hoceima, Morocco",CITY,2026-03-11T15:26:05.152690+00:00,16,G:Gq1d_Oi4z7A,Habibi,"Duke, Salma Rachid",77425,https://www.youtube.com/watch?v=qcqBbrZx4mE,2
0xd0b88619651c58d:0xd9d39381c42cffc3,Morocco,COUNTRY,2026-03-11T14:53:58.378483+00:00,20,G:KmjEigy_Mic,هواسي,Lbenj,854109,https://www.youtube.com/watch?v=AyGGGN2VFWk,7
0xd0c34bd56ad3247:0xf716d829c0c890f6,"Chiclana de la Frontera, Andalusia, Spain",CITY,2026-03-11T15:25:04.351716+00:00,17,G:Y_RNlrgMz-A,Que Me Lleve el Aire,Luis Cortés,3762,https://www.youtube.com/watch?v=WsZihlJiggE,4
0xd0c9496ba5d5751:0xa626ca859cd81ce9,"Algeciras, Andalusia, Spain",CITY,2026-03-11T14:31:56.506217+00:00,18,G:SwrN-dI-F98,TATAMI,JC Reyes,5668,https://www.youtube.com/watch?v=Un9tffyTUvY,10
0xd0cbf762714be35:0x384e25263600870f,Gibraltar,COUNTRY,2026-03-11T15:26:31.588970+00:00,18,G:kZooKXY6Rn0,The Door,Teddy Swims,1698,https://www.youtube.com/watch?v=VSXT4a2kRHA,2
0xd0cbf762714be35:0x6f3daa498c3074eb,"Gibraltar, Gibraltar",CITY,2026-03-11T15:26:31.501656+00:00,18,G:kZooKXY6Rn0,The Door,Teddy Swims,1698,https://www.youtube.com/watch?v=VSXT4a2kRHA,2
0xd0cc0f52a2e26f3:0x50a332203e0d0690,"La Línea de la Concepción, Andalusia, Spain",CITY,2026-03-11T14:25:54.010898+00:00,15,G:g_Fuy1mLCI4,Amor Mío,Canelita,3514,https://www.youtube.com/watch?v=Zov2Y_lsffY,1
0xd0dc6e84844a39f:0x6dac3ef5f3d0ffea,"Jerez de la Frontera, Andalusia, Spain",CITY,2026-03-11T14:39:12.921573+00:00,19,G:YFBHNe-Sx_8,Las guapas,Alejandro Sanz,9019,https://www.youtube.com/watch?v=50q7_zNb18Q,6
0xd0dcc2483d623a7:0x71b44bb8c8947118,"Puerto Real, Andalusia, Spain",CITY,2026-03-11T15:25:44.882517+00:00,20,G:wJFsguz78so,SETEADORA (REMIX),"LAJA, JC Reyes",1419,https://www.youtube.com/watch?v=5gJYMQVSYH4,3
0xd0dcd24afe80747:0xeaa0fa57425c3a0a,"San Fernando, Andalusia, Spain",CITY,2026-03-11T15:26:02.464644+00:00,20,G:Y_RNlrgMz-A,Que Me Lleve el Aire,Luis Cortés,3490,https://www.youtube.com/watch?v=WsZihlJiggE,4
0xd0dd011d731c25b:0x929c66b8e1876e00,"El Puerto de Santa María, Andalusia, Spain",CITY,2026-03-11T14:48:59.259729+00:00,18,G:SwrN-dI-F98,TATAMI,JC Reyes,3251,https://www.youtube.com/watch?v=Un9tffyTUvY,10
0xd0dd25724ec240f:0x40463fd8ca03b00,"Cádiz, Andalusia, Spain",CITY,2026-03-11T14:34:47.481924+00:00,15,G:YFBHNe-Sx_8,Las guapas,Alejandro Sanz,8114,https://www.youtube.com/watch?v=50q7_zNb18Q,6
0xd0dde12a2f8e5ef:0xe9bbc21d97ce48c6,"Sanlúcar de Barrameda, Andalusia, Spain",CITY,2026-03-11T14:49:00.957725+00:00,20,G:01Oo_Mr6VTE,DA LA LUZ,JC Reyes,2792,https://www.youtube.com/watch?v=tjAb9mr1a3c,2
0xd11cfe6d744284b:0xd82baac110b40f83,"Huelva, Andalusia, Spain",CITY,2026-03-11T14:38:25.216638+00:00,11,G:UOD-yJfUros,BARRIO FINO,"JC Reyes, Hades66",6961,https://www.youtube.com/watch?v=MYHFEr9tdzc,18
0xd11d9b1cf9dc545:0xc1c9654d77f1f30f,"Andalusia, Spain",SUBCOUNTRY,2026-03-11T14:10:52.542167+00:00,20,G:SwrN-dI-F98,TATAMI,JC Reyes,474497,https://www.youtube.com/watch?v=Un9tffyTUvY,10
0xd1264cb69eb0c71:0xd33b81f16ee77bb,"Alcalá de Guadaíra, Andalusia, Spain",CITY,2026-03-11T14:31:57.985123+00:00,12,G:wJFsguz78so,SETEADORA (REMIX),"LAJA, JC Reyes",3672,https://www.youtube.com/watch?v=5gJYMQVSYH4,3
0xd126c1114be6291:0x34f018621cfe5648,"Seville, Andalusia, Spain",CITY,2026-03-11T14:10:55.742147+00:00,19,G:RhAmkaA_j_U,CELOSA,"JC Reyes, David Marley",119049,https://www.youtube.com/watch?v=bTrTWMpsRW4,2
0xd12705c945f7355:0x1f6735c306757c59,"Dos Hermanas, Andalusia, Spain",CITY,2026-03-11T15:25:27.436957+00:00,19,G:wJFsguz78so,SETEADORA (REMIX),"LAJA, JC Reyes",4353,https://www.youtube.com/watch?v=5gJYMQVSYH4,3
0xd1426907b023fe7:0xfe5ac25ac22cadde,"Mérida, Extremadura, Spain",CITY,2026-03-11T14:13:45.871476+00:00,19,G:LxexgwMLC0E,LOVE,Clarent,1959,https://www.youtube.com/watch?v=N79cL5n_xnc,13
0xd15ca44ad812d97:0x10463fd8c9fc830,"Extremadura, Spain",SUBCOUNTRY,2026-03-11T14:13:47.994958+00:00,20,G:LxexgwMLC0E,LOVE,Clarent,19357,https://www.youtube.com/watch?v=N79cL5n_xnc,13
0xd15dfe1495a2363:0x690bbafe8741c23,"Cáceres‎, Extremadura, Spain",CITY,2026-03-11T14:13:39.384885+00:00,19,G:iD3DAQ0WzKM,T AMARÉ,"Tony Grox, LUCYCALYS",3297,https://www.youtube.com/watch?v=416gT3MqhOM,7
0xd16e43eac5f354d:0x688c7e359714a4a9,"Badajoz, Extremadura, Spain",CITY,2026-03-11T14:13:38.770132+00:00,16,G:UOD-yJfUros,BARRIO FINO,"JC Reyes, Hades66",5542,https://www.youtube.com/watch?v=MYHFEr9tdzc,18
0xd18b250a082a2d1:0xb39a198d8e8efc9c,"Caldas da Rainha, Leiria District, Portugal",CITY,2026-03-11T14:40:04.880666+00:00,11,G:6J-P6QX1k18,E Se Eu Contasse,Francisca Borges,1754,https://www.youtube.com/watch?v=aRZHPypfrNQ,24
0xd18d5a8e12b125b:0x300ebbde4902cc0,"Lisbon, Portugal",SUBCOUNTRY,2026-03-11T14:10:08.583931+00:00,12,G:l2_7KwOqAhU,Passada,Garry,187502,https://www.youtube.com/watch?v=a1idSRj14sc,15
0xd1927eddcd38ecd:0xb288a80240c67498,"Vila Franca de Xira, Lisbon, Portugal",CITY,2026-03-11T14:36:25.166680+00:00,14,G:ZdPfQit9p1s,Resenha Na Laje,"Kew, DJGILCASTRO",678,https://www.youtube.com/watch?v=O7buVI-wk9I,21
0xd1932a9ba86c01b:0x9e3c39fcf710aa93,"Odivelas, Lisbon, Portugal",CITY,2026-03-11T15:24:14.990029+00:00,14,G:TzlpRc6lWHs,Parte a Coluna,"Filho do Zua, Tshunami",1852,https://www.youtube.com/watch?v=ifkQIQlyAs4,12
0xd19331a61e4f33b:0x400ebbde49036d0,"Lisbon, Lisbon, Portugal",CITY,2026-03-11T14:10:07.747673+00:00,19,G:l2_7KwOqAhU,Passada,Garry,113459,https://www.youtube.com/watch?v=a1idSRj14sc,15
0xd193570c106a8d3:0xe25836c859f50222,"Corroios, Setubal, Portugal",CITY,2026-03-11T15:25:13.855744+00:00,19,G:ZdPfQit9p1s,Resenha Na Laje,"Kew, DJGILCASTRO",1301,https://www.youtube.com/watch?v=O7buVI-wk9I,21
0xd19364130a15035:0xf646c05c5d94b5f7,"Barreiro, Setubal, Portugal",CITY,2026-03-11T14:32:49.622189+00:00,17,G:L6647DRLSvM,BABETE,Landrick,2026,https://www.youtube.com/watch?v=H9etTzcocfU,2
0xd19364144ad7569:0xa59c965460c3f80d,"Setubal, Portugal",SUBCOUNTRY,2026-03-11T14:10:04.932172+00:00,15,G:ZdPfQit9p1s,Resenha Na Laje,"Kew, DJGILCASTRO",40370,https://www.youtube.com/watch?v=O7buVI-wk9I,21
0xd1942feab027435:0x9ff23f769bb5aa54,"Setúbal, Setubal, Portugal",CITY,2026-03-11T14:10:12.051900+00:00,19,G:ZdPfQit9p1s,Resenha Na Laje,"Kew, DJGILCASTRO",6146,https://www.youtube.com/watch?v=O7buVI-wk9I,21
0xd194a08e7049441:0x10eccf8c3182a851,"Amora, Setubal, Portugal",CITY,2026-03-11T14:32:04.611582+00:00,14,G:L6647DRLSvM,BABETE,Landrick,2355,https://www.youtube.com/watch?v=H9etTzcocfU,2
0xd19e3a93441a477:0x6441fe8bb5eab19f,"Évora District, Portugal",SUBCOUNTRY,2026-03-11T15:25:38.286129+00:00,3,G:eDxS0Dyzm7A,Amor Antigo,Os Alentons,9237,https://www.youtube.com/watch?v=dEtMm_3YVIM,2
0xd19e4df3883139d:0xa6ad8a31c3bdef6c,"Evora, Évora District, Portugal",CITY,2026-03-11T15:25:37.357371+00:00,4,G:eDxS0Dyzm7A,Amor Antigo,Os Alentons,4210,https://www.youtube.com/watch?v=dEtMm_3YVIM,2
0xd1aceae38ddc41f:0xed22e7a562441045,"Albufeira, Faro District, Portugal",CITY,2026-03-11T15:25:39.551175+00:00,16,G:H-A4_I6P8c0,Mussulo (feat. Dody),"DJ Malvado, DJ Aka-m",1996,https://www.youtube.com/watch?v=lAsV_WlWv-4,22
0xd1b28eca9242961:0x93fcc923718014e1,"Portimão, Faro District, Portugal",CITY,2026-03-11T15:25:40.066836+00:00,13,G:H-A4_I6P8c0,Mussulo (feat. Dody),"DJ Malvado, DJ Aka-m",4674,https://www.youtube.com/watch?v=lAsV_WlWv-4,22
0xd1b304950234d8d:0x5410aaa3471afc57,"Lagos, Faro District, Portugal",CITY,2026-03-11T15:25:39.769483+00:00,19,G:ZdPfQit9p1s,Resenha Na Laje,"Kew, DJGILCASTRO",896,https://www.youtube.com/watch?v=O7buVI-wk9I,21
0xd1ecd089ae7d409:0xaf7a40877cf7ddbe,"Amadora, Lisbon, Portugal",CITY,2026-03-11T14:10:07.421702+00:00,17,G:g_Tnf8yeWjE,Otu Padaz,Yasmine,8661,https://www.youtube.com/watch?v=b_AyVl0-ybA,1
0xd1ecdc7b6a91dff:0x640e529d48f28a83,"Queluz, Lisbon, Portugal",CITY,2026-03-11T15:24:15.313625+00:00,10,G:V_NPYA-0bNE,Rabudjuda,Zé Espanhol,4251,https://www.youtube.com/watch?v=2tNKgOuDZMQ,3
0xd1ecf342103871b:0x3f9fa0dfaa5a86b5,"São Domingos de Rana, Lisbon, Portugal",CITY,2026-03-11T15:24:15.090449+00:00,13,G:ZdPfQit9p1s,Resenha Na Laje,"Kew, DJGILCASTRO",2170,https://www.youtube.com/watch?v=O7buVI-wk9I,21
0xd1ecfd3e616b3e3:0xfb40019462baf38b,"Rio de Mouro, Lisbon, Portugal",CITY,2026-03-11T15:24:15.038612+00:00,14,G:V_NPYA-0bNE,Rabudjuda,Zé Espanhol,2124,https://www.youtube.com/watch?v=2tNKgOuDZMQ,3
0xd2237e03def9c41:0x878e2298dda9f4de,"Figueira da Foz, Coimbra District, Portugal",CITY,2026-03-11T15:25:08.413362+00:00,19,G:ZdPfQit9p1s,Resenha Na Laje,"Kew, DJGILCASTRO",1224,https://www.youtube.com/watch?v=O7buVI-wk9I,21
0xd22667a0f7b665d:0x54ef4284882bc585,"Leiria District, Portugal",SUBCOUNTRY,2026-03-11T14:10:08.783148+00:00,19,G:ZdPfQit9p1s,Resenha Na Laje,"Kew, DJGILCASTRO",22702,https://www.youtube.com/watch?v=O7buVI-wk9I,21
0xd22731534c9b2b9:0x4daf832739d43c6c,"Leiria, Leiria District, Portugal",CITY,2026-03-11T14:10:15.818687+00:00,17,G:H-A4_I6P8c0,Mussulo (feat. Dody),"DJ Malvado, DJ Aka-m",6803,https://www.youtube.com/watch?v=lAsV_WlWv-4,22
0xd22f9144aacd16d:0x634564477b42a6b9,"Coimbra, Coimbra District, Portugal",CITY,2026-03-11T15:25:08.877017+00:00,19,G:ZdPfQit9p1s,Resenha Na Laje,"Kew, DJGILCASTRO",4460,https://www.youtube.com/watch?v=O7buVI-wk9I,21
0xd22f9730be24815:0x39f4e0a65638bcee,"Coimbra District, Portugal",SUBCOUNTRY,2026-03-11T15:25:08.625511+00:00,18,G:ZdPfQit9p1s,Resenha Na Laje,"Kew, DJGILCASTRO",12087,https://www.youtube.com/watch?v=O7buVI-wk9I,21
0xd2374e4a04d1e15:0x300ebbde4902c20,"Aveiro District, Portugal",SUBCOUNTRY,2026-03-11T14:32:36.726490+00:00,15,G:ZdPfQit9p1s,Resenha Na Laje,"Kew, DJGILCASTRO",23895,https://www.youtube.com/watch?v=O7buVI-wk9I,21
0xd2380dd89655459:0x8ea3240b8174a23a,"Santa Maria da Feira, Aveiro District, Portugal",CITY,2026-03-11T14:28:47.708927+00:00,14,G:ZdPfQit9p1s,Resenha Na Laje,"Kew, DJGILCASTRO",1149,https://www.youtube.com/watch?v=O7buVI-wk9I,21
0xd2381fb79f6fc9b:0x439be81ba6cb864a,"São João da Madeira, Aveiro District, Portugal",CITY,2026-03-11T14:32:35.732832+00:00,14,G:ZdPfQit9p1s,Resenha Na Laje,"Kew, DJGILCASTRO",1392,https://www.youtube.com/watch?v=O7buVI-wk9I,21
0xd23980ed5b2e78d:0x3042e1cd013c1f07,"Aveiro, Aveiro District, Portugal",CITY,2026-03-11T14:32:35.433288+00:00,17,G:6J-P6QX1k18,E Se Eu Contasse,Francisca Borges,2316,https://www.youtube.com/watch?v=aRZHPypfrNQ,24
0xd2452334f891715:0xbbb13fdb637f476e,"Barcelos, Braga, Portugal",CITY,2026-03-11T14:33:54.262030+00:00,17,G:vuhOHVK6Lkc,Vira Vira (feat. Victor Rodrigues),D.A.M.A,517,https://www.youtube.com/watch?v=5PF8VogyB8E,3
0xd246393322f1351:0x6a3582dd52141d74,"Rio Tinto, Porto District, Portugal",CITY,2026-03-11T14:47:51.684378+00:00,11,G:6VuBENKiicQ,CAVALINHO (Remix),"PEDRO SAMPAIO, Gasparzinho, MC MENO K",2385,https://www.youtube.com/watch?v=iACIeMwha7k,30
0xd2464faf074d469:0xda88b40e2efc763e,"Porto District, Portugal",SUBCOUNTRY,2026-03-11T14:10:05.618160+00:00,17,G:dd9LY6_a7sk,Vagabundo,"Gusttavo Lima, Luis Fonsi",153306,https://www.youtube.com/watch?v=aaLYhwadeE0,6
0xd246527744036f1:0x677d50cf52addd75,"Vila Nova de Gaia, Porto District, Portugal",CITY,2026-03-11T14:10:07.770889+00:00,10,G:6VuBENKiicQ,CAVALINHO (Remix),"PEDRO SAMPAIO, Gasparzinho, MC MENO K",8786,https://www.youtube.com/watch?v=iACIeMwha7k,30
0xd2465abc4e153c1:0xa648d95640b114bc,"Porto, Porto District, Portugal",CITY,2026-03-11T14:10:07.824027+00:00,13,G:dd9LY6_a7sk,Vagabundo,"Gusttavo Lima, Luis Fonsi",109664,https://www.youtube.com/watch?v=aaLYhwadeE0,6
0xd24f0191ff06bb3:0x53e284e8981c154a,"Guimaraes, Braga, Portugal",CITY,2026-03-11T14:33:52.677597+00:00,10,G:9_g86Cs9UqA,Ficar Óai,"D.A.M.A, Zé Amaro",4624,https://www.youtube.com/watch?v=_p7f-jZ-qyA,5
0xd24fcb28f51b04d:0xd60ee0eafd96758f,"Braga, Portugal",SUBCOUNTRY,2026-03-11T14:10:06.752344+00:00,9,G:vuhOHVK6Lkc,Vira Vira (feat. Victor Rodrigues),D.A.M.A,38681,https://www.youtube.com/watch?v=5PF8VogyB8E,3
0xd24febc6cf5d867:0xbc5d054162d1e218,"Braga, Braga, Portugal",CITY,2026-03-11T14:34:00.203068+00:00,4,G:vuhOHVK6Lkc,Vira Vira (feat. Victor Rodrigues),D.A.M.A,11164,https://www.youtube.com/watch?v=5PF8VogyB8E,3
0xd2e7c868908156b:0xe1ac7930138c9642,"Galicia, Spain",SUBCOUNTRY,2026-03-11T14:21:03.936132+00:00,17,G:cC46Sc0vjas,Un beso,Nueva Línea,109175,https://www.youtube.com/watch?v=gsfue31UTAQ,10
0xd2e7cfcf174574d:0x6a47350d095cdfee,"La Coruña, Galicia, Spain",CITY,2026-03-11T14:21:06.590248+00:00,14,G:68H_4LsWfdk,"Daddy Yankee: Bzrp Music Sessions, Vol. 0/66","Bizarrap, Daddy Yankee",13789,https://www.youtube.com/watch?v=qNw8ejrI0nM,61
0xd2efe44e2dd71a7:0xe0146888c087e311,"Santiago de Compostela, Galicia, Spain",CITY,2026-03-11T14:16:44.857297+00:00,16,G:cC46Sc0vjas,Un beso,Nueva Línea,5343,https://www.youtube.com/watch?v=gsfue31UTAQ,10
0xd2f621461b2c193:0x7b441dad174bd49f,"Vigo, Galicia, Spain",CITY,2026-03-11T14:21:04.270415+00:00,15,G:cC46Sc0vjas,Un beso,Nueva Línea,58251,https://www.youtube.com/watch?v=gsfue31UTAQ,10
0xd2f71cf339da6d7:0x6d5b163a1be431d4,"Pontevedra, Galicia, Spain",CITY,2026-03-11T14:21:10.127817+00:00,19,G:cC46Sc0vjas,Un beso,Nueva Línea,2605,https://www.youtube.com/watch?v=gsfue31UTAQ,10
0xd2ffeb5bc5378eb:0x295326a374bca39c,"Orense, Galicia, Spain",CITY,2026-03-11T14:21:09.071007+00:00,19,G:cC46Sc0vjas,Un beso,Nueva Línea,3743,https://www.youtube.com/watch?v=gsfue31UTAQ,10
0xd30ba8c4ef7b633:0xdc636ce1ab239060,"Ponferrada, Castile and León, Spain",CITY,2026-03-11T14:47:25.068993+00:00,16,G:68H_4LsWfdk,"Daddy Yankee: Bzrp Music Sessions, Vol. 0/66","Bizarrap, Daddy Yankee",1670,https://www.youtube.com/watch?v=qNw8ejrI0nM,61
0xd31ce80b130876d:0x1f305fbf2867050c,"Lugo, Galicia, Spain",CITY,2026-03-11T14:21:14.232318+00:00,15,G:68H_4LsWfdk,"Daddy Yankee: Bzrp Music Sessions, Vol. 0/66","Bizarrap, Daddy Yankee",3760,https://www.youtube.com/watch?v=qNw8ejrI0nM,61
0xd367c66cbf494bf:0xbd06d207048d3536,"Gijón, Asturias, Spain",CITY,2026-03-11T14:36:51.503596+00:00,14,G:68H_4LsWfdk,"Daddy Yankee: Bzrp Music Sessions, Vol. 0/66","Bizarrap, Daddy Yankee",6935,https://www.youtube.com/watch?v=qNw8ejrI0nM,61
0xd368c9a60ac1c67:0x3134440ecc5e6224,"Oviedo, Asturias, Spain",CITY,2026-03-11T14:45:04.834346+00:00,16,G:68H_4LsWfdk,"Daddy Yankee: Bzrp Music Sessions, Vol. 0/66","Bizarrap, Daddy Yankee",6318,https://www.youtube.com/watch?v=qNw8ejrI0nM,61
0xd368cfa609eb09d:0xf8b5f32b7dc69e3a,"Asturias, Spain",SUBCOUNTRY,2026-03-11T14:54:46.711500+00:00,14,G:68H_4LsWfdk,"Daddy Yankee: Bzrp Music Sessions, Vol. 0/66","Bizarrap, Daddy Yankee",21652,https://www.youtube.com/watch?v=qNw8ejrI0nM,61
0xd369b638b853ca1:0x2f8943a218606643,"Aviles, Asturias, Spain",CITY,2026-03-11T14:32:34.647080+00:00,20,G:Bi01uv63DGY,Quiero Decirte,"Abraham Mateo, Ana Mena",2123,https://www.youtube.com/watch?v=QRvPuCoTMp0,1
0xd379a90038093f7:0x969e7b06830556a5,"Castile and León, Spain",SUBCOUNTRY,2026-03-11T14:19:51.234318+00:00,15,G:68H_4LsWfdk,"Daddy Yankee: Bzrp Music Sessions, Vol. 0/66","Bizarrap, Daddy Yankee",68026,https://www.youtube.com/watch?v=qNw8ejrI0nM,61
0xd391e3bc094f817:0x3fb3a56a82306b25,"Zamora, Castile and León, Spain",CITY,2026-03-11T15:26:21.517768+00:00,19,G:GKgw3RwLrrI,Potra Salvaje,Isabel Aaiún,1574,https://www.youtube.com/watch?v=CZ-zGADsFSw,1
0xd3a49fb865ea933:0x2c19d977b917f8e0,"Bragança District, Portugal",SUBCOUNTRY,2026-03-11T14:34:13.282031+00:00,20,G:48Ucu5vkbqE,Beijo,"Mickael Carreira, Anselmo Ralph, TOY, Tony Carreira",2619,https://www.youtube.com/watch?v=rh9YVsHpPxQ,1
0xd3f265dc7dd7c45:0x2f7ae4d00bbfa9aa,"Salamanca, Castile and León, Spain",CITY,2026-03-11T15:26:00.907881+00:00,15,G:68H_4LsWfdk,"Daddy Yankee: Bzrp Music Sessions, Vol. 0/66","Bizarrap, Daddy Yankee",5884,https://www.youtube.com/watch?v=qNw8ejrI0nM,61
0xd401c8ed0fe010d:0x1a24f99d9c20899d,"Talavera de la Reina, Castile-La Mancha, Spain",CITY,2026-03-11T14:51:09.242427+00:00,17,G:68H_4LsWfdk,"Daddy Yankee: Bzrp Music Sessions, Vol. 0/66","Bizarrap, Daddy Yankee",2841,https://www.youtube.com/watch?v=qNw8ejrI0nM,61
0xd40f31b5bf84b6b:0xc0f6450ab995ad4a,"Ávila‎, Castile and León, Spain",CITY,2026-03-11T14:32:35.475691+00:00,15,G:xwWu785GSTg,Bailando Bachata,Chayanne,1945,https://www.youtube.com/watch?v=dsLjyLn859g,69
0xd413ee6a93332f9:0x54567221bf13dfb7,"Segovia, Castile and León, Spain",CITY,2026-03-11T14:49:32.957432+00:00,19,G:68H_4LsWfdk,"Daddy Yankee: Bzrp Music Sessions, Vol. 0/66","Bizarrap, Daddy Yankee",2101,https://www.youtube.com/watch?v=qNw8ejrI0nM,61
0xd41817a40e033b9:0x10340f3be4bc880,"Community of Madrid, Spain",SUBCOUNTRY,2026-03-11T14:10:51.550232+00:00,20,G:68H_4LsWfdk,"Daddy Yankee: Bzrp Music Sessions, Vol. 0/66","Bizarrap, Daddy Yankee",397190,https://www.youtube.com/watch?v=qNw8ejrI0nM,61
0xd41892d0db41ee3:0x56cefdbd91fdc2cf,"Alcorcón, Community of Madrid, Spain",CITY,2026-03-11T14:31:55.053143+00:00,18,G:xwWu785GSTg,Bailando Bachata,Chayanne,3964,https://www.youtube.com/watch?v=dsLjyLn859g,69
0xd418a1c0fc4eac9:0xd08f90220cc34cb,"Leganés, Community of Madrid, Spain",CITY,2026-03-11T14:40:05.056719+00:00,20,G:xwWu785GSTg,Bailando Bachata,Chayanne,4785,https://www.youtube.com/watch?v=dsLjyLn859g,69
0xd418ba70dc2a41b:0x70a2373aaadf3b9f,"Fuenlabrada, Community of Madrid, Spain",CITY,2026-03-11T14:36:29.723920+00:00,20,G:68H_4LsWfdk,"Daddy Yankee: Bzrp Music Sessions, Vol. 0/66","Bizarrap, Daddy Yankee",4726,https://www.youtube.com/watch?v=qNw8ejrI0nM,61
0xd418dd5cd83c237:0x1c298bd038d71292,"Móstoles, Community of Madrid, Spain",CITY,2026-03-11T14:40:26.450316+00:00,19,G:68H_4LsWfdk,"Daddy Yankee: Bzrp Music Sessions, Vol. 0/66","Bizarrap, Daddy Yankee",5056,https://www.youtube.com/watch?v=qNw8ejrI0nM,61
0xd41f53999357c7f:0x373b04d561d407e1,"Parla, Community of Madrid, Spain",CITY,2026-03-11T14:45:21.826380+00:00,18,G:xwWu785GSTg,Bailando Bachata,Chayanne,4543,https://www.youtube.com/watch?v=dsLjyLn859g,69
0xd421f7eeb9cb5c9:0xf04b96d431c00e1,"Pinto, Community of Madrid, Spain",CITY,2026-03-11T14:46:23.724832+00:00,18,G:68H_4LsWfdk,"Daddy Yankee: Bzrp Music Sessions, Vol. 0/66","Bizarrap, Daddy Yankee",1511,https://www.youtube.com/watch?v=qNw8ejrI0nM,61
0xd42209a1ebb8201:0x20c3fa90b7e442fc,"Getafe, Community of Madrid, Spain",CITY,2026-03-11T14:36:50.305769+00:00,20,G:Fyc6Eml-UnM,top diesel,Beéle,4679,https://www.youtube.com/watch?v=8H61_9M6IUs,110
0xd422997800a3c81:0xc436dec1618c2269,"Madrid, Community of Madrid, Spain",CITY,2026-03-11T14:10:52.188352+00:00,20,G:XgcNa83-6fs,LOQUITA,"JC Reyes, Slayter",321743,https://www.youtube.com/watch?v=pqx9Ew0Ror0,42
0xd422c5a19ff0af9:0xf46192b7b31372ca,"Alcobendas, Community of Madrid, Spain",CITY,2026-03-11T14:31:53.369982+00:00,15,G:xwWu785GSTg,Bailando Bachata,Chayanne,3573,https://www.youtube.com/watch?v=dsLjyLn859g,69
0xd4230128e2ea901:0x1f970f17650f0b04,"Coslada, Community of Madrid, Spain",CITY,2026-03-11T15:25:14.115266+00:00,10,G:68H_4LsWfdk,"Daddy Yankee: Bzrp Music Sessions, Vol. 0/66","Bizarrap, Daddy Yankee",3776,https://www.youtube.com/watch?v=qNw8ejrI0nM,61
0xd42371b975e66b7:0x4917503ef510ad8e,"Torrejón de Ardoz, Community of Madrid, Spain",CITY,2026-03-11T15:26:12.955566+00:00,19,G:Fyc6Eml-UnM,top diesel,Beéle,4293,https://www.youtube.com/watch?v=8H61_9M6IUs,110
0xd424bd8c669e60b:0x555eb1454b21723,"Alcala de Henares, Community of Madrid, Spain",CITY,2026-03-11T14:31:54.319680+00:00,20,G:68H_4LsWfdk,"Daddy Yankee: Bzrp Music Sessions, Vol. 0/66","Bizarrap, Daddy Yankee",6522,https://www.youtube.com/watch?v=qNw8ejrI0nM,61
0xd43ac63987ff53b:0x800a702e2c07492e,"Guadalajara, Castile-La Mancha, Spain",CITY,2026-03-11T14:37:09.538094+00:00,20,G:xwWu785GSTg,Bailando Bachata,Chayanne,3392,https://www.youtube.com/watch?v=dsLjyLn859g,69
0xd454b924ef7dcbb:0x787ffa5ea69b298e,"La Rioja, Spain",SUBCOUNTRY,2026-03-11T14:18:46.282113+00:00,18,G:68H_4LsWfdk,"Daddy Yankee: Bzrp Music Sessions, Vol. 0/66","Bizarrap, Daddy Yankee",6629,https://www.youtube.com/watch?v=qNw8ejrI0nM,61
0xd45fcbe3dc20327:0xa1f5beab8e71aa1,"Burgos, Castile and León, Spain",CITY,2026-03-11T14:34:43.066263+00:00,14,G:68H_4LsWfdk,"Daddy Yankee: Bzrp Music Sessions, Vol. 0/66","Bizarrap, Daddy Yankee",6273,https://www.youtube.com/watch?v=qNw8ejrI0nM,61
0xd47728c08c66e93:0xb3ff92d41ca26bef,"Valladolid, Castile and León, Spain",CITY,2026-03-11T14:19:45.610375+00:00,19,G:XgcNa83-6fs,LOQUITA,"JC Reyes, Slayter",18560,https://www.youtube.com/watch?v=pqx9Ew0Ror0,42
0xd47b1c905911a11:0x99b988742379a0dd,"Palencia, Castile and León, Spain",CITY,2026-03-11T14:45:11.930114+00:00,18,G:68H_4LsWfdk,"Daddy Yankee: Bzrp Music Sessions, Vol. 0/66","Bizarrap, Daddy Yankee",2662,https://www.youtube.com/watch?v=qNw8ejrI0nM,61
0xd4920db090ebfcb:0x104f58273c9c8d0,"Cantabria, Spain",SUBCOUNTRY,2026-03-11T14:24:48.943251+00:00,13,G:68H_4LsWfdk,"Daddy Yankee: Bzrp Music Sessions, Vol. 0/66","Bizarrap, Daddy Yankee",13151,https://www.youtube.com/watch?v=qNw8ejrI0nM,61
0xd493e72ed01f43d:0xb11dcb6f47adc1a3,"Torrelavega, Cantabria, Spain",CITY,2026-03-11T14:24:51.924625+00:00,11,G:68H_4LsWfdk,"Daddy Yankee: Bzrp Music Sessions, Vol. 0/66","Bizarrap, Daddy Yankee",1835,https://www.youtube.com/watch?v=qNw8ejrI0nM,61
0xd4949ae8a6bee71:0xd27cdc801682ba96,"Santander, Cantabria, Spain",CITY,2026-03-11T14:24:50.967351+00:00,18,G:68H_4LsWfdk,"Daddy Yankee: Bzrp Music Sessions, Vol. 0/66","Bizarrap, Daddy Yankee",5012,https://www.youtube.com/watch?v=qNw8ejrI0nM,61
0xd4e4e27664b89b9:0x6534acc41e95a645,"Bilbao, Basque Country, Spain",CITY,2026-03-11T14:10:57.639635+00:00,16,G:Uajb_vK1Sso,Xiberutikan Mendebaldera (24. Korrika),"Zetak, Maixux Zugarramurdi, Erramun Martikorena",64401,https://www.youtube.com/watch?v=VMlCc4L6hLk,8
0xd4e4ef25ecabe6d:0xffa0d5f535937935,"Basauri, Basque Country, Spain",CITY,2026-03-11T14:32:50.794170+00:00,13,G:j33pfo5CT4E,Омут,Chi-Lli  ,16,https://www.youtube.com/watch?v=iQOGV2P6zdU,1
0xd4e50b7c93c609b:0x404f58273cb9e60,"San Vicente de Barakaldo, Basque Country, Spain",CITY,2026-03-11T14:32:41.993910+00:00,15,G:Uajb_vK1Sso,Xiberutikan Mendebaldera (24. Korrika),"Zetak, Maixux Zugarramurdi, Erramun Martikorena",4506,https://www.youtube.com/watch?v=VMlCc4L6hLk,8
0xd4fc2377d3d8f5b:0x9c6eb78c91ab49c9,"Vitoria-Gasteiz, Basque Country, Spain",CITY,2026-03-11T14:52:05.679845+00:00,1,G:Uajb_vK1Sso,Xiberutikan Mendebaldera (24. Korrika),"Zetak, Maixux Zugarramurdi, Erramun Martikorena",18280,https://www.youtube.com/watch?v=VMlCc4L6hLk,8
0xd4fd1dee354ac6f:0x308230a14ae3bd3c,"Basque Country, Spain",SUBCOUNTRY,2026-03-11T14:10:55.746638+00:00,7,G:Uajb_vK1Sso,Xiberutikan Mendebaldera (24. Korrika),"Zetak, Maixux Zugarramurdi, Erramun Martikorena",145666,https://www.youtube.com/watch?v=VMlCc4L6hLk,8
0xd50928ba31965c7:0x4e6e903632cb2e90,"Pamplona, Navarre, Spain",CITY,2026-03-11T14:45:14.484864+00:00,12,G:Uajb_vK1Sso,Xiberutikan Mendebaldera (24. Korrika),"Zetak, Maixux Zugarramurdi, Erramun Martikorena",16501,https://www.youtube.com/watch?v=VMlCc4L6hLk,8
0xd5092f797c95685:0x1dab19b7d77c8a0e,"Navarre, Spain",SUBCOUNTRY,2026-03-11T14:55:34.599654+00:00,10,G:Uajb_vK1Sso,Xiberutikan Mendebaldera (24. Korrika),"Zetak, Maixux Zugarramurdi, Erramun Martikorena",23386,https://www.youtube.com/watch?v=VMlCc4L6hLk,8
0xd51408b63ded46f:0x9d4bd7d3d9323d5c,"Bayonne, Nouvelle-Aquitaine, France",CITY,2026-03-11T14:32:55.355929+00:00,20,G:JChbmj_IEsI,Coco Chanel,"Meryl, Eva",1217,https://www.youtube.com/watch?v=sbuQWfvihSw,42
0xd51affe3b68fe15:0xe43ec55994864649,"Donostia / San Sebastián, Basque Country, Spain",CITY,2026-03-11T15:26:04.131531+00:00,2,G:Uajb_vK1Sso,Xiberutikan Mendebaldera (24. Korrika),"Zetak, Maixux Zugarramurdi, Erramun Martikorena",16099,https://www.youtube.com/watch?v=VMlCc4L6hLk,8
0xd54a02933785731:0x6bfd3f96c747d9f7,France,COUNTRY,2026-03-11T14:06:15.665108+00:00,17,G:Sfc-yHvXysg,PILIER,Ninho,2985157,https://www.youtube.com/watch?v=dIJuNqS9c3w,62
0xd54d8f9227cb8a3:0x3ace1d334bf95f98,"Pessac, Nouvelle-Aquitaine, France",CITY,2026-03-11T14:45:53.055937+00:00,19,G:VXrDHUmZD3w,Des mythos,Theodora,1714,https://www.youtube.com/watch?v=zhgFR2L2reE,6
0xd54d9dbba8023b7:0x5644bdf5dc811e76,"Mérignac, Nouvelle-Aquitaine, France",CITY,2026-03-11T14:41:29.611140+00:00,17,G:JChbmj_IEsI,Coco Chanel,"Meryl, Eva",1930,https://www.youtube.com/watch?v=sbuQWfvihSw,42
0xd5527e8f751ca81:0x796386037b397a89,"Bordeaux, Nouvelle-Aquitaine, France",CITY,2026-03-11T14:06:16.019879+00:00,12,G:wZVNHdiHeZA,La recette,"JECK, Carla",92229,https://www.youtube.com/watch?v=9kBpbQDZdbQ,20
0xd564885b45c7ae9:0x4066517481394b0,"Pau, Nouvelle-Aquitaine, France",CITY,2026-03-11T14:55:39.223253+00:00,18,G:QlwNM6i8ey0,CIEL,GIMS,1901,https://www.youtube.com/watch?v=KG6ft_YDp5k,68
0xd584449d1d84db5:0x2c8dfd864aa74791,"Huesca, Aragon, Spain",CITY,2026-03-11T14:12:47.974662+00:00,17,G:xwWu785GSTg,Bailando Bachata,Chayanne,1515,https://www.youtube.com/watch?v=dsLjyLn859g,69
0xd5914dd5e618e91:0x49df13f1158489a8,"Zaragoza, Aragon, Spain",CITY,2026-03-11T14:12:47.041099+00:00,19,G:xwWu785GSTg,Bailando Bachata,Chayanne,23157,https://www.youtube.com/watch?v=dsLjyLn859g,69
0xd5914ee3f656ef9:0x20204295f978fd58,"Aragon, Spain",SUBCOUNTRY,2026-03-11T14:12:52.517812+00:00,19,G:xwWu785GSTg,Bailando Bachata,Chayanne,32434,https://www.youtube.com/watch?v=dsLjyLn859g,69
0xd5aab4130b390b1:0xf98252918a168870,"Logroño, La Rioja, Spain",CITY,2026-03-11T14:18:47.143713+00:00,16,G:68H_4LsWfdk,"Daddy Yankee: Bzrp Music Sessions, Vol. 0/66","Bizarrap, Daddy Yankee",4649,https://www.youtube.com/watch?v=qNw8ejrI0nM,61
0xd5d6741369751c3:0x6e81ab6ed08cd292,"Cuenca, Castile-La Mancha, Spain",CITY,2026-03-11T15:25:17.183861+00:00,20,G:68H_4LsWfdk,"Daddy Yankee: Bzrp Music Sessions, Vol. 0/66","Bizarrap, Daddy Yankee",1576,https://www.youtube.com/watch?v=qNw8ejrI0nM,61
0xd5dfc40cd8e310d:0x5f40cbb818310b5d,"Valencian Community, Spain",SUBCOUNTRY,2026-03-11T14:10:55.951781+00:00,17,G:XgcNa83-6fs,LOQUITA,"JC Reyes, Slayter",239460,https://www.youtube.com/watch?v=pqx9Ew0Ror0,42
0xd5e73abeff0fd43:0x29412a3ac541cf0,"Teruel, Aragon, Spain",CITY,2026-03-11T14:12:47.519376+00:00,18,G:xwWu785GSTg,Bailando Bachata,Chayanne,805,https://www.youtube.com/watch?v=dsLjyLn859g,69
0xd5ffe2bb82bc197:0xbf89204be1c64f49,"Castelló de la Plana, Valencian Community, Spain",CITY,2026-03-11T14:35:13.644682+00:00,18,G:nvv6nJynKOE,MVLAN,"YOVNGCHIMI, JC Reyes",5126,https://www.youtube.com/watch?v=7p2hYjsNIg8,104
0xd600725c31d4dc1:0x9c147cedd45f1703,"Vila-real, Valencian Community, Spain",CITY,2026-03-11T14:52:00.378924+00:00,20,G:xwWu785GSTg,Bailando Bachata,Chayanne,1757,https://www.youtube.com/watch?v=dsLjyLn859g,69
0xd604f4cf0efb06f:0xb4a351011f7f1d39,"València, Valencian Community, Spain",CITY,2026-03-11T14:10:55.082748+00:00,16,G:XgcNa83-6fs,LOQUITA,"JC Reyes, Slayter",140707,https://www.youtube.com/watch?v=pqx9Ew0Ror0,42
0xd6051c7fe680011:0xaf232fc62a915f0c,"Torrent, Valencian Community, Spain",CITY,2026-03-11T15:26:13.066174+00:00,8,G:nvv6nJynKOE,MVLAN,"YOVNGCHIMI, JC Reyes",5547,https://www.youtube.com/watch?v=7p2hYjsNIg8,104
0xd61b00a9e6e6bef:0xd7b5683204bd9559,"Alzira, Valencian Community, Spain",CITY,2026-03-11T14:32:03.176141+00:00,16,G:xwWu785GSTg,Bailando Bachata,Chayanne,1864,https://www.youtube.com/watch?v=dsLjyLn859g,69
0xd61e8342d59bcdb:0x841e6f90d6486771,"Gandia, Valencian Community, Spain",CITY,2026-03-11T14:36:38.175216+00:00,20,G:xwWu785GSTg,Bailando Bachata,Chayanne,2575,https://www.youtube.com/watch?v=dsLjyLn859g,69
0xd6204dca62575c3:0x219fa90c0ff26eb5,"Benidorm, Valencian Community, Spain",CITY,2026-03-11T14:33:00.854999+00:00,7,G:iD3DAQ0WzKM,T AMARÉ,"Tony Grox, LUCYCALYS",6418,https://www.youtube.com/watch?v=416gT3MqhOM,7
0xd6235da3b9dab4b:0x1d7da872ac0b81e3,"Alicante, Valencian Community, Spain",CITY,2026-03-11T14:32:01.394308+00:00,10,G:nvv6nJynKOE,MVLAN,"YOVNGCHIMI, JC Reyes",30104,https://www.youtube.com/watch?v=7p2hYjsNIg8,104
0xd631a7cd794aecd:0x14ce33f54754d822,"Region of Murcia, Spain",SUBCOUNTRY,2026-03-11T15:25:43.916667+00:00,19,G:XgcNa83-6fs,LOQUITA,"JC Reyes, Slayter",43490,https://www.youtube.com/watch?v=pqx9Ew0Ror0,42
0xd634222a43ab56d:0x47d790cefef6f9ff,"Cartagena, Region of Murcia, Spain",CITY,2026-03-11T14:35:08.825189+00:00,19,G:XgcNa83-6fs,LOQUITA,"JC Reyes, Slayter",5121,https://www.youtube.com/watch?v=pqx9Ew0Ror0,42
0xd636c47ae5d2247:0xde9c8feba161c7e7,"Torre-Pacheco, Region of Murcia, Spain",CITY,2026-03-11T14:42:17.127803+00:00,18,G:LxexgwMLC0E,LOVE,Clarent,713,https://www.youtube.com/watch?v=N79cL5n_xnc,13
0xd6381f8d5928c7f:0xd627129b38c4ab9a,"Murcia, Region of Murcia, Spain",CITY,2026-03-11T14:42:19.807900+00:00,19,G:68H_4LsWfdk,"Daddy Yankee: Bzrp Music Sessions, Vol. 0/66","Bizarrap, Daddy Yankee",6692,https://www.youtube.com/watch?v=qNw8ejrI0nM,61
0xd6387550389b359:0x1d071fe650088ca5,"Molina de Segura, Region of Murcia, Spain",CITY,2026-03-11T14:30:11.389253+00:00,17,G:xwWu785GSTg,Bailando Bachata,Chayanne,2282,https://www.youtube.com/watch?v=dsLjyLn859g,69
0xd63aa38720ffc79:0xd220b907f2229dc6,"Torrevieja, Valencian Community, Spain",CITY,2026-03-11T15:26:13.819153+00:00,10,G:nvv6nJynKOE,MVLAN,"YOVNGCHIMI, JC Reyes",5901,https://www.youtube.com/watch?v=7p2hYjsNIg8,104
0xd63b42c4ece57a3:0xd9a5de7c6be724dd,"Elx, Valencian Community, Spain",CITY,2026-03-11T14:51:46.231461+00:00,11,G:nvv6nJynKOE,MVLAN,"YOVNGCHIMI, JC Reyes",7578,https://www.youtube.com/watch?v=7p2hYjsNIg8,104
0xd648001c71faba7:0xc2704d00cbc86a05,"Alcantarilla, Region of Murcia, Spain",CITY,2026-03-11T14:31:53.262296+00:00,20,G:Jz6rr4Ku3t8,PENSANDO EN TI,"Los Yakis, Josue Rarujo, Obed Hernández",988,https://www.youtube.com/watch?v=-Q_Mmt1OEqY,18
0xd64e6382d7cb5e1:0xc8867e729b04ca6a,"Lorca, Region of Murcia, Spain",CITY,2026-03-11T14:40:18.060161+00:00,20,G:XgcNa83-6fs,LOQUITA,"JC Reyes, Slayter",2373,https://www.youtube.com/watch?v=pqx9Ew0Ror0,42
0xd665fc0adf9a72b:0x3be1ba931772b6d2,"Castile-La Mancha, Spain",SUBCOUNTRY,2026-03-11T14:54:55.171210+00:00,16,G:XgcNa83-6fs,LOQUITA,"JC Reyes, Slayter",71520,https://www.youtube.com/watch?v=pqx9Ew0Ror0,42
0xd665fe2fb218d15:0x8269cd31d6186180,"Albacete, Castile-La Mancha, Spain",CITY,2026-03-11T14:29:01.458318+00:00,18,G:Jz6rr4Ku3t8,PENSANDO EN TI,"Los Yakis, Josue Rarujo, Obed Hernández",13713,https://www.youtube.com/watch?v=-Q_Mmt1OEqY,18
0xd6a0bad0bb5fdf1:0xc67f5be86a75adfe,"Toledo, Castile-La Mancha, Spain",CITY,2026-03-11T15:26:12.362168+00:00,16,G:XgcNa83-6fs,LOQUITA,"JC Reyes, Slayter",6581,https://www.youtube.com/watch?v=pqx9Ew0Ror0,42
0xd6b8cf10569733d:0xae9769ab22eae004,"Puertollano, Castile-La Mancha, Spain",CITY,2026-03-11T15:25:45.328815+00:00,19,G:GyNdH_k3n1M,6 DE FEBRERO,Aitana,1237,https://www.youtube.com/watch?v=7csX6CfgMoo,1
0xd6bdcb33d97174d:0xefaf23e8b1e79c2b,"Ciudad Real, Castile-La Mancha, Spain",CITY,2026-03-11T15:25:06.872491+00:00,19,G:iD3DAQ0WzKM,T AMARÉ,"Tony Grox, LUCYCALYS",2670,https://www.youtube.com/watch?v=416gT3MqhOM,7
0xd6cdf26f95e0aef:0x4df1d2e8108456c3,"Córdoba, Andalusia, Spain",CITY,2026-03-11T14:24:58.536447+00:00,14,G:UOD-yJfUros,BARRIO FINO,"JC Reyes, Hades66",14434,https://www.youtube.com/watch?v=MYHFEr9tdzc,18
0xd6dd713cb5302c7:0x9cfb2c858b405702,"Jaén, Andalusia, Spain",CITY,2026-03-11T14:39:09.392241+00:00,20,G:LxexgwMLC0E,LOVE,Clarent,4339,https://www.youtube.com/watch?v=N79cL5n_xnc,13
0xd6e9b2e06c12ff1:0x94b7e048506cc0f8,"Linares, Andalusia, Spain",CITY,2026-03-11T14:40:10.599363+00:00,20,G:YFBHNe-Sx_8,Las guapas,Alejandro Sanz,1919,https://www.youtube.com/watch?v=50q7_zNb18Q,6
0xd71fce62d32c27d:0x9258f79dd3600d72,"Granada, Andalusia, Spain",CITY,2026-03-11T15:24:28.863620+00:00,20,G:SwrN-dI-F98,TATAMI,JC Reyes,23609,https://www.youtube.com/watch?v=Un9tffyTUvY,10
0xd7259c44fdb212d:0x6025dc92c9ca32cf,"Málaga, Andalusia, Spain",CITY,2026-03-11T14:10:57.100591+00:00,20,G:SwrN-dI-F98,TATAMI,JC Reyes,67699,https://www.youtube.com/watch?v=Un9tffyTUvY,10
0xd72d809904dabdf:0xe6c9db907b5ecab,"Marbella, Andalusia, Spain",CITY,2026-03-11T15:25:42.436542+00:00,15,G:XgcNa83-6fs,LOQUITA,"JC Reyes, Slayter",7230,https://www.youtube.com/watch?v=pqx9Ew0Ror0,42
0xd72e23e102ffa23:0x2058dc519b1962f4,"Fuengirola, Andalusia, Spain",CITY,2026-03-11T14:36:41.991617+00:00,15,G:XgcNa83-6fs,LOQUITA,"JC Reyes, Slayter",5364,https://www.youtube.com/watch?v=pqx9Ew0Ror0,42
0xd77a7f62be6e41b:0x6f1a80a88febeae,"Nador, Oriental, Morocco",CITY,2026-03-11T14:42:36.634809+00:00,5,G:TVk6QIT1nlc,Namouss - Dhini - ⴷⵉⵏⵉ,Namouss,10760,https://www.youtube.com/watch?v=AEx4bj-RuBs,1
0xd7864984106d6ef:0x1d86b33244c4650,"Oujda, Oriental, Morocco",CITY,2026-03-11T14:55:45.374268+00:00,16,G:OHS_uTXwfHA,Tach,Draganov,25447,https://www.youtube.com/watch?v=9QBwrzff06g,1
0xd7a9e00ecccf2c1:0x8d9da01f8ebc485e,"Almería, Andalusia, Spain",CITY,2026-03-11T14:32:01.741521+00:00,11,G:JN21g-MS6VI,MUCHACHA,"Aissa, Rvfv, Kreamly",10132,https://www.youtube.com/watch?v=Ma-BXYXX-nU,1
0xd7e8a6a28037bd1:0x7140bee3abd7f8a2,Algeria,COUNTRY,2026-03-11T15:26:25.751577+00:00,5,G:Sw88Xm4EIz8,Huracan,Trap King,2752592,https://www.youtube.com/watch?v=uwrh-qzwy3A,1
0xd9cd2f6b8a116c3:0x72333546e69fefa3,"l'Oriental, MA",SUBCOUNTRY,2026-03-11T14:56:21.948813+00:00,18,G:QQNuu4Gj3Is,Glock (feat. Didine Canon 16),Mc Artisan,37182,https://www.youtube.com/watch?v=1t_icmYDV-U,3
0xd9f8b484d445777:0x10e6aaaeedd802ef,"Fes, Fez-Meknès, Morocco",CITY,2026-03-11T15:25:41.050203+00:00,12,G:aJnanZM5pBI,Darba Darba (feat. Badr Ouabi),Mounim Slimani,88078,https://www.youtube.com/watch?v=t9MJoamjYZ0,3
0xda044d23bfc49d1:0xfbbf80a99e4cde18,"Meknes, Fez-Meknès, Morocco",CITY,2026-03-11T14:41:26.919481+00:00,18,G:aJnanZM5pBI,Darba Darba (feat. Badr Ouabi),Mounim Slimani,36120,https://www.youtube.com/watch?v=t9MJoamjYZ0,3
0xda38649419c7fc1:0x6236b3e9a12bafd9,"Beni-Mellal, Béni Mellal-Khenifra, Morocco",CITY,2026-03-11T14:33:02.953262+00:00,17,G:tV9a38ZWiU8,تيكي تاكا,Zina Daoudia,15589,https://www.youtube.com/watch?v=PoEWPKQRruw,1
0xda6055da9429e99:0x3f8d5e95dedefa12,"Settat, Casablanca-Settat, Morocco",CITY,2026-03-11T14:35:12.315976+00:00,20,G:MdLl6EFvENc,Belbala,Douaa Lahyaoui,4371,https://www.youtube.com/watch?v=Zkq5eBi5Slc,3
0xda7575f8a6d8643:0xc7050653c05e128b,"Kenitra, Rabat-Salé-Kénitra, Morocco",CITY,2026-03-11T14:39:25.270515+00:00,20,G:pTG8imuF-rs,Stak Katak,Walid Rehmani,26993,https://www.youtube.com/watch?v=RNfakzXfTVs,1
0xda76b871f50c5c1:0x7ac946ed7408076b,"Rabat, Rabat-Salé-Kénitra, Morocco",CITY,2026-03-11T15:25:46.899526+00:00,20,G:143KsTTsSJ8,BENZEMA,7-TOUN,36683,https://www.youtube.com/watch?v=o4eVwGfoVFk,4
0xda7cd4778aa113b:0xb06c1d84f310fd3,"Casablanca, Casablanca-Settat, Morocco",CITY,2026-03-11T14:35:09.888503+00:00,20,G:KmjEigy_Mic,هواسي,Lbenj,232697,https://www.youtube.com/watch?v=AyGGGN2VFWk,7
0xda91dc1b421fe47:0x307cf87fb6b01a1f,"El Jadida, Casablanca-Settat, Morocco",CITY,2026-03-11T14:35:15.458822+00:00,18,G:quqciE_o81E,SOLIDE,LFERDA,11020,https://www.youtube.com/watch?v=Xz1DmPYCRZU,1
0xdafee8d96179e51:0x5950b6534f87adb8,"Marrakesh, Marrakesh-Safi, Morocco",CITY,2026-03-11T14:41:14.808882+00:00,20,G:Gq1d_Oi4z7A,Habibi,"Duke, Salma Rachid",109702,https://www.youtube.com/watch?v=qcqBbrZx4mE,2
0xdb3b6e9daad1cc9:0xbcf8d0b78bf48474,"Agadir, Souss-Massa, Morocco",CITY,2026-03-11T14:31:51.908414+00:00,18,G:LgBhjuKX4io,Mghayer,ElGrandeToto,50714,https://www.youtube.com/watch?v=eBNWq-bYxWg,1
0xe143e881b1073cf:0xbb3a5be2a0bdcf80,Mali,COUNTRY,2026-03-11T14:53:55.085901+00:00,1,G:1r-DirpQmIs,Fatoucis,Bezy One,648991,https://www.youtube.com/watch?v=iif9OTxRJ_0,3
0xe2dca26d5a6709b:0x27930aed46836dab,Burkina Faso,COUNTRY,2026-03-11T14:54:31.361925+00:00,1,G:7x3o0XjxRLk,Widbo (feat. Francky Degam),Mas B,648569,https://www.youtube.com/watch?v=J-qUmT7Hlvw,3
0xe2e95ecceaa44cd:0x799f67799c743b8b,"Ouagadougou, Centre Region, Burkina Faso",CITY,2026-03-11T14:23:36.750150+00:00,1,G:7x3o0XjxRLk,Widbo (feat. Francky Degam),Mas B,574129,https://www.youtube.com/watch?v=J-qUmT7Hlvw,3
0xe2ebebac3fc25d3:0xaaf6812906fbe664,"Centre Region, Burkina Faso",SUBCOUNTRY,2026-03-11T14:23:33.410799+00:00,1,G:7x3o0XjxRLk,Widbo (feat. Francky Degam),Mas B,575009,https://www.youtube.com/watch?v=J-qUmT7Hlvw,3
0xe51cd1227450a91:0x8d6586b0257f07be,"Bamako Capital District, Mali",SUBCOUNTRY,2026-03-11T15:24:53.755233+00:00,20,G:5IfJxFsofA0,Souhaits,Esco p,124760,https://www.youtube.com/watch?v=0ElVQsqkPsY,1
0xe51cd1227450a91:0x9e3c40e152506015,"Bamako, Bamako Capital District, Mali",CITY,2026-03-11T15:24:53.720180+00:00,1,G:1r-DirpQmIs,Fatoucis,Bezy One,636116,https://www.youtube.com/watch?v=iif9OTxRJ_0,3
0xe80b8c314b3394f:0x83220bebd6be534e,Mauritania,COUNTRY,2026-03-11T14:53:52.798512+00:00,1,G:I1rcCNkAcuU,Balek Ye Roh (feat. Mozbi),Zein Tv Mauritania,105690,https://www.youtube.com/watch?v=KL7HYZqh_0I,2
0xe955655141ee805:0xe91d1d12f36a7e64,"St Louis, SN",SUBCOUNTRY,2026-03-11T14:56:49.912063+00:00,5,G:U4ebYmu7Y_Y,Damalay Bëgg,Jahman X-press,13191,https://www.youtube.com/watch?v=fYmjV5XOl18,4
0xe96526c16ece9bd:0x270005bd53c1e1f9,"Nouakchott, Mauritania",CITY,2026-03-11T15:24:47.217765+00:00,1,G:I1rcCNkAcuU,Balek Ye Roh (feat. Mozbi),Zein Tv Mauritania,103573,https://www.youtube.com/watch?v=KL7HYZqh_0I,2
0xec10b1afcd7b469:0xc48b37cb846bc38f,"Dakar Region, Senegal",SUBCOUNTRY,2026-03-11T15:24:34.503771+00:00,5,G:FHU7G6k7lPw,Kompa,Roseline Layo,667572,https://www.youtube.com/watch?v=E6JKxCgTlKU,4
0xec172f5b3c5bb71:0x5a46a55099615940,Senegal,COUNTRY,2026-03-11T14:54:13.235151+00:00,5,G:FHU7G6k7lPw,Kompa,Roseline Layo,856810,https://www.youtube.com/watch?v=E6JKxCgTlKU,4
0xec172f5b3c5bb71:0xb17c17d92d5db21f,"Dakar, Dakar Region, Senegal",CITY,2026-03-11T15:24:34.125299+00:00,5,G:FHU7G6k7lPw,Kompa,Roseline Layo,481689,https://www.youtube.com/watch?v=E6JKxCgTlKU,4
0xf01b321bcce953f:0xe8737bcbd75a2df6,Guinea,COUNTRY,2026-03-11T15:26:34.749940+00:00,20,G:O5hkPfbh8Vg,My Lover,Samba Junior,22080,https://www.youtube.com/watch?v=LamZfDCzDXg,1
0xf1cd12aa388e129:0x8a66de1569d341d4,"Conakry, Conakry, Guinea",CITY,2026-03-11T14:21:32.818698+00:00,20,G:qF5jD1yZx7c,N'dake Ten,Ab 6ylla,20066,https://www.youtube.com/watch?v=KqcdXJuEfQw,2
0xf1d2a822f91b567:0x31c69cdf9953d0d6,"Conakry, Guinea",SUBCOUNTRY,2026-03-11T14:21:33.521763+00:00,20,G:qF5jD1yZx7c,N'dake Ten,Ab 6ylla,20277,https://www.youtube.com/watch?v=KqcdXJuEfQw,2
0xfc046b6ac65be1d:0xcbaec07a453cdafe,"Lagunes District, Côte d'Ivoire",SUBCOUNTRY,2026-03-11T14:27:35.702593+00:00,14,G:nD3oXupBXrU,I love you,"Dadju, Tayc",929,https://www.youtube.com/watch?v=ozthKn07Ei4,1
0xfc1ea5311959121:0x3fe70ddce19221a6,"Abidjan, Abidjan Autonomous District, Côte d'Ivoire",CITY,2026-03-11T15:24:59.466128+00:00,14,G:nyTzwEyicQM,Les Juges,Josey,388237,https://www.youtube.com/watch?v=IA-aJReoYKk,1
0xfd75acda8dad6c7:0x54d7f230d093d236,Ghana,COUNTRY,2026-03-11T15:26:31.721919+00:00,1,G:oBFU-NMq7is,Ewor Me (feat. Kwabena Kwabena),King Paluta,671200,https://www.youtube.com/watch?v=7JLIK8Fno5o,3
0xfdf9084b2b7a773:0x53c6d6cf4fd80661,"Greater Accra Region, Ghana",SUBCOUNTRY,2026-03-11T14:30:13.026162+00:00,20,G:3R7jciB8gRk,Aso II,Kwabena Kwabena,144585,https://www.youtube.com/watch?v=CScehagPi2I,2
0xfdf9084b2b7a773:0xbed14ed8650e2dd3,"Accra, Greater Accra Region, Ghana",CITY,2026-03-11T14:30:15.613613+00:00,20,G:3R7jciB8gRk,Aso II,Kwabena Kwabena,142895,https://www.youtube.com/watch?v=CScehagPi2I,2
